election_year,election_type,election_state,constituency,constituency_no,serial_no,candidate,party,evm_votes,postal_votes
2022,Assembly,UP,BEHAT,1,1,Umar Ali Khan,Samajwadi Party,134396,117
2022,Assembly,UP,BEHAT,1,2,Naresh Saini,Bharatiya Janata Party,96389,244
2022,Assembly,UP,BEHAT,1,3,Poonam Kamboj,Indian National Congress,1626,6
2022,Assembly,UP,BEHAT,1,4,Rais Malik,Bahujan Samaj Party,45010,65
2022,Assembly,UP,BEHAT,1,5,Sushil Kumar,Aam Aadmi Party,1161,1
2022,Assembly,UP,BEHAT,1,6,Ali Khan,Independent,409,0
2022,Assembly,UP,BEHAT,1,7,Mo. IKram,Independent,271,1
2022,Assembly,UP,BEHAT,1,8,Dharampal Singh,Independent,560,0
2022,Assembly,UP,BEHAT,1,9,NOTA,None of the Above,1116,1
2022,Assembly,UP,NAKUR,2,1,DR. DHARAM SINGH SAINI,Samajwadi Party,103616,183
2022,Assembly,UP,NAKUR,2,2,MUKESH CHOUDHARY,Bharatiya Janata Party,103771,343
2022,Assembly,UP,NAKUR,2,3,RANDHEER SINGH,Indian National Congress,1353,1
2022,Assembly,UP,NAKUR,2,4,SAHIL KHAN,Bahujan Samaj Party,55032,80
2022,Assembly,UP,NAKUR,2,5,ATUL KUMAR,Inqalab Vikas Dal,420,0
2022,Assembly,UP,NAKUR,2,6,ASHISH TYAGI,Aam Aadmi Party,239,1
2022,Assembly,UP,NAKUR,2,7,DEVENDRA CHAUHAN,Aamjan Ekta Party,218,0
2022,Assembly,UP,NAKUR,2,8,NAHID LATIF,Lok Dal,209,0
2022,Assembly,UP,NAKUR,2,9,NITIN KUMAR,Jai Maha Bharath Party,266,1
2022,Assembly,UP,NAKUR,2,10,RIZWANA,All India Majlis-E-Ittehadul Muslimeen,3591,2
2022,Assembly,UP,NAKUR,2,11,SONU KUMAR,Aazad Samaj Party (Kanshi Ram),614,2
2022,Assembly,UP,NAKUR,2,12,NOTA,None of the Above,710,0
2022,Assembly,UP,SAHARANPUR NAGAR,3,1,Manish,Bahujan Samaj Party,8680,96
2022,Assembly,UP,SAHARANPUR NAGAR,3,2,RAJEEV GUMBER,Bharatiya Janata Party,142294,901
2022,Assembly,UP,SAHARANPUR NAGAR,3,3,SUKHWINDER KAUR,Indian National Congress,2246,10
2022,Assembly,UP,SAHARANPUR NAGAR,3,4,SANJAY GARG,Samajwadi Party,135314,447
2022,Assembly,UP,SAHARANPUR NAGAR,3,5,AVTAR SINGH,Akhand Bharat Vikas Party,398,0
2022,Assembly,UP,SAHARANPUR NAGAR,3,6,USMAN MALIK,Aam Aadmi Party,286,1
2022,Assembly,UP,SAHARANPUR NAGAR,3,7,KAMROODDIN,Sanyukt Vikas Party,168,0
2022,Assembly,UP,SAHARANPUR NAGAR,3,8,MANSOOR AHMED,Aazad Samaj Party (Kanshi Ram),692,3
2022,Assembly,UP,SAHARANPUR NAGAR,3,9,RITA,Bahujan Mukti Party,360,0
2022,Assembly,UP,SAHARANPUR NAGAR,3,10,SALLOUDEEN RAJA,Lok Dal,153,0
2022,Assembly,UP,SAHARANPUR NAGAR,3,11,PULKIT THAKRAL,Independent,103,1
2022,Assembly,UP,SAHARANPUR NAGAR,3,12,SANJAY KUMAR,Independent,205,1
2022,Assembly,UP,SAHARANPUR NAGAR,3,13,NOTA,None of the Above,747,6
2022,Assembly,UP,SAHARANPUR,4,1,Ajab Singh,Bahujan Samaj Party,62354,283
2022,Assembly,UP,SAHARANPUR,4,2,Ashu Malik,Samajwadi Party,106716,291
2022,Assembly,UP,SAHARANPUR,4,3,JAGPAL SINGH,Bharatiya Janata Party,75956,306
2022,Assembly,UP,SAHARANPUR,4,4,SANDEEP KUMAR,Indian National Congress,1212,5
2022,Assembly,UP,SAHARANPUR,4,5,QURBAN,Aazad Samaj Party (Kanshi Ram),1760,4
2022,Assembly,UP,SAHARANPUR,4,6,Margoob,All India Majlis-E-Ittehadul Muslimeen,8179,8
2022,Assembly,UP,SAHARANPUR,4,7,MEWA LAL,Bharatrashtra Democratic Party,78,0
2022,Assembly,UP,SAHARANPUR,4,8,Yogesh Dahiya,Aam Aadmi Party,474,2
2022,Assembly,UP,SAHARANPUR,4,9,RIYASAT,Aamjan Ekta Party,191,0
2022,Assembly,UP,SAHARANPUR,4,10,VAHID ALI KHAN,Log Party,126,0
2022,Assembly,UP,SAHARANPUR,4,11,PINKI KUMARI,Independent,84,0
2022,Assembly,UP,SAHARANPUR,4,12,RAJITA,Independent,177,0
2022,Assembly,UP,SAHARANPUR,4,13,LOKESH KUMAR,Independent,349,0
2022,Assembly,UP,SAHARANPUR,4,14,SHABREJ,Independent,377,0
2022,Assembly,UP,SAHARANPUR,4,15,NOTA,None of the Above,922,1
2022,Assembly,UP,DEOBAND,5,1,Kartikey Rana,Samajwadi Party,86511,275
2022,Assembly,UP,DEOBAND,5,2,BRIJESH,Bharatiya Janata Party,93478,412
2022,Assembly,UP,DEOBAND,5,3,CHOUDHARY RAJENDRA SINGH,Bahujan Samaj Party,52526,206
2022,Assembly,UP,DEOBAND,5,4,RAHAT KHALIL,Indian National Congress,1095,1
2022,Assembly,UP,DEOBAND,5,5,UMAIR MADANI,All India Majlis-E-Ittehadul Muslimeen,3500,1
2022,Assembly,UP,DEOBAND,5,6,JAHEER,Jansatta Party,264,0
2022,Assembly,UP,DEOBAND,5,7,NAUSHAD,Sanyukt Vikas Party,488,0
2022,Assembly,UP,DEOBAND,5,8,PRAVEEN KUMAR DHIMAN,Aam Aadmi Party,241,2
2022,Assembly,UP,DEOBAND,5,9,YOGESH PRATAP SINGH,Aazad Samaj Party (Kanshi Ram),1844,4
2022,Assembly,UP,DEOBAND,5,10,VIJENDRA,Independent,616,0
2022,Assembly,UP,DEOBAND,5,11,NOTA,None of the Above,727,2
2022,Assembly,UP,GANGOH,7,1,ASHOK KUMAR SAINI,Indian National Congress,1922,14
2022,Assembly,UP,GANGOH,7,2,INDER SAIN,Samajwadi Party,92860,273
2022,Assembly,UP,GANGOH,7,3,KIRAT SINGH,Bharatiya Janata Party,116052,530
2022,Assembly,UP,GANGOH,7,4,NOMAN MASOOD,Bahujan Samaj Party,54937,141
2022,Assembly,UP,GANGOH,7,5,MAUSAM ALI RANA,Aazad Samaj Party (Kanshi Ram),2615,2
2022,Assembly,UP,GANGOH,7,6,VAKAR AZHAR,Bahujan Mukti Party,364,0
2022,Assembly,UP,GANGOH,7,7,RAJVEER,Independent,274,2
2022,Assembly,UP,GANGOH,7,8,NOTA,None of the Above,604,0
2022,Assembly,UP,SHAMLI,10,1,Tejendra Singh,Bharatiya Janata Party,95243,720
2022,Assembly,UP,SHAMLI,10,2,Persann Kumar,Rashtriya Lok Dal,102504,566
2022,Assembly,UP,SHAMLI,10,3,Bijendra,Bahujan Samaj Party,8150,33
2022,Assembly,UP,SHAMLI,10,4,Mohmmad Ayub Jang,Indian National Congress,771,9
2022,Assembly,UP,SHAMLI,10,5,Bijendra,Aam Aadmi Party,258,0
2022,Assembly,UP,SHAMLI,10,6,Sunita Devi,Sarvjan Lok Shakti Party,436,3
2022,Assembly,UP,SHAMLI,10,7,Ajay,Independent,96,2
2022,Assembly,UP,SHAMLI,10,8,Asim,Independent,641,1
2022,Assembly,UP,SHAMLI,10,9,Dhurendar Singh,Independent,221,1
2022,Assembly,UP,SHAMLI,10,10,Lalit Kumar,Independent,498,0
2022,Assembly,UP,SHAMLI,10,11,NOTA,None of the Above,797,2
2022,Assembly,UP,BUDHANA,11,1,Anees,Bahujan Samaj Party,10360,37
2022,Assembly,UP,BUDHANA,11,2,Umesh Malik,Bharatiya Janata Party,102094,689
2022,Assembly,UP,BUDHANA,11,3,Devendra Kumar,Indian National Congress,2439,13
2022,Assembly,UP,BUDHANA,11,4,Rajpal Singh Baliyan,Rashtriya Lok Dal,130516,577
2022,Assembly,UP,BUDHANA,11,5,Devendra Malik Pahalwan,Aam Aadmi Party,1032,9
2022,Assembly,UP,BUDHANA,11,6,Captain Neel Kumar,Jai Samta Party,243,0
2022,Assembly,UP,BUDHANA,11,7,Bheem Singh,All India Majlis-E-Ittehadul Muslimeen,2629,4
2022,Assembly,UP,BUDHANA,11,8,Saleem,Aazad Samaj Party (Kanshi Ram),2096,3
2022,Assembly,UP,BUDHANA,11,9,Anu Kumar,Independent,809,1
2022,Assembly,UP,BUDHANA,11,10,Arvind Kumar,Independent,321,1
2022,Assembly,UP,BUDHANA,11,11,Rajendra Kumar,Independent,681,0
2022,Assembly,UP,BUDHANA,11,12,NOTA,None of the Above,1067,3
2022,Assembly,UP,CHARTHAWAL,12,1,Pankaj Kumar Malik,Samajwadi Party,97068,295
2022,Assembly,UP,CHARTHAWAL,12,2,Yasmeen Rao,Indian National Congress,956,9
2022,Assembly,UP,CHARTHAWAL,12,3,Sapna Kashyap,Bharatiya Janata Party,91649,380
2022,Assembly,UP,CHARTHAWAL,12,4,Salman Sayeed,Bahujan Samaj Party,25070,61
2022,Assembly,UP,CHARTHAWAL,12,5,Kapil Kumar,Rashtriya Samaj Paksha,366,1
2022,Assembly,UP,CHARTHAWAL,12,6,Tarun Singh,Aazad Samaj Party (Kanshi Ram),671,3
2022,Assembly,UP,CHARTHAWAL,12,7,Tahir Husain Ansari,All India Majlis-E-Ittehadul Muslimeen,3232,2
2022,Assembly,UP,CHARTHAWAL,12,8,Yawar Roshan,Aam Aadmi Party,95,2
2022,Assembly,UP,CHARTHAWAL,12,9,Sangeeta,Jai Samta Party,125,0
2022,Assembly,UP,CHARTHAWAL,12,10,Ajay Kashyap,Independent,207,1
2022,Assembly,UP,CHARTHAWAL,12,11,Abhishek,Independent,337,0
2022,Assembly,UP,CHARTHAWAL,12,12,Chanderveer,Independent,435,0
2022,Assembly,UP,CHARTHAWAL,12,13,Saleem Malik,Independent,347,0
2022,Assembly,UP,CHARTHAWAL,12,14,NOTA,None of the Above,874,4
2022,Assembly,UP,PURQAZI,13,1,Anil Kumar,Rashtriya Lok Dal,92327,345
2022,Assembly,UP,PURQAZI,13,2,Deepak Kumar,Indian National Congress,1749,13
2022,Assembly,UP,PURQAZI,13,3,Pramod Utwal,Bharatiya Janata Party,85687,453
2022,Assembly,UP,PURQAZI,13,4,Surendra Pal Singh,Bahujan Samaj Party,27700,78
2022,Assembly,UP,PURQAZI,13,5,Anil Kumar,Aam Aadmi Party,586,6
2022,Assembly,UP,PURQAZI,13,6,Uma Kiran,Aazad Samaj Party (Kanshi Ram),2314,7
2022,Assembly,UP,PURQAZI,13,7,Kavita,Bahujan Mukti Party,688,1
2022,Assembly,UP,PURQAZI,13,8,Sunita,Majdoor Kisan Union Party,327,0
2022,Assembly,UP,PURQAZI,13,9,Neelam Devi,Independent,646,0
2022,Assembly,UP,PURQAZI,13,10,Mukesh Kumar,Independent,884,0
2022,Assembly,UP,PURQAZI,13,11,Suneel Kumar,Independent,353,0
2022,Assembly,UP,PURQAZI,13,12,NOTA,None of the Above,918,3
2022,Assembly,UP,KHATAULI,15,1,KARTAR SINGH BHADANA,Bahujan Samaj Party,31269,143
2022,Assembly,UP,KHATAULI,15,2,GAURAV KUMAR URF GAURAV BHATI,Indian National Congress,1199,10
2022,Assembly,UP,KHATAULI,15,3,RAJPAL SINGH SAINI,Rashtriya Lok Dal,83975,331
2022,Assembly,UP,KHATAULI,15,4,VIKRAM SINGH,Bharatiya Janata Party,100144,507
2022,Assembly,UP,KHATAULI,15,5,BABLU RAM,Bharatiya Sarvodaya Kranti Party,594,1
2022,Assembly,UP,KHATAULI,15,6,MANOJ PANWAR,Aazad Samaj Party (Kanshi Ram),842,1
2022,Assembly,UP,KHATAULI,15,7,RAJU BHATIA,Pichhra Samaj Party,235,0
2022,Assembly,UP,KHATAULI,15,8,SELU,Shiv Sena,537,0
2022,Assembly,UP,KHATAULI,15,9,PRAMOD ARYA,Independent,545,0
2022,Assembly,UP,KHATAULI,15,10,YAJPAL SINGH RATHI,Independent,601,0
2022,Assembly,UP,KHATAULI,15,11,SATYAVEER SINGH,Independent,211,0
2022,Assembly,UP,KHATAULI,15,12,NOTA,None of the Above,822,2
2022,Assembly,UP,MEERAPUR,16,1,Chandan Chauhan,Rashtriya Lok Dal,107124,297
2022,Assembly,UP,MEERAPUR,16,2,JAMIL AHMAD,Indian National Congress,1252,6
2022,Assembly,UP,MEERAPUR,16,3,PRASHANT CHAUDHARY,Bharatiya Janata Party,79693,348
2022,Assembly,UP,MEERAPUR,16,4,MO. SALIM,Bahujan Samaj Party,23733,64
2022,Assembly,UP,MEERAPUR,16,5,UMESH,Aazad Samaj Party (Kanshi Ram),1624,4
2022,Assembly,UP,MEERAPUR,16,6,PRAVEZ ALAM,Rashtriya Samaj Dal (R),143,0
2022,Assembly,UP,MEERAPUR,16,7,KM. PRITI,Rashtra Nirman Party,307,2
2022,Assembly,UP,MEERAPUR,16,8,AMIT KUMAR,Independent,251,1
2022,Assembly,UP,MEERAPUR,16,9,MADAN PAL,Independent,283,0
2022,Assembly,UP,MEERAPUR,16,10,SHAH ALAM,Independent,410,0
2022,Assembly,UP,MEERAPUR,16,11,HEM LATA,Independent,260,2
2022,Assembly,UP,MEERAPUR,16,12,NOTA,None of the Above,886,2
2022,Assembly,UP,NAJIBABAD,17,1,TASLEEM AHMAD,Samajwadi Party,102321,354
2022,Assembly,UP,NAJIBABAD,17,2,RAJA BHARATENDRA SINGH,Bharatiya Janata Party,78518,387
2022,Assembly,UP,NAJIBABAD,17,3,MOHD SALEEM ANSARI,Indian National Congress,1953,5
2022,Assembly,UP,NAJIBABAD,17,4,SHAHNAWAZ ALAM,Bahujan Samaj Party,44595,132
2022,Assembly,UP,NAJIBABAD,17,5,MO. UMAR,Gareeb Kranti Party,434,1
2022,Assembly,UP,NAJIBABAD,17,6,MOHD DANISH,Aazad Samaj Party (Kanshi Ram),571,4
2022,Assembly,UP,NAJIBABAD,17,7,BEGRAJ,Rashtriya mahan Gantantra Party,207,1
2022,Assembly,UP,NAJIBABAD,17,8,BHUPENDRA SINGH,Ambedkar Samaj Party,193,0
2022,Assembly,UP,NAJIBABAD,17,9,SHARVAN RAJPUT,Aam Aadmi Party,416,6
2022,Assembly,UP,NAJIBABAD,17,10,OM PRAKASH,Independent,357,0
2022,Assembly,UP,NAJIBABAD,17,11,SHAHNAWAZ,Independent,311,0
2022,Assembly,UP,NAJIBABAD,17,12,HAMID HUSAIN,Independent,476,1
2022,Assembly,UP,NAJIBABAD,17,13,NOTA,None of the Above,1368,4
2022,Assembly,UP,BARHAPUR,19,1,AHASAN ALI,Indian National Congress,1446,6
2022,Assembly,UP,BARHAPUR,19,2,KAPIL KUMAR,Samajwadi Party,85377,378
2022,Assembly,UP,BARHAPUR,19,3,KUNWAR SUSHANT SINGH,Bharatiya Janata Party,99657,443
2022,Assembly,UP,BARHAPUR,19,4,MOHAMMED GHAZI,Bahujan Samaj Party,46445,193
2022,Assembly,UP,BARHAPUR,19,5,IJAHAR,Aazad Samaj Party (Kanshi Ram),855,2
2022,Assembly,UP,BARHAPUR,19,6,KHOOB SINGH,Pichhra Samaj Party,252,1
2022,Assembly,UP,BARHAPUR,19,7,CHANDRAPAL,Loktanter Suraksha Party,670,1
2022,Assembly,UP,BARHAPUR,19,8,NIRMAL MISHRA,Aam Aadmi Party,433,5
2022,Assembly,UP,BARHAPUR,19,9,PADAM SINGH,Jan Adhikar Party,288,0
2022,Assembly,UP,BARHAPUR,19,10,MOHIUDDIN ANSARI,All India Majlis-E-Ittehadul Muslimeen,1017,2
2022,Assembly,UP,BARHAPUR,19,11,RAJIYA,Bhartiya Jan Samman Party,333,4
2022,Assembly,UP,BARHAPUR,19,12,HIRDESH KUMAR,Peoples Party of India (Democratic),791,1
2022,Assembly,UP,BARHAPUR,19,13,ANIL KUMAR,Independent,858,0
2022,Assembly,UP,BARHAPUR,19,14,SHABNAM NAZ,Independent,453,0
2022,Assembly,UP,BARHAPUR,19,15,NOTA,None of the Above,848,1
2022,Assembly,UP,NEHTAUR,21,1,OMKUMAR,Bharatiya Janata Party,77441,494
2022,Assembly,UP,NEHTAUR,21,2,PRIYA SINGH,Bahujan Samaj Party,37801,219
2022,Assembly,UP,NEHTAUR,21,3,MEENAKSHI,Indian National Congress,1337,6
2022,Assembly,UP,NEHTAUR,21,4,MUNSHIRAM,Rashtriya Lok Dal,77199,478
2022,Assembly,UP,NEHTAUR,21,5,ALOK KUMAR,Aazad Samaj Party (Kanshi Ram),1334,4
2022,Assembly,UP,NEHTAUR,21,6,OMKAR SINGH,Rashtrawadi Janlok Party (Satya),400,1
2022,Assembly,UP,NEHTAUR,21,7,GITA,Ambedkar Samaj Party,356,1
2022,Assembly,UP,NEHTAUR,21,8,DILAWAR,Peoples Party of India (Democratic),449,2
2022,Assembly,UP,NEHTAUR,21,9,PRATAP SINGH,Bhartiya Damitjan Party,556,0
2022,Assembly,UP,NEHTAUR,21,10,VISHAL KUMAR,Aam Aadmi Party,325,6
2022,Assembly,UP,NEHTAUR,21,11,RISHIPAL,Independent,448,0
2022,Assembly,UP,NEHTAUR,21,12,NOTA,None of the Above,1054,3
2022,Assembly,UP,BIJNOR,22,1,Neeraj Chaudhary,Rashtriya Lok Dal,94990,730
2022,Assembly,UP,BIJNOR,22,2,Ruchi Vira,Bahujan Samaj Party,51611,424
2022,Assembly,UP,BIJNOR,22,3,Suchi,Bharatiya Janata Party,96310,855
2022,Assembly,UP,BIJNOR,22,4,Amiruddin,Bhartiya Jan Samman Party,658,3
2022,Assembly,UP,BIJNOR,22,5,Gaurav Kumar,Peoples Party of India (Democratic),609,7
2022,Assembly,UP,BIJNOR,22,6,Mamun Ul Haq Urf Adil Naeem,Aazad Samaj Party (Kanshi Ram),495,5
2022,Assembly,UP,BIJNOR,22,7,Munir Ahmed,All India Majlis-E-Ittehadul Muslimeen,2282,8
2022,Assembly,UP,BIJNOR,22,8,Vineet,Aam Aadmi Party,391,8
2022,Assembly,UP,BIJNOR,22,9,Archana Chaudhary,Independent,211,1
2022,Assembly,UP,BIJNOR,22,10,Udai Veer Singh,Independent,199,0
2022,Assembly,UP,BIJNOR,22,11,Umesh Chand,Independent,328,0
2022,Assembly,UP,BIJNOR,22,12,Jitendra Kumar,Independent,382,0
2022,Assembly,UP,BIJNOR,22,13,Mohan Lal,Independent,521,0
2022,Assembly,UP,BIJNOR,22,14,NOTA,None of the Above,1107,7
2022,Assembly,UP,CHANDPUR,23,1,UDAY TYAGI,Indian National Congress,1468,16
2022,Assembly,UP,CHANDPUR,23,2,KAMLESH SAINI,Bharatiya Janata Party,89845,443
2022,Assembly,UP,CHANDPUR,23,3,SHAKEEL AHMAD,Bahujan Samaj Party,37214,145
2022,Assembly,UP,CHANDPUR,23,4,SWAMI OMVESH,Samajwadi Party,90034,488
2022,Assembly,UP,CHANDPUR,23,5,AJAY PAL SINGH,Peoples Party of India (Democratic),754,1
2022,Assembly,UP,CHANDPUR,23,6,KRISHAN KUMAR,Aazad Samaj Party (Kanshi Ram),343,2
2022,Assembly,UP,CHANDPUR,23,7,MANOJ KUMAR,Aam Aadmi Party,363,1
2022,Assembly,UP,CHANDPUR,23,8,YASIR ARAFAT,All India Majlis-E-Ittehadul Muslimeen,1583,3
2022,Assembly,UP,CHANDPUR,23,9,RAVINDRANATH TYAGI,Independent,391,0
2022,Assembly,UP,CHANDPUR,23,10,VIJAY PAL SINGH,Independent,426,0
2022,Assembly,UP,CHANDPUR,23,11,NOTA,None of the Above,853,1
2022,Assembly,UP,NOORPUR,24,1,CHANDRAPRAKASH SINGH,Bharatiya Janata Party,86097,412
2022,Assembly,UP,NOORPUR,24,2,JIYAUDDIN,Bahujan Samaj Party,31146,154
2022,Assembly,UP,NOORPUR,24,3,BALA,Indian National Congress,886,2
2022,Assembly,UP,NOORPUR,24,4,RAM AVATAR SINGH,Samajwadi Party,92129,445
2022,Assembly,UP,NOORPUR,24,5,JAHAN ARA,Samajwadi Andolan Party,539,2
2022,Assembly,UP,NOORPUR,24,6,RAVENDRA KUMAR,Bhartiya Damitjan Party,148,0
2022,Assembly,UP,NOORPUR,24,7,ROVIN KUMAR SHARMA,Aam Aadmi Party,254,5
2022,Assembly,UP,NOORPUR,24,8,ATUL KUMAR,Independent,226,1
2022,Assembly,UP,NOORPUR,24,9,AMIT KUMAR SINGH,Independent,263,1
2022,Assembly,UP,NOORPUR,24,10,NAYYAR JAHAN,Independent,313,0
2022,Assembly,UP,NOORPUR,24,11,NOTA,None of the Above,945,1
2022,Assembly,UP,KANTH,25,1,Afaq Ali Khan,Bahujan Samaj Party,36178,163
2022,Assembly,UP,KANTH,25,2,Mohd Israr,Indian National Congress,1466,4
2022,Assembly,UP,KANTH,25,3,Kamal Akhtar,Samajwadi Party,134181,511
2022,Assembly,UP,KANTH,25,4,Rajesh Kumar Singh,Bharatiya Janata Party,91053,461
2022,Assembly,UP,KANTH,25,5,Kailash Kumar Saini,Loktanter Suraksha Party,2205,3
2022,Assembly,UP,KANTH,25,6,Tirilok Chandra Diwaker,Aam Aadmi Party,279,6
2022,Assembly,UP,KANTH,25,7,Nar Singh Saini,Jan Adhikar Party,202,2
2022,Assembly,UP,KANTH,25,8,Nadir Ali Mansoori,Peace Party,156,0
2022,Assembly,UP,KANTH,25,9,Rajesh Kumar,Rashtriya Samaj Paksha,437,1
2022,Assembly,UP,KANTH,25,10,Raisuddin,All India Majlis-E-Ittehadul Muslimeen,2885,1
2022,Assembly,UP,KANTH,25,11,Mohd Aslam,Independent,276,1
2022,Assembly,UP,KANTH,25,12,Omkar Singh,Independent,847,9
2022,Assembly,UP,KANTH,25,13,Dushyant Singh,Independent,455,0
2022,Assembly,UP,KANTH,25,14,Mujfafar Khan,Independent,743,0
2022,Assembly,UP,KANTH,25,15,Humaira Akhtar,Independent,283,0
2022,Assembly,UP,KANTH,25,16,NOTA,None of the Above,1031,0
2022,Assembly,UP,THAKURDWARA,26,1,AJAY PRATAP SINGH,Bharatiya Janata Party,113999,708
2022,Assembly,UP,THAKURDWARA,26,2,NAVAB JAN,Samajwadi Party,133784,607
2022,Assembly,UP,THAKURDWARA,26,3,MUJAHID ALI,Bahujan Samaj Party,22041,122
2022,Assembly,UP,THAKURDWARA,26,4,SALMA AAGA,Indian National Congress,1499,9
2022,Assembly,UP,THAKURDWARA,26,5,JALALUDDIN,Aazad Samaj Party (Kanshi Ram),353,2
2022,Assembly,UP,THAKURDWARA,26,6,SHAH FAISAL ANSARI,Aam Aadmi Party,317,2
2022,Assembly,UP,THAKURDWARA,26,7,SURAJ SINGH,Rashtriya Samanta Dal,166,0
2022,Assembly,UP,THAKURDWARA,26,8,ABID,Independent,154,1
2022,Assembly,UP,THAKURDWARA,26,9,MOHD JAVED,Independent,363,0
2022,Assembly,UP,THAKURDWARA,26,10,SHAHNAWAJ,Independent,420,0
2022,Assembly,UP,THAKURDWARA,26,11,NOTA,None of the Above,1054,7
2022,Assembly,UP,MORADABAD RURAL,27,1,AKEEL CHOUDHARY,Bahujan Samaj Party,13504,94
2022,Assembly,UP,MORADABAD RURAL,27,2,HAJI IKRAM QURESHI,Indian National Congress,2588,7
2022,Assembly,UP,MORADABAD RURAL,27,3,MOHD NASIR,Samajwadi Party,142972,365
2022,Assembly,UP,MORADABAD RURAL,27,4,K K MISRA,Bharatiya Janata Party,86124,393
2022,Assembly,UP,MORADABAD RURAL,27,5,AKRAM,Aazad Samaj Party (Kanshi Ram),474,1
2022,Assembly,UP,MORADABAD RURAL,27,6,AYYOOB,Peace Party,112,0
2022,Assembly,UP,MORADABAD RURAL,27,7,ISHRAT ALI,Aam Aadmi Party,271,1
2022,Assembly,UP,MORADABAD RURAL,27,8,MOHID FARGANI,All India Majlis-E-Ittehadul Muslimeen,2376,4
2022,Assembly,UP,MORADABAD RURAL,27,9,VIVEK KUMAR BHATNAGAR,Lok Janshakti Party(Ram Vilas),158,1
2022,Assembly,UP,MORADABAD RURAL,27,10,SHISHUPAL SINGH,SOCIALIST UNITY CENTRE OF INDIA (COMMUNIST),141,0
2022,Assembly,UP,MORADABAD RURAL,27,11,SHEESHPAL,Nagrik Ekta Party,364,0
2022,Assembly,UP,MORADABAD RURAL,27,12,KAMAL KAPOOR,Independent,714,0
2022,Assembly,UP,MORADABAD RURAL,27,13,LUBNA SUHEL,Independent,243,0
2022,Assembly,UP,MORADABAD RURAL,27,14,NOTA,None of the Above,1068,3
2022,Assembly,UP,KUNDARKI,29,1,KAMAL KUMAR,Bharatiya Janata Party,82467,163
2022,Assembly,UP,KUNDARKI,29,2,ZIA UR REHMAN,Samajwadi Party,125465,327
2022,Assembly,UP,KUNDARKI,29,3,DARAKSHA BEGUM,Indian National Congress,1715,1
2022,Assembly,UP,KUNDARKI,29,4,MOHD. RIZWAN,Bahujan Samaj Party,42645,97
2022,Assembly,UP,KUNDARKI,29,5,JABIR HUSAIN,Aam Aadmi Party,975,2
2022,Assembly,UP,KUNDARKI,29,6,MOHD. VARISH,All India Majlis-E-Ittehadul Muslimeen,14248,3
2022,Assembly,UP,KUNDARKI,29,7,VIPIN KUMAR,Shiv Sena,350,0
2022,Assembly,UP,KUNDARKI,29,8,FAIZAN,Independent,246,0
2022,Assembly,UP,KUNDARKI,29,9,MUSLIM AHMAD,Independent,441,0
2022,Assembly,UP,KUNDARKI,29,10,MOHD. RIZWAN,Independent,297,1
2022,Assembly,UP,KUNDARKI,29,11,SHAHNAWAZ,Independent,555,0
2022,Assembly,UP,KUNDARKI,29,12,NOTA,None of the Above,1786,1
2022,Assembly,UP,CHANDAUSI,31,1,GULAB DEBI,Bharatiya Janata Party,112395,495
2022,Assembly,UP,CHANDAUSI,31,2,MITHLESH KUMARI,Indian National Congress,1588,7
2022,Assembly,UP,CHANDAUSI,31,3,RAN VIJAY SINGH,Bahujan Samaj Party,30335,146
2022,Assembly,UP,CHANDAUSI,31,4,KM VIMLESH KUMARI,Samajwadi Party,76975,548
2022,Assembly,UP,CHANDAUSI,31,5,ANIL BABU,Rashtriya Parivartan Dal,711,1
2022,Assembly,UP,CHANDAUSI,31,6,RAVINDRA KUMAR,Aazad Samaj Party (Kanshi Ram),347,2
2022,Assembly,UP,CHANDAUSI,31,7,SACHIN KUMAR,Aam Aadmi Party,665,2
2022,Assembly,UP,CHANDAUSI,31,8,Tejpal,Independent,175,2
2022,Assembly,UP,CHANDAUSI,31,9,MANJU,Independent,586,3
2022,Assembly,UP,CHANDAUSI,31,10,RAJESH,Independent,579,2
2022,Assembly,UP,CHANDAUSI,31,11,VIJAY PAL,Independent,310,1
2022,Assembly,UP,CHANDAUSI,31,12,NOTA,None of the Above,2054,5
2022,Assembly,UP,ASMOLI,32,1,PINKI SINGH,Samajwadi Party,111270,382
2022,Assembly,UP,ASMOLI,32,2,MARGHOOB ALAM,Indian National Congress,1506,5
2022,Assembly,UP,ASMOLI,32,3,RAFATULLA,Bahujan Samaj Party,42439,73
2022,Assembly,UP,ASMOLI,32,4,HARENDRA KUMAR,Bharatiya Janata Party,86228,218
2022,Assembly,UP,ASMOLI,32,5,ANJU,Aam Aadmi Party,813,2
2022,Assembly,UP,ASMOLI,32,6,SHAKEEL AHMED,All India Majlis-E-Ittehadul Muslimeen,13019,5
2022,Assembly,UP,ASMOLI,32,7,GUFRAN KHAN,Independent,207,0
2022,Assembly,UP,ASMOLI,32,8,TAUFEEQ,Independent,264,0
2022,Assembly,UP,ASMOLI,32,9,NAVKESH,Independent,654,1
2022,Assembly,UP,ASMOLI,32,10,PAVAN KUMAR,Independent,493,0
2022,Assembly,UP,ASMOLI,32,11,MAHAVEER,Independent,785,0
2022,Assembly,UP,ASMOLI,32,12,NOTA,None of the Above,1787,1
2022,Assembly,UP,SAMBHAL,33,1,IQBAL MEHMOOD,Samajwadi Party,106653,420
2022,Assembly,UP,SAMBHAL,33,2,NIDA AHMAD,Indian National Congress,2251,5
2022,Assembly,UP,SAMBHAL,33,3,RAJESH SINGHAL,Bharatiya Janata Party,65165,211
2022,Assembly,UP,SAMBHAL,33,4,SHAKIL AHAMAD,Bahujan Samaj Party,44388,55
2022,Assembly,UP,SAMBHAL,33,5,MOHD. KASHIF KHAN,Aam Aadmi Party,453,2
2022,Assembly,UP,SAMBHAL,33,6,ZAHID,Shiv Sena,257,0
2022,Assembly,UP,SAMBHAL,33,7,MOHAMMAD MUSHIR KHAN TARIN,All India Majlis-E-Ittehadul Muslimeen,21464,6
2022,Assembly,UP,SAMBHAL,33,8,AJAY KUMAR,Independent,581,0
2022,Assembly,UP,SAMBHAL,33,9,IQBAL,Independent,742,0
2022,Assembly,UP,SAMBHAL,33,10,ANSHUL,Independent,708,1
2022,Assembly,UP,SAMBHAL,33,11,SABOOR HUSAIN,Independent,287,0
2022,Assembly,UP,SAMBHAL,33,12,NOTA,None of the Above,1201,3
2022,Assembly,UP,SUAR,34,1,Adhyapak Shanker Lal,Bahujan Samaj Party,14963,72
2022,Assembly,UP,SUAR,34,2,Mohammad Abdullah Azam Khan,Samajwadi Party,125797,365
2022,Assembly,UP,SUAR,34,3,Ram Raksha Pal Singh Alias Raja Thakur,Indian National Congress,1134,5
2022,Assembly,UP,SUAR,34,4,Arshad Warsi,Minorities Democratic Party,594,2
2022,Assembly,UP,SUAR,34,5,Mohd Asif,Aam Aadmi Party,779,1
2022,Assembly,UP,SUAR,34,6,Jagpal Singh,Pichhra Samaj Party,639,3
2022,Assembly,UP,SUAR,34,7,Haidar Ali Khan Alias Hamza Mian,Apna Dal (Soneylal),64913,146
2022,Assembly,UP,SUAR,34,8,Ikram Hussain,Independent,1337,1
2022,Assembly,UP,SUAR,34,9,Monis Khan,Independent,774,0
2022,Assembly,UP,SUAR,34,10,Shiv Prasad,Independent,602,2
2022,Assembly,UP,SUAR,34,11,NOTA,None of the Above,1024,7
2022,Assembly,UP,CHAMRAUA,35,1,Abdul Mustafa Husain,Bahujan Samaj Party,10298,68
2022,Assembly,UP,CHAMRAUA,35,2,Ali Yusuf Ali,Indian National Congress,18188,25
2022,Assembly,UP,CHAMRAUA,35,3,Naseer Ahmad Khan,Samajwadi Party,100573,403
2022,Assembly,UP,CHAMRAUA,35,4,Mohan Kumar Lodhi,Bharatiya Janata Party,66528,158
2022,Assembly,UP,CHAMRAUA,35,5,Jitender Kumar,Sabka Dal United,677,2
2022,Assembly,UP,CHAMRAUA,35,6,Zubair,Jagrook Janta Party,196,0
2022,Assembly,UP,CHAMRAUA,35,7,Zulfiqar Ali Turk,Aam Aadmi Party,419,4
2022,Assembly,UP,CHAMRAUA,35,8,Akhilesh Kumar,Independent,271,0
2022,Assembly,UP,CHAMRAUA,35,9,Kripal Singh,Independent,330,1
2022,Assembly,UP,CHAMRAUA,35,10,Faheem Ahmed,Independent,893,0
2022,Assembly,UP,CHAMRAUA,35,11,Rajpal,Independent,586,0
2022,Assembly,UP,CHAMRAUA,35,12,NOTA,None of the Above,981,0
2022,Assembly,UP,BILASPUR,36,1,Amarjeet Singh,Samajwadi Party,101297,394
2022,Assembly,UP,BILASPUR,36,2,Baldev Singh Aulakh,Bharatiya Janata Party,101799,199
2022,Assembly,UP,BILASPUR,36,3,Ramautar Kashyap,Bahujan Samaj Party,18806,64
2022,Assembly,UP,BILASPUR,36,4,Sanjay Kapoor,Indian National Congress,9761,53
2022,Assembly,UP,BILASPUR,36,5,Jagdish Saran Patel,Janata Dal  (United),520,2
2022,Assembly,UP,BILASPUR,36,6,Nirmal Singh,Aam Aadmi Party,389,2
2022,Assembly,UP,BILASPUR,36,7,Boopram,Bharatiya Subhash Sena,228,1
2022,Assembly,UP,BILASPUR,36,8,Om Radheshyam Lodhi,Independent,221,0
2022,Assembly,UP,BILASPUR,36,9,Krishan Kant Parmeshwari,Independent,624,0
2022,Assembly,UP,BILASPUR,36,10,Harjeet Singh,Independent,701,1
2022,Assembly,UP,BILASPUR,36,11,NOTA,None of the Above,1196,1
2022,Assembly,UP,RAMPUR,37,1,Akash Saxena (Honey),Bharatiya Janata Party,75666,418
2022,Assembly,UP,RAMPUR,37,2,Mohammad Azam Khan,Samajwadi Party,130528,697
2022,Assembly,UP,RAMPUR,37,3,Nawab Kazim Ali Khan,Indian National Congress,3990,10
2022,Assembly,UP,RAMPUR,37,4,Sadaqat Hussain,Bahujan Samaj Party,4888,52
2022,Assembly,UP,RAMPUR,37,5,Faisal Khan,Aam Aadmi Party,1805,12
2022,Assembly,UP,RAMPUR,37,6,Javed Khan,Independent,197,0
2022,Assembly,UP,RAMPUR,37,7,Habib Ul Zafar Khan,Independent,326,0
2022,Assembly,UP,RAMPUR,37,8,NOTA,None of the Above,1167,1
2022,Assembly,UP,DHANAURA,39,1,RAJEEV KUMAR,Bharatiya Janata Party,102505,549
2022,Assembly,UP,DHANAURA,39,2,VIVEK SINGH,Samajwadi Party,91065,564
2022,Assembly,UP,DHANAURA,39,3,SAMAR PAL SINGH,Indian National Congress,1376,9
2022,Assembly,UP,DHANAURA,39,4,HARPAL SINGH,Bahujan Samaj Party,43760,214
2022,Assembly,UP,DHANAURA,39,5,GITA RANI,All India Majlis-E-Ittehadul Muslimeen,938,3
2022,Assembly,UP,DHANAURA,39,6,MAHESH,Bahujan Mukti Party,205,0
2022,Assembly,UP,DHANAURA,39,7,JASWANT SINGH,Independent,362,0
2022,Assembly,UP,DHANAURA,39,8,PRAMOD KUMAR,Independent,267,1
2022,Assembly,UP,DHANAURA,39,9,RAJENDRI URF UMA DEVI,Independent,190,0
2022,Assembly,UP,DHANAURA,39,10,SUSHEEL KUMAR MAURYA,Independent,512,1
2022,Assembly,UP,DHANAURA,39,11,NOTA,None of the Above,1171,5
2022,Assembly,UP,AMROHA,41,1,MEHBOOB ALI,Samajwadi Party,127865,870
2022,Assembly,UP,AMROHA,41,2,MOHAMMED NAVED AYAZ,Bahujan Samaj Party,34405,180
2022,Assembly,UP,AMROHA,41,3,RAM SINGH,Bharatiya Janata Party,57289,410
2022,Assembly,UP,AMROHA,41,4,SALEEM KHAN,Indian National Congress,830,16
2022,Assembly,UP,AMROHA,41,5,MOH. AHSAN,Pachchasi Parivartan Samaj Party,202,0
2022,Assembly,UP,AMROHA,41,6,ISLAM,Aam Aadmi Party,407,6
2022,Assembly,UP,AMROHA,41,7,SHIVKUMAR,Aazad Samaj Party (Kanshi Ram),226,0
2022,Assembly,UP,AMROHA,41,8,AKBAR ALI,Independent,237,0
2022,Assembly,UP,AMROHA,41,9,SHAKINA,Independent,236,0
2022,Assembly,UP,AMROHA,41,10,NOTA,None of the Above,968,3
2022,Assembly,UP,HASANPUR,42,1,AASIM SABRI,Indian National Congress,1728,6
2022,Assembly,UP,HASANPUR,42,2,PHIRERAM,Bahujan Samaj Party,36078,72
2022,Assembly,UP,HASANPUR,42,3,MAHENDRA,Bharatiya Janata Party,119841,294
2022,Assembly,UP,HASANPUR,42,4,MUKHYA GURJAR,Samajwadi Party,97400,353
2022,Assembly,UP,HASANPUR,42,5,ABRAR AHMAD,Aazad Samaj Party (Kanshi Ram),1075,1
2022,Assembly,UP,HASANPUR,42,6,AMAR SINGH,Aam Aadmi Party,500,1
2022,Assembly,UP,HASANPUR,42,7,AHTESHAM RZA HASHMI,All India Majlis-E-Ittehadul Muslimeen,4961,11
2022,Assembly,UP,HASANPUR,42,8,OMKAR,Lok Dal,203,0
2022,Assembly,UP,HASANPUR,42,9,KAMAL SINGH,Rashtriya Parivartan Dal,259,1
2022,Assembly,UP,HASANPUR,42,10,ABDUL KHALIQ,Naki Bharatiya Ekta Party,596,0
2022,Assembly,UP,HASANPUR,42,11,VIKAR AHMAD,Vikas India Party,707,0
2022,Assembly,UP,HASANPUR,42,12,ANGOORI,Independent,1650,1
2022,Assembly,UP,HASANPUR,42,13,SURAJ,Independent,1906,1
2022,Assembly,UP,HASANPUR,42,14,NOTA,None of the Above,1279,0
2022,Assembly,UP,SIWALKHAS,43,1,GHULAM MOHAMMAD,Rashtriya Lok Dal,101346,403
2022,Assembly,UP,SIWALKHAS,43,2,JAGDISH PRASAD,Indian National Congress,1559,18
2022,Assembly,UP,SIWALKHAS,43,3,MANINDER PAL,Bharatiya Janata Party,91975,592
2022,Assembly,UP,SIWALKHAS,43,4,MUKRRAM ALI URF NANHE KHATUN,Bahujan Samaj Party,29850,108
2022,Assembly,UP,SIWALKHAS,43,5,AMIT JANI,All India Forward Bloc,1621,9
2022,Assembly,UP,SIWALKHAS,43,6,KULDEEP,Aam Aadmi Party,284,5
2022,Assembly,UP,SIWALKHAS,43,7,JAGBIR SINGH,Bhartiya Janta Dal,147,2
2022,Assembly,UP,SIWALKHAS,43,8,TEHZEEB,India Janshakti Party,180,1
2022,Assembly,UP,SIWALKHAS,43,9,BHUPENDRA SINGH,Aazad Samaj Party (Kanshi Ram),632,1
2022,Assembly,UP,SIWALKHAS,43,10,RAFAT,All India Majlis-E-Ittehadul Muslimeen,3017,2
2022,Assembly,UP,SIWALKHAS,43,11,NASIM,Independent,698,0
2022,Assembly,UP,SIWALKHAS,43,12,SUBHASH,Independent,287,1
2022,Assembly,UP,SIWALKHAS,43,13,NOTA,None of the Above,928,1
2022,Assembly,UP,SARDHANA,44,1,Atul Pradhan,Samajwadi Party,118047,526
2022,Assembly,UP,SARDHANA,44,2,Syed Rehanuddin,Indian National Congress,2129,15
2022,Assembly,UP,SARDHANA,44,3,Sangeet Singh Som,Bharatiya Janata Party,99887,486
2022,Assembly,UP,SARDHANA,44,4,Sanjeev Dhama,Bahujan Samaj Party,18075,65
2022,Assembly,UP,SARDHANA,44,5,Zeeshan Alam,All India Majlis-E-Ittehadul Muslimeen,1459,0
2022,Assembly,UP,SARDHANA,44,6,Devendra,Jan Adhikar Party,163,0
2022,Assembly,UP,SARDHANA,44,7,Ramesh Chand,Pichhra Samaj Party,254,1
2022,Assembly,UP,SARDHANA,44,8,Sanjay,Aam Aadmi Party,229,3
2022,Assembly,UP,SARDHANA,44,9,Daya Chand,Independent,202,1
2022,Assembly,UP,SARDHANA,44,10,Devendra,Independent,551,0
2022,Assembly,UP,SARDHANA,44,11,Vinod Soam,Independent,230,0
2022,Assembly,UP,SARDHANA,44,12,NOTA,None of the Above,880,3
2022,Assembly,UP,HASTINAPUR,45,1,Archana Gautam,Indian National Congress,1500,19
2022,Assembly,UP,HASTINAPUR,45,2,Dinesh,Bharatiya Janata Party,107002,585
2022,Assembly,UP,HASTINAPUR,45,3,Yogesh Verma,Samajwadi Party,99827,448
2022,Assembly,UP,HASTINAPUR,45,4,Sanjeev Kumar,Bahujan Samaj Party,14176,64
2022,Assembly,UP,HASTINAPUR,45,5,Anmol,Aam Aadmi Party,375,4
2022,Assembly,UP,HASTINAPUR,45,6,Mamta,Bhartiya Veer Dal,392,0
2022,Assembly,UP,HASTINAPUR,45,7,Vinod Kumar,All India Majlis-E-Ittehadul Muslimeen,4282,8
2022,Assembly,UP,HASTINAPUR,45,8,Himanshu Siddharth,Aazad Samaj Party (Kanshi Ram),922,1
2022,Assembly,UP,HASTINAPUR,45,9,NOTA,None of the Above,666,5
2022,Assembly,UP,KITHORE,46,1,KUSHAL PAL MAVI,Bahujan Samaj Party,31089,124
2022,Assembly,UP,KITHORE,46,2,BABITA GURJAR,Indian National Congress,1580,9
2022,Assembly,UP,KITHORE,46,3,SHAHID MANZOOR,Samajwadi Party,106791,313
2022,Assembly,UP,KITHORE,46,4,SATYAVIR TYAGI,Bharatiya Janata Party,104403,521
2022,Assembly,UP,KITHORE,46,5,MOHD. ANAS,Aazad Samaj Party (Kanshi Ram),868,2
2022,Assembly,UP,KITHORE,46,6,ZAID,Naki Bharatiya Ekta Party,500,0
2022,Assembly,UP,KITHORE,46,7,TASLEEM AHMAD,All India Majlis-E-Ittehadul Muslimeen,4831,2
2022,Assembly,UP,KITHORE,46,8,RAJESH GIRI,Bhartiya Janta Dal,154,1
2022,Assembly,UP,KITHORE,46,9,RAHUL KUMAR,Aam Aadmi Party,287,5
2022,Assembly,UP,KITHORE,46,10,SANJEEV KUMAR,Lok Jan Shakti Party,187,0
2022,Assembly,UP,KITHORE,46,11,CHANDRA VISHAL TYAGI,Independent,397,0
2022,Assembly,UP,KITHORE,46,12,DAUD,Bharatiya Jan Jagriti Party,601,0
2022,Assembly,UP,KITHORE,46,13,PAWAN SHARMA,Independent,291,1
2022,Assembly,UP,KITHORE,46,14,NOTA,None of the Above,912,0
2022,Assembly,UP,MEERUT CANTT.,47,1,AMIT AGARWAL,Bharatiya Janata Party,160921,1111
2022,Assembly,UP,MEERUT CANTT.,47,2,AMIT SHARMA,Bahujan Samaj Party,28257,262
2022,Assembly,UP,MEERUT CANTT.,47,3,AVNISH KAJLA,Indian National Congress,5058,38
2022,Assembly,UP,MEERUT CANTT.,47,4,MANISHA AHLAWAT,Rashtriya Lok Dal,43395,565
2022,Assembly,UP,MEERUT CANTT.,47,5,UPENDRA KUMAR,Apni Janta Party,436,2
2022,Assembly,UP,MEERUT CANTT.,47,6,OM PRAKASH KANIK,Peoples Party of India (Democratic),254,2
2022,Assembly,UP,MEERUT CANTT.,47,7,DEEPAK SIROHI,Shiv Sena,157,0
2022,Assembly,UP,MEERUT CANTT.,47,8,PAWAN KUMAR DHIMAN,Nyay Party,254,2
2022,Assembly,UP,MEERUT CANTT.,47,9,MADAN SINGH MAAN,Aam Aadmi Party,1249,8
2022,Assembly,UP,MEERUT CANTT.,47,10,RAKESH PARJAPATI,Rashtriya Samaj Paksha,216,2
2022,Assembly,UP,MEERUT CANTT.,47,11,DR.SUDHIR AGRAWAL,Samagra Vikas Party,233,0
2022,Assembly,UP,MEERUT CANTT.,47,12,DEEPAK SAINI,Independent,243,0
2022,Assembly,UP,MEERUT CANTT.,47,13,RAJIV KUMAR,Independent,753,0
2022,Assembly,UP,MEERUT CANTT.,47,14,NOTA,None of the Above,1069,6
2022,Assembly,UP,MEERUT SOUTH,49,1,Mohd Adil,Samajwadi Party,121368,357
2022,Assembly,UP,MEERUT SOUTH,49,2,Dilshad Ali,Bahujan Samaj Party,39685,172
2022,Assembly,UP,MEERUT SOUTH,49,3,Nafees,Indian National Congress,2332,14
2022,Assembly,UP,MEERUT SOUTH,49,4,Dr. Somendra Singh Tomar,Bharatiya Janata Party,129021,646
2022,Assembly,UP,MEERUT SOUTH,49,5,Afzal,Sabse Achchhi Party,476,0
2022,Assembly,UP,MEERUT SOUTH,49,6,Omdutt,Aam Aadmi Party,792,5
2022,Assembly,UP,MEERUT SOUTH,49,7,Rajuddin Gadrey,Bahujan Mukti Party,465,1
2022,Assembly,UP,MEERUT SOUTH,49,8,Shakeel Ahmad,Naki Bharatiya Ekta Party,683,0
2022,Assembly,UP,MEERUT SOUTH,49,9,Mukesh,Independent,492,1
2022,Assembly,UP,MEERUT SOUTH,49,10,Sandeep Chaudhary,Independent,330,3
2022,Assembly,UP,MEERUT SOUTH,49,11,Harish Chand,Independent,410,1
2022,Assembly,UP,MEERUT SOUTH,49,12,NOTA,None of the Above,1136,3
2022,Assembly,UP,CHHAPRAULI,50,1,Ajay Kumar,Rashtriya Lok Dal,110940,940
2022,Assembly,UP,CHHAPRAULI,50,2,Mohd. Yunus,Indian National Congress,1222,17
2022,Assembly,UP,CHHAPRAULI,50,3,Sahender Singh Ramala,Bharatiya Janata Party,81357,1015
2022,Assembly,UP,CHHAPRAULI,50,4,Sahik,Bahujan Samaj Party,9740,34
2022,Assembly,UP,CHHAPRAULI,50,5,Anees,All India Majlis-E-Ittehadul Muslimeen,1352,1
2022,Assembly,UP,CHHAPRAULI,50,6,Kaptan,Akhil Bhartiya Lok Dal,233,2
2022,Assembly,UP,CHHAPRAULI,50,7,Chandrapal,Indian Nationalist Alliance Party (India),258,1
2022,Assembly,UP,CHHAPRAULI,50,8,Naresh,Bhartiya Tarak Samaj Party,267,4
2022,Assembly,UP,CHHAPRAULI,50,9,Dr. Rajendra Khokhar,Aam Aadmi Party,496,12
2022,Assembly,UP,CHHAPRAULI,50,10,Satveer Kashyap,Vikassheel Insaan Party,758,1
2022,Assembly,UP,CHHAPRAULI,50,11,Ajay Kumar,Independent,366,2
2022,Assembly,UP,CHHAPRAULI,50,12,NOTA,None of the Above,883,3
2022,Assembly,UP,BARAUT,51,1,ANKIT SHAMAR,Bahujan Samaj Party,11183,61
2022,Assembly,UP,BARAUT,51,2,KRISHAN PAL MALIK,Bharatiya Janata Party,90067,864
2022,Assembly,UP,BARAUT,51,3,JAIVEER,Rashtriya Lok Dal,89872,744
2022,Assembly,UP,BARAUT,51,4,RAHUL KUMAR,Indian National Congress,1840,9
2022,Assembly,UP,BARAUT,51,5,SUDHIR,Aam Aadmi Party,699,10
2022,Assembly,UP,BARAUT,51,6,RENU BALA,Independent,294,4
2022,Assembly,UP,BARAUT,51,7,NOTA,None of the Above,574,5
2022,Assembly,UP,BAGHPAT,52,1,Anil,Indian National Congress,1214,15
2022,Assembly,UP,BAGHPAT,52,2,Arun Kasana,Bahujan Samaj Party,12804,59
2022,Assembly,UP,BAGHPAT,52,3,Mohd Ahmed Hameed,Rashtriya Lok Dal,94224,463
2022,Assembly,UP,BAGHPAT,52,4,Yogesh Dhama,Bharatiya Janata Party,100639,781
2022,Assembly,UP,BAGHPAT,52,5,Naveen Kumar,Aam Aadmi Party,998,6
2022,Assembly,UP,BAGHPAT,52,6,Parmod Kumar Goswami,Secular Inqlab Party,181,0
2022,Assembly,UP,BAGHPAT,52,7,Rasid,Peace Party,197,0
2022,Assembly,UP,BAGHPAT,52,8,Vinod Kumar,Indian Nationalist Alliance Party (India),219,0
2022,Assembly,UP,BAGHPAT,52,9,Maharaj Singh,Independent,353,1
2022,Assembly,UP,BAGHPAT,52,10,Renu,Independent,869,0
2022,Assembly,UP,BAGHPAT,52,11,Vinay Kasana,Independent,514,1
2022,Assembly,UP,BAGHPAT,52,12,NOTA,None of the Above,572,2
2022,Assembly,UP,LONI,53,1,AKIL,Bahujan Samaj Party,25676,41
2022,Assembly,UP,LONI,53,2,NANDKISHOR,Bharatiya Janata Party,127222,188
2022,Assembly,UP,LONI,53,3,MADAN BHAIYA,Rashtriya Lok Dal,118512,222
2022,Assembly,UP,LONI,53,4,MOHD YAMIN MALIK,Indian National Congress,2044,5
2022,Assembly,UP,LONI,53,5,AMIT KUMAR,Hindusthan Nirman Dal,1944,2
2022,Assembly,UP,LONI,53,6,JAI PRAKASH DUBE,Subhashwadi Bhartiya Samajwadi Party (Subhas Party),240,0
2022,Assembly,UP,LONI,53,7,DILSHAD,Rashtriya Samaj Paksha,606,1
2022,Assembly,UP,LONI,53,8,MEHTAB,All India Majlis-E-Ittehadul Muslimeen,3211,3
2022,Assembly,UP,LONI,53,9,SACHIN KUMAR SHARMA,Aam Aadmi Party,6319,5
2022,Assembly,UP,LONI,53,10,RANJITA DHAMA,Independent,27255,34
2022,Assembly,UP,LONI,53,11,NOTA,None of the Above,1565,0
2022,Assembly,UP,MURADNAGAR,54,1,Ajit Pal Tyagi,Bharatiya Janata Party,168282,1008
2022,Assembly,UP,MURADNAGAR,54,2,Ayyuv Khan,Bahujan Samaj Party,20402,187
2022,Assembly,UP,MURADNAGAR,54,3,Vijendra Yadav,Indian National Congress,6984,71
2022,Assembly,UP,MURADNAGAR,54,4,Surendra Kumar Munni,Rashtriya Lok Dal,71594,601
2022,Assembly,UP,MURADNAGAR,54,5,Prerna Solanki,Nyay Party,963,8
2022,Assembly,UP,MURADNAGAR,54,6,Manoj Kumar Sharma (Hodia),Subhashwadi Bhartiya Samajwadi Party (Subhas Party),301,6
2022,Assembly,UP,MURADNAGAR,54,7,Mahesh Tyagi,Aam Aadmi Party,2204,13
2022,Assembly,UP,MURADNAGAR,54,8,Rajkumar Tyagi,Vijay Bharat Party,199,0
2022,Assembly,UP,MURADNAGAR,54,9,Prabhat Kumar Sharma,Independent,178,2
2022,Assembly,UP,MURADNAGAR,54,10,Lalit Mohan Tyagi,Independent,322,0
2022,Assembly,UP,MURADNAGAR,54,11,NOTA,None of the Above,1356,8
2022,Assembly,UP,SAHIBABAD,55,1,AJIT KUMAR PAL,Bahujan Samaj Party,24021,115
2022,Assembly,UP,SAHIBABAD,55,2,AMARPAL SHARMA,Samajwadi Party,107759,288
2022,Assembly,UP,SAHIBABAD,55,3,SUNIL KUMAR SHARMA,Bharatiya Janata Party,322045,837
2022,Assembly,UP,SAHIBABAD,55,4,SANGEETA TYAGI,Indian National Congress,10240,33
2022,Assembly,UP,SAHIBABAD,55,5,ANIMA OJHA,Right to Recall Party,296,0
2022,Assembly,UP,SAHIBABAD,55,6,CHHAVI YADAV,Aam Aadmi Party,6944,21
2022,Assembly,UP,SAHIBABAD,55,7,BHUPENDRA NATH,Jan Adhikar Party,310,0
2022,Assembly,UP,SAHIBABAD,55,8,MANMOHAN JHA,All India Majlis-E-Ittehadul Muslimeen,4304,1
2022,Assembly,UP,SAHIBABAD,55,9,SUJIT TIWARI,Subhashwadi Bhartiya Samajwadi Party (Subhas Party),438,0
2022,Assembly,UP,SAHIBABAD,55,10,SMT. GEETANJALI,Independent,557,0
2022,Assembly,UP,SAHIBABAD,55,11,VIJAY KUMAR,Independent,532,0
2022,Assembly,UP,SAHIBABAD,55,12,NOTA,None of the Above,2930,15
2022,Assembly,UP,GHAZIABAD,56,1,Atul Garg,Bharatiya Janata Party,149841,364
2022,Assembly,UP,GHAZIABAD,56,2,Krishan Kumar,Bahujan Samaj Party,32554,137
2022,Assembly,UP,GHAZIABAD,56,3,Vishal Verma,Samajwadi Party,44452,216
2022,Assembly,UP,GHAZIABAD,56,4,SUSHANT GOYAL,Indian National Congress,11778,40
2022,Assembly,UP,GHAZIABAD,56,5,Naresh Kumar,Rashtriya Samaj Paksha,250,0
2022,Assembly,UP,GHAZIABAD,56,6,Nimit,Aam Aadmi Party,1871,8
2022,Assembly,UP,GHAZIABAD,56,7,Pradeep Kumar Pathak,Subhashwadi Bhartiya Samajwadi Party (Subhas Party),153,0
2022,Assembly,UP,GHAZIABAD,56,8,RAKESH SURI,Right to Recall Party,94,0
2022,Assembly,UP,GHAZIABAD,56,9,Amit Sharma,Independent,150,0
2022,Assembly,UP,GHAZIABAD,56,10,Ashutosh Gupta,Independent,143,0
2022,Assembly,UP,GHAZIABAD,56,11,Pintu Singh,Independent,753,1
2022,Assembly,UP,GHAZIABAD,56,12,Rajnish Kumar Thakur,Independent,116,0
2022,Assembly,UP,GHAZIABAD,56,13,Rani Dev Shree,Independent,330,1
2022,Assembly,UP,GHAZIABAD,56,14,Sudhir Kumar,Independent,276,0
2022,Assembly,UP,GHAZIABAD,56,15,NOTA,None of the Above,1233,5
2022,Assembly,UP,MODI NAGAR,57,1,NEERAJ KUMARI,Indian National Congress,2062,11
2022,Assembly,UP,MODI NAGAR,57,2,DR. POONAM GARG,Bahujan Samaj Party,26621,108
2022,Assembly,UP,MODI NAGAR,57,3,DR. MANJU SHIWACH,Bharatiya Janata Party,112859,490
2022,Assembly,UP,MODI NAGAR,57,4,SUDESH SHARMA,Rashtriya Lok Dal,78266,464
2022,Assembly,UP,MODI NAGAR,57,5,VIJAY,Bahujan Mukti Party,720,2
2022,Assembly,UP,MODI NAGAR,57,6,HARINDRA KUMAR SHARMA,Aam Aadmi Party,1055,15
2022,Assembly,UP,MODI NAGAR,57,7,ANIL,Independent,325,0
2022,Assembly,UP,MODI NAGAR,57,8,NOTA,None of the Above,866,3
2022,Assembly,UP,DHAULANA,58,1,ASLAM ALI,Samajwadi Party,112132,268
2022,Assembly,UP,DHAULANA,58,2,DHARMESH SINGH TOMAR,Bharatiya Janata Party,124443,585
2022,Assembly,UP,DHAULANA,58,3,CHANDRA MOHAN,Aam Aadmi Party,666,7
2022,Assembly,UP,DHAULANA,58,4,BASID,Bahujan Samaj Party,32873,126
2022,Assembly,UP,DHAULANA,58,5,BRIJESH KORI,Swatantra Jantaraj Party,166,0
2022,Assembly,UP,DHAULANA,58,6,PRAMOD,Independent,553,1
2022,Assembly,UP,DHAULANA,58,7,ARIF,All India Majlis-E-Ittehadul Muslimeen,3517,3
2022,Assembly,UP,DHAULANA,58,8,ARVIND SHARMA,Indian National Congress,2247,19
2022,Assembly,UP,DHAULANA,58,9,KULDEEP,Independent,598,2
2022,Assembly,UP,DHAULANA,58,10,KEERTY PRATAP SINGH,Independent,413,1
2022,Assembly,UP,DHAULANA,58,11,ASAMA,Independent,147,0
2022,Assembly,UP,DHAULANA,58,12,NAZIM,Jan Adhikar Party,111,0
2022,Assembly,UP,DHAULANA,58,13,TRIVEDI,Nagrik Chetna Party,185,0
2022,Assembly,UP,DHAULANA,58,14,NOTA,None of the Above,948,2
2022,Assembly,UP,HAPUR,59,1,GAJRAJ SINGH,Rashtriya Lok Dal,90377,451
2022,Assembly,UP,HAPUR,59,2,BHAVNA,Indian National Congress,3171,24
2022,Assembly,UP,HAPUR,59,3,MANISH SINGH,Bahujan Samaj Party,50523,228
2022,Assembly,UP,HAPUR,59,4,VIJAYPAL (AADHTI),Bharatiya Janata Party,97310,552
2022,Assembly,UP,HAPUR,59,5,KIRAN PAL,Bahujan Mukti Party,469,2
2022,Assembly,UP,HAPUR,59,6,DHARMENDRA,Bhartiya Janta Dal,171,2
2022,Assembly,UP,HAPUR,59,7,Dr B P NILARATNA,Aazad Samaj Party (Kanshi Ram),559,1
2022,Assembly,UP,HAPUR,59,8,VEERPAL SINGH,Aam Aadmi Party,324,5
2022,Assembly,UP,HAPUR,59,9,KAPIL KUMAR,Independent,203,1
2022,Assembly,UP,HAPUR,59,10,KAILASHCHAND,Independent,333,2
2022,Assembly,UP,HAPUR,59,11,CHANDRAPAL  SINGH,Independent,618,0
2022,Assembly,UP,HAPUR,59,12,SANJEEV GANDHI,Independent,311,0
2022,Assembly,UP,HAPUR,59,13,NOTA,None of the Above,925,5
2022,Assembly,UP,GARHMUKTESHWAR,60,1,ABHA CHAUDHARY,Indian National Congress,1636,10
2022,Assembly,UP,GARHMUKTESHWAR,60,2,MADAN CHAUHAN,Bahujan Samaj Party,43715,214
2022,Assembly,UP,GARHMUKTESHWAR,60,3,RAVINDER CHAUDHARY,Samajwadi Party,77429,378
2022,Assembly,UP,GARHMUKTESHWAR,60,4,HARENDRA SINGH,Bharatiya Janata Party,103444,669
2022,Assembly,UP,GARHMUKTESHWAR,60,5,GOPAL SHARMA,All India Hindustan Congress Party,801,3
2022,Assembly,UP,GARHMUKTESHWAR,60,6,GHANSHYAM,Aazad Samaj Party (Kanshi Ram),491,0
2022,Assembly,UP,GARHMUKTESHWAR,60,7,NARENDRA SINGH,Aam Aadmi Party,605,6
2022,Assembly,UP,GARHMUKTESHWAR,60,8,FURKAN,All India Majlis-E-Ittehadul Muslimeen,4862,6
2022,Assembly,UP,GARHMUKTESHWAR,60,9,VIRENDRA SINGH PRAJAPATI,Jan Adhikar Party,655,0
2022,Assembly,UP,GARHMUKTESHWAR,60,10,SHIVKUMAR  CHAUHAN,Independent,478,0
2022,Assembly,UP,GARHMUKTESHWAR,60,11,NOTA,None of the Above,806,12
2022,Assembly,UP,NOIDA,61,1,Kripa Ram Sharma,Bahujan Samaj Party,16267,25
2022,Assembly,UP,NOIDA,61,2,Pankaj Singh,Bharatiya Janata Party,244091,228
2022,Assembly,UP,NOIDA,61,3,Pankhuri Pathak,Indian National Congress,13485,9
2022,Assembly,UP,NOIDA,61,4,Sunil Choudhary,Samajwadi Party,62722,84
2022,Assembly,UP,NOIDA,61,5,Ashish Sharma,Loktantrik Janshakti Party,265,0
2022,Assembly,UP,NOIDA,61,6,Dhruv Agraval,Liberal Party of India,390,0
2022,Assembly,UP,NOIDA,61,7,Nitish,Rashtriya Janta Party,180,0
2022,Assembly,UP,NOIDA,61,8,Pankaj Avana,Aam Aadmi Party,6545,6
2022,Assembly,UP,NOIDA,61,9,Bijender Singh Urf Bijendra Singh,Vijay Bharat Party,221,0
2022,Assembly,UP,NOIDA,61,10,Rohit,Rashtrawadi Janlok Party (Satya),283,1
2022,Assembly,UP,NOIDA,61,11,Yeshu Singh,Independent,247,0
2022,Assembly,UP,NOIDA,61,12,Sarmedra,Independent,218,0
2022,Assembly,UP,NOIDA,61,13,Sorabh  Goel,Independent,498,0
2022,Assembly,UP,NOIDA,61,14,NOTA,None of the Above,2462,1
2022,Assembly,UP,DADRI,62,1,TEJPAL SINGH NAGAR,Bharatiya Janata Party,217618,450
2022,Assembly,UP,DADRI,62,2,DEEPAK KUMAR BHATI CHOTIWALA,Indian National Congress,5385,7
2022,Assembly,UP,DADRI,62,3,MANBIR SINGH,Bahujan Samaj Party,40388,68
2022,Assembly,UP,DADRI,62,4,RAJKUMAR BHATI,Samajwadi Party,79660,190
2022,Assembly,UP,DADRI,62,5,CHAMAN SINGH,Mihir Sena,730,0
2022,Assembly,UP,DADRI,62,6,JAGDISH SINGH,Sarv Samaj Party,173,0
2022,Assembly,UP,DADRI,62,7,RAGHWENDRA  KUMAR SRIVASTAVA,Subhashwadi Bhartiya Samajwadi Party (Subhas Party),161,0
2022,Assembly,UP,DADRI,62,8,VINAY NAGAR,Bahujan Andolan Party,143,1
2022,Assembly,UP,DADRI,62,9,SANJAY,Aam Aadmi Party,4613,7
2022,Assembly,UP,DADRI,62,10,HEMANT SHARMA,Shiv Sena,300,0
2022,Assembly,UP,DADRI,62,11,ANNU KHAN,Independent,287,0
2022,Assembly,UP,DADRI,62,12,AMIT BASOYA,Independent,441,1
2022,Assembly,UP,DADRI,62,13,TRILOCHAN NARAYAN SINGH,Independent,565,0
2022,Assembly,UP,DADRI,62,14,SANJAY KUMAR SHARMA,Independent,556,0
2022,Assembly,UP,DADRI,62,15,NOTA,None of the Above,2029,4
2022,Assembly,UP,JEWAR,63,1,AVTAR SINGH BHADANA,Rashtriya Lok Dal,60717,173
2022,Assembly,UP,JEWAR,63,2,DHIRENDRA SINGH,Bharatiya Janata Party,116755,450
2022,Assembly,UP,JEWAR,63,3,NARENDER KUMAR,Bahujan Samaj Party,45151,105
2022,Assembly,UP,JEWAR,63,4,MANOJ,Indian National Congress,3182,18
2022,Assembly,UP,JEWAR,63,5,NEERU WALIA,Sarv Samaj Party,277,1
2022,Assembly,UP,JEWAR,63,6,POONAM,Aam Aadmi Party,589,7
2022,Assembly,UP,JEWAR,63,7,MANOJ KUMAR SHARMA,Loktantrik Janshakti Party,168,3
2022,Assembly,UP,JEWAR,63,8,TRILOK CHAND SHARMA,Independent,232,2
2022,Assembly,UP,JEWAR,63,9,DHANIRAM,Independent,389,0
2022,Assembly,UP,JEWAR,63,10,VIJAY,Independent,236,2
2022,Assembly,UP,JEWAR,63,11,VEER SINGH,Independent,807,0
2022,Assembly,UP,JEWAR,63,12,SUNIL GAUTAM,Independent,1001,0
2022,Assembly,UP,JEWAR,63,13,NOTA,None of the Above,1692,2
2022,Assembly,UP,SIKANDRABAD,64,1,Manveer Singh,Bahujan Samaj Party,42351,283
2022,Assembly,UP,SIKANDRABAD,64,2,Rahul Yadav,Samajwadi Party,95674,627
2022,Assembly,UP,SIKANDRABAD,64,3,Lakshmi Raj,Bharatiya Janata Party,124620,1024
2022,Assembly,UP,SIKANDRABAD,64,4,Saleem Akhtar Khan,Indian National Congress,2267,14
2022,Assembly,UP,SIKANDRABAD,64,5,Ajay Kumar,Lok Dal,681,4
2022,Assembly,UP,SIKANDRABAD,64,6,Ajay Kumar Sharma,Loktantrik Janshakti Party,117,0
2022,Assembly,UP,SIKANDRABAD,64,7,Amit Singh Tomar,Shiv Sena,202,1
2022,Assembly,UP,SIKANDRABAD,64,8,Darshan Sharma,Aam Aadmi Party,467,5
2022,Assembly,UP,SIKANDRABAD,64,9,Dilshad Ahmad,All India Majlis-E-Ittehadul Muslimeen,1731,1
2022,Assembly,UP,SIKANDRABAD,64,10,Raju Thakur,Rashtrawadi Janlok Party (Satya),1340,1
2022,Assembly,UP,SIKANDRABAD,64,11,Bablu,Independent,527,1
2022,Assembly,UP,SIKANDRABAD,64,12,NOTA,None of the Above,1194,1
2022,Assembly,UP,BULANDSHAHR,65,1,Pradeep Kumar Chaudhary,Bharatiya Janata Party,125995,1081
2022,Assembly,UP,BULANDSHAHR,65,2,Mohd. Mobin Kallu Qureshi,Bahujan Samaj Party,24147,226
2022,Assembly,UP,BULANDSHAHR,65,3,Mohammad Yunus,Rashtriya Lok Dal,100649,597
2022,Assembly,UP,BULANDSHAHR,65,4,Sushil Chaudhry,Indian National Congress,2733,28
2022,Assembly,UP,BULANDSHAHR,65,5,Tariq Khan,All India Minorities Front,222,2
2022,Assembly,UP,BULANDSHAHR,65,6,Madhu Bhati,Peace Party,186,1
2022,Assembly,UP,BULANDSHAHR,65,7,Vikas Sharma,Aam Aadmi Party,1408,22
2022,Assembly,UP,BULANDSHAHR,65,8,Gita Rani Sharma,Independent,218,2
2022,Assembly,UP,BULANDSHAHR,65,9,Mukesh Bhardwaj,Independent,166,1
2022,Assembly,UP,BULANDSHAHR,65,10,Satish,Independent,532,0
2022,Assembly,UP,BULANDSHAHR,65,11,Sonali Singh,Independent,378,3
2022,Assembly,UP,BULANDSHAHR,65,12,NOTA,None of the Above,1065,8
2022,Assembly,UP,SYANA,66,1,Dilnawaz Khan,Rashtriya Lok Dal,59207,261
2022,Assembly,UP,SYANA,66,2,Devendra Singh Lodhi,Bharatiya Janata Party,148342,783
2022,Assembly,UP,SYANA,66,3,Km. Poonam,Indian National Congress,2888,26
2022,Assembly,UP,SYANA,66,4,Sunil Kumar,Bahujan Samaj Party,36043,150
2022,Assembly,UP,SYANA,66,5,Satvir Singh,Aam Aadmi Party,728,10
2022,Assembly,UP,SYANA,66,6,Gyanesh Kumar Chauhan,Hindustan Utthan Party,1235,2
2022,Assembly,UP,SYANA,66,7,Dinesh,Independent,1109,0
2022,Assembly,UP,SYANA,66,8,Sangeeta,Independent,1009,2
2022,Assembly,UP,SYANA,66,9,NOTA,None of the Above,1400,2
2022,Assembly,UP,ANUPSHAHR,67,1,Gajendra Singh,Indian National Congress,13264,57
2022,Assembly,UP,ANUPSHAHR,67,2,Rameshvar,Bahujan Samaj Party,47689,290
2022,Assembly,UP,ANUPSHAHR,67,3,K.K. Sharma,Nationalist Congress Party,44025,155
2022,Assembly,UP,ANUPSHAHR,67,4,Sanjay Kumar Sharma,Bharatiya Janata Party,124878,724
2022,Assembly,UP,ANUPSHAHR,67,5,Anita,Vikassheel Insaan Party,1389,5
2022,Assembly,UP,ANUPSHAHR,67,6,Rashmi,Shiv Sena,324,4
2022,Assembly,UP,ANUPSHAHR,67,7,Sakir,Aazad Samaj Party (Kanshi Ram),455,0
2022,Assembly,UP,ANUPSHAHR,67,8,Harendra Singh,Aam Aadmi Party,1092,9
2022,Assembly,UP,ANUPSHAHR,67,9,Bhupendra Singh,Independent,858,1
2022,Assembly,UP,ANUPSHAHR,67,10,Satendera Singh,Independent,1262,0
2022,Assembly,UP,ANUPSHAHR,67,11,Hukam Singh,Independent,772,2
2022,Assembly,UP,ANUPSHAHR,67,12,NOTA,None of the Above,1342,3
2022,Assembly,UP,DEBAI,68,1,KARAN PAL SINGH,Bahujan Samaj Party,24402,114
2022,Assembly,UP,DEBAI,68,2,CHANDRAPAL SINGH,Bharatiya Janata Party,128214,426
2022,Assembly,UP,DEBAI,68,3,SUNITA DEVI,Indian National Congress,1944,3
2022,Assembly,UP,DEBAI,68,4,HARISH KUMAR,Samajwadi Party,60293,322
2022,Assembly,UP,DEBAI,68,5,MANOJ,Aam Aadmi Party,1029,3
2022,Assembly,UP,DEBAI,68,6,MUKESH KUMAR,Independent,583,0
2022,Assembly,UP,DEBAI,68,7,RAJPAL SINGH,Independent,968,0
2022,Assembly,UP,DEBAI,68,8,NOTA,None of the Above,1217,1
2022,Assembly,UP,SHIKARPUR,69,1,Anil Kumar,Bharatiya Janata Party,112968,887
2022,Assembly,UP,SHIKARPUR,69,2,Kiranpal Singh,Rashtriya Lok Dal,57757,415
2022,Assembly,UP,SHIKARPUR,69,3,ZiaurRahman,Indian National Congress,1523,19
2022,Assembly,UP,SHIKARPUR,69,4,Mu Rafik,Bahujan Samaj Party,37193,165
2022,Assembly,UP,SHIKARPUR,69,5,Ashughosh Kumar Nirmal,Aam Aadmi Party,673,5
2022,Assembly,UP,SHIKARPUR,69,6,Ranavir,Bahujan Mukti Party,211,5
2022,Assembly,UP,SHIKARPUR,69,7,Sohan Singh,Aazad Samaj Party (Kanshi Ram),529,2
2022,Assembly,UP,SHIKARPUR,69,8,Arasad Ali,Independent,227,0
2022,Assembly,UP,SHIKARPUR,69,9,Nishant Kumar Sharma,Independent,619,3
2022,Assembly,UP,SHIKARPUR,69,10,NOTA,None of the Above,1448,4
2022,Assembly,UP,KHURJA,70,1,Tukki,Indian National Congress,2633,10
2022,Assembly,UP,KHURJA,70,2,Banshi Singh,Samajwadi Party,70119,258
2022,Assembly,UP,KHURJA,70,3,Minakshi Singh,Bharatiya Janata Party,136655,806
2022,Assembly,UP,KHURJA,70,4,Vinod,Bahujan Samaj Party,45173,152
2022,Assembly,UP,KHURJA,70,5,JaiDev,Aam Aadmi Party,887,3
2022,Assembly,UP,KHURJA,70,6,Anmol,Independent,428,1
2022,Assembly,UP,KHURJA,70,7,Anil Kumar,Independent,628,2
2022,Assembly,UP,KHURJA,70,8,Ankit Gautam,Independent,599,2
2022,Assembly,UP,KHURJA,70,9,NOTA,None of the Above,1030,1
2022,Assembly,UP,KHAIR,71,1,ANOOP SINGH URF ANOOP PRADHAN VALMEEKI,Bharatiya Janata Party,138517,1126
2022,Assembly,UP,KHAIR,71,2,CHARU KAIN KAIN,Bahujan Samaj Party,64996,306
2022,Assembly,UP,KHAIR,71,3,BHAGWATI PRASAD,Rashtriya Lok Dal,41154,490
2022,Assembly,UP,KHAIR,71,4,MONIKA,Indian National Congress,1494,20
2022,Assembly,UP,KHAIR,71,5,MOHNEESH PRATAP SINGH,Aam Aadmi Party,361,6
2022,Assembly,UP,KHAIR,71,6,JAGDISH PRASAD,Independent,609,3
2022,Assembly,UP,KHAIR,71,7,MULCHAND,Independent,841,3
2022,Assembly,UP,KHAIR,71,8,NOTA,None of the Above,1449,5
2022,Assembly,UP,BARAULI,72,1,Gaurang Dev,Indian National Congress,2359,18
2022,Assembly,UP,BARAULI,72,2,Thakur Jaiveer Singh,Bharatiya Janata Party,147328,656
2022,Assembly,UP,BARAULI,72,3,NARENDRA KUMAR SHARMA,Bahujan Samaj Party,57047,292
2022,Assembly,UP,BARAULI,72,4,Pramod Gaur,Rashtriya Lok Dal,32511,270
2022,Assembly,UP,BARAULI,72,5,Shakir Ali,All India Majlis-E-Ittehadul Muslimeen,926,7
2022,Assembly,UP,BARAULI,72,6,Sunita,Aam Aadmi Party,913,5
2022,Assembly,UP,BARAULI,72,7,DEVENDER KUMAR VERMA,Independent,875,0
2022,Assembly,UP,BARAULI,72,8,NOTA,None of the Above,1089,3
2022,Assembly,UP,ATRAULI,73,1,DR. OMVIR SINGH,Bahujan Samaj Party,23078,56
2022,Assembly,UP,ATRAULI,73,2,DHARMENDRA KUMAR,Indian National Congress,1325,6
2022,Assembly,UP,ATRAULI,73,3,VIRESH YADAV,Samajwadi Party,85804,563
2022,Assembly,UP,ATRAULI,73,4,SANDEEP KUMAR SINGH,Bharatiya Janata Party,125142,549
2022,Assembly,UP,ATRAULI,73,5,KAILASH KUMAR,Bahujan Mukti Party,811,2
2022,Assembly,UP,ATRAULI,73,6,KHEM SINGH,Aam Aadmi Party,344,3
2022,Assembly,UP,ATRAULI,73,7,BRIJESH KUMAR,Lok Dal,239,1
2022,Assembly,UP,ATRAULI,73,8,AKHALESH DEVI,Independent,367,1
2022,Assembly,UP,ATRAULI,73,9,MANJU DEVI URF MANJU RANI,Independent,947,1
2022,Assembly,UP,ATRAULI,73,10,RAHUL SINGH,Independent,615,0
2022,Assembly,UP,ATRAULI,73,11,SALEEM KHAN,Independent,578,0
2022,Assembly,UP,ATRAULI,73,12,NOTA,None of the Above,1146,3
2022,Assembly,UP,CHHARRA,74,1,AKHILESH KUMAR,Indian National Congress,1786,6
2022,Assembly,UP,CHHARRA,74,2,TILAK RAJ,Bahujan Samaj Party,37424,134
2022,Assembly,UP,CHHARRA,74,3,RAVENDRA PAL SINGH,Bharatiya Janata Party,110928,365
2022,Assembly,UP,CHHARRA,74,4,LAXMI DHANGAR,Samajwadi Party,86480,486
2022,Assembly,UP,CHHARRA,74,5,YAD KARAN SINGH,Jan Adhikar Party,1613,2
2022,Assembly,UP,CHHARRA,74,6,RAJESH KUMAR SHARMA,Bharatiya Subhash Sena,213,0
2022,Assembly,UP,CHHARRA,74,7,SUSHIL KUMAR,Aam Aadmi Party,368,3
2022,Assembly,UP,CHHARRA,74,8,AKSHAY KUMAR,Independent,534,0
2022,Assembly,UP,CHHARRA,74,9,JASYEER,Independent,812,0
2022,Assembly,UP,CHHARRA,74,10,SATISH KUMAR,Independent,877,0
2022,Assembly,UP,CHHARRA,74,11,NOTA,None of the Above,1024,3
2022,Assembly,UP,ALIGARH,76,1,ZAFAR ALAM,Samajwadi Party,107102,501
2022,Assembly,UP,ALIGARH,76,2,MUKTA RAJA,Bharatiya Janata Party,119920,469
2022,Assembly,UP,ALIGARH,76,3,RAZIA KHAN,Bahujan Samaj Party,18165,108
2022,Assembly,UP,ALIGARH,76,4,MOHD SALMAN IMTIAZ,Indian National Congress,2281,11
2022,Assembly,UP,ALIGARH,76,5,DILEEP KUMAR,Independent,177,1
2022,Assembly,UP,ALIGARH,76,6,MONIKA THAPAR,Aam Aadmi Party,856,5
2022,Assembly,UP,ALIGARH,76,7,RAMGOPAL,Independent,843,0
2022,Assembly,UP,ALIGARH,76,8,RIHANUDDIN,Independent,263,0
2022,Assembly,UP,ALIGARH,76,9,RENUKA SHARMA,Independent,163,0
2022,Assembly,UP,ALIGARH,76,10,KESHAV DEV,Independent,195,0
2022,Assembly,UP,ALIGARH,76,11,VINOD KUMAR,Independent,470,1
2022,Assembly,UP,ALIGARH,76,12,NOTA,None of the Above,1048,8
2022,Assembly,UP,IGLAS,77,1,PRITI,Indian National Congress,7733,64
2022,Assembly,UP,IGLAS,77,2,BIRPAL SINGH,Rashtriya Lok Dal,67240,806
2022,Assembly,UP,IGLAS,77,3,RAJKUMAR SAHYOGI,Bharatiya Janata Party,126166,1043
2022,Assembly,UP,IGLAS,77,4,SUSHIL KUMAR,Bahujan Samaj Party,37794,186
2022,Assembly,UP,IGLAS,77,5,KUNWARPAL SINGH,Lok Dal,885,8
2022,Assembly,UP,IGLAS,77,6,NOTA,None of the Above,1087,3
2022,Assembly,UP,HATHRAS,78,1,ANJULA SINGH MAHAUR,Bharatiya Janata Party,154177,478
2022,Assembly,UP,HATHRAS,78,2,Kuldeep Kumar Singh,Indian National Congress,2426,10
2022,Assembly,UP,HATHRAS,78,3,BRAJ MOHAN RAHI,Samajwadi Party,46600,585
2022,Assembly,UP,HATHRAS,78,4,SANJEEV KUMAR,Bahujan Samaj Party,53620,179
2022,Assembly,UP,HATHRAS,78,5,Kishan Singh,Aam Aadmi Party,830,5
2022,Assembly,UP,HATHRAS,78,6,DEVENDRA SINGH,Shiv Sena,323,0
2022,Assembly,UP,HATHRAS,78,7,RATN SINGH,Peace Party,192,0
2022,Assembly,UP,HATHRAS,78,8,VEVI DHANGAR,Lok Dal,347,3
2022,Assembly,UP,HATHRAS,78,9,SON PAL,Jan Adhikar Party,200,0
2022,Assembly,UP,HATHRAS,78,10,AJIT KUMAR,Independent,135,4
2022,Assembly,UP,HATHRAS,78,11,UDAYVEER,Independent,196,0
2022,Assembly,UP,HATHRAS,78,12,DINESH SAI,Independent,372,3
2022,Assembly,UP,HATHRAS,78,13,SUBHASH CHAND,Independent,302,3
2022,Assembly,UP,HATHRAS,78,14,SONU KUMAR,Independent,292,1
2022,Assembly,UP,HATHRAS,78,15,NOTA,None of the Above,1763,8
2022,Assembly,UP,SADABAD,79,1,DR. AVIN SHARMA,Bahujan Samaj Party,32446,109
2022,Assembly,UP,SADABAD,79,2,PRADEEP KUMAR SINGH,Rashtriya Lok Dal,104039,835
2022,Assembly,UP,SADABAD,79,3,MATHURA PRASAD,Indian National Congress,2768,20
2022,Assembly,UP,SADABAD,79,4,RAMVEER UPADHYAY,Bharatiya Janata Party,97735,702
2022,Assembly,UP,SADABAD,79,5,ARTI BHATT,Aam Aadmi Party,566,18
2022,Assembly,UP,SADABAD,79,6,OMVEER SINGH,Bahujan Mukti Party,105,5
2022,Assembly,UP,SADABAD,79,7,JITENDRA,Rashtriya Shoshit Samaj Party,175,2
2022,Assembly,UP,SADABAD,79,8,RAJESH KUMAR,Swadeshi Hind Party,86,1
2022,Assembly,UP,SADABAD,79,9,AVDHESH,Independent,129,6
2022,Assembly,UP,SADABAD,79,10,NEM SINGH,Independent,241,0
2022,Assembly,UP,SADABAD,79,11,PRAVEEN KUMAR,Independent,537,2
2022,Assembly,UP,SADABAD,79,12,RAJESH KUMAR,Independent,301,0
2022,Assembly,UP,SADABAD,79,13,SHASHIKANT,Independent,678,0
2022,Assembly,UP,SADABAD,79,14,NOTA,None of the Above,973,3
2022,Assembly,UP,SIKANDRA RAO,80,1,Awdhesh Kumar Singh,Bahujan Samaj Party,41693,88
2022,Assembly,UP,SIKANDRA RAO,80,2,CHHAVI VARSHNEY,Indian National Congress,1155,4
2022,Assembly,UP,SIKANDRA RAO,80,3,Birendra Singh Rana,Bharatiya Janata Party,97905,189
2022,Assembly,UP,SIKANDRA RAO,80,4,DR. Lalit Pratap Baghel,Samajwadi Party,89613,377
2022,Assembly,UP,SIKANDRA RAO,80,5,Manoj Yadav,Aam Aadmi Party,490,3
2022,Assembly,UP,SIKANDRA RAO,80,6,Yogendra Kumar,Rashtriya Samaj Paksha,189,0
2022,Assembly,UP,SIKANDRA RAO,80,7,Ram Gopal  Dixit,Swadeshi Hind Party,148,0
2022,Assembly,UP,SIKANDRA RAO,80,8,Shiv Prakash Kaushal,Shiv Sena,187,0
2022,Assembly,UP,SIKANDRA RAO,80,9,Krishan Kumar,Independent,301,0
2022,Assembly,UP,SIKANDRA RAO,80,10,JAYPRAKSH SHARMA,Independent,670,2
2022,Assembly,UP,SIKANDRA RAO,80,11,Manvendra Singh,Independent,1128,1
2022,Assembly,UP,SIKANDRA RAO,80,12,Sumant Kumar,Independent,298,0
2022,Assembly,UP,SIKANDRA RAO,80,13,NOTA,None of the Above,1177,1
2022,Assembly,UP,MANT,82,1,RAJESH CHAUDHARY,Bharatiya Janata Party,83418,540
2022,Assembly,UP,MANT,82,2,SHYAM SUNDAR SHARMA,Bahujan Samaj Party,73944,434
2022,Assembly,UP,MANT,82,3,SUMAN CHAUDHARY,Indian National Congress,1267,14
2022,Assembly,UP,MANT,82,4,DR. SANJAY LATHAR,Samajwadi Party,60257,328
2022,Assembly,UP,MANT,82,5,RAJ KUMAR,Shiv Sena,658,2
2022,Assembly,UP,MANT,82,6,RAM BABU SINGH,Aam Aadmi Party,1415,12
2022,Assembly,UP,MANT,82,7,SUBHASH CHOUDHARY,Log Party,361,0
2022,Assembly,UP,MANT,82,8,DEVENDRA SINGH,Independent,258,1
2022,Assembly,UP,MANT,82,9,YUGAL KISHOR PANDEY YUGAL PANDAYA,Independent,697,0
2022,Assembly,UP,MANT,82,10,NOTA,None of the Above,1177,3
2022,Assembly,UP,GOVERDHAN,83,1,DEEPAK CHAUDHARY,Indian National Congress,3097,21
2022,Assembly,UP,GOVERDHAN,83,2,PREETAM SINGH,Rashtriya Lok Dal,55298,381
2022,Assembly,UP,GOVERDHAN,83,3,MEGHSHYAM,Bharatiya Janata Party,99717,482
2022,Assembly,UP,GOVERDHAN,83,4,RAJKUMAR RAWAT,Bahujan Samaj Party,57503,189
2022,Assembly,UP,GOVERDHAN,83,5,ANNAT KOSHIK,Aam Aadmi Party,619,5
2022,Assembly,UP,GOVERDHAN,83,6,ASHOK,Rashtriya Samta Vikas Party,155,0
2022,Assembly,UP,GOVERDHAN,83,7,PREM SINGH,Aazad Samaj Party (Kanshi Ram),402,2
2022,Assembly,UP,GOVERDHAN,83,8,BHURI,Rashtriya Shoshit Samaj Party,171,1
2022,Assembly,UP,GOVERDHAN,83,9,PEETAM,Independent,329,0
2022,Assembly,UP,GOVERDHAN,83,10,PRADEEP KUMAR,Independent,243,2
2022,Assembly,UP,GOVERDHAN,83,11,MEGHSHYAM,Independent,767,0
2022,Assembly,UP,GOVERDHAN,83,12,SHARMA VIPUL,Independent,781,0
2022,Assembly,UP,GOVERDHAN,83,13,SANJAY SINGH,Independent,599,0
2022,Assembly,UP,GOVERDHAN,83,14,NOTA,None of the Above,870,3
2022,Assembly,UP,MATHURA,84,1,DAVENDRA AGRAWAL,Samajwadi Party,18282,194
2022,Assembly,UP,MATHURA,84,2,PRADEEP MATHUR,Indian National Congress,48917,139
2022,Assembly,UP,MATHURA,84,3,S.K.SHARMA,Bahujan Samaj Party,31369,182
2022,Assembly,UP,MATHURA,84,4,SHRIKANT SHARMA,Bharatiya Janata Party,158475,384
2022,Assembly,UP,MATHURA,84,5,KRISHNA KUMAR SHARMA URF KRISHNA SHARMA,Aam Aadmi Party,1021,3
2022,Assembly,UP,MATHURA,84,6,JAGDISH PRASAD KAUSHIK,Rashtriya Samta Vikas Party,187,0
2022,Assembly,UP,MATHURA,84,7,RAM NARESH UPADHYAY,Anarakshit Samaj Party,288,0
2022,Assembly,UP,MATHURA,84,8,SMT LADO DEVI,Rashtriya mahan Gantantra Party,185,1
2022,Assembly,UP,MATHURA,84,9,VIBHOR SHARMA,Right to Recall Party,127,1
2022,Assembly,UP,MATHURA,84,10,SATYENDRA SINGH,Shiv Sena,211,0
2022,Assembly,UP,MATHURA,84,11,SURESH CHANDRA VAGHEL,Rashtriya Shoshit Samaj Party,490,0
2022,Assembly,UP,MATHURA,84,12,ANITA DEVI,Independent,250,0
2022,Assembly,UP,MATHURA,84,13,YATENDRA SINGH,Independent,457,0
2022,Assembly,UP,MATHURA,84,14,RAVI VERMA,Independent,726,0
2022,Assembly,UP,MATHURA,84,15,SHYAM SUNDAR,Independent,654,0
2022,Assembly,UP,MATHURA,84,16,NOTA,None of the Above,1075,3
2022,Assembly,UP,BALDEV,85,1,ASHOK KUMAR,Bahujan Samaj Party,48207,163
2022,Assembly,UP,BALDEV,85,2,PURAN PRAKASH,Bharatiya Janata Party,107647,767
2022,Assembly,UP,BALDEV,85,3,BABITA DEVI,Rashtriya Lok Dal,82601,558
2022,Assembly,UP,BALDEV,85,4,VINESH KUMAR SANWAL,Indian National Congress,2228,20
2022,Assembly,UP,BALDEV,85,5,JIVAN LAL,Aam Aadmi Party,730,13
2022,Assembly,UP,BALDEV,85,6,BHUPENDRA KUMAR DHANGAR,Rashtriya Shoshit Samaj Party,1431,4
2022,Assembly,UP,BALDEV,85,7,NOTA,None of the Above,1225,7
2022,Assembly,UP,ETMADPUR,86,1,DR. DHARMPAL SINGH,Bharatiya Janata Party,146273,330
2022,Assembly,UP,ETMADPUR,86,2,PRAVAL PRATAP SINGH,Bahujan Samaj Party,98414,265
2022,Assembly,UP,ETMADPUR,86,3,DR.VIRENDRA SINGH CHAUHAN,Samajwadi Party,48433,209
2022,Assembly,UP,ETMADPUR,86,4,SHIVANIDEVI DEVI,Indian National Congress,1315,5
2022,Assembly,UP,ETMADPUR,86,5,RAKESH KUMAR GUPTA,Rashtriya Vyapari Party,202,0
2022,Assembly,UP,ETMADPUR,86,6,VINOD SINGH,Peace Party,155,0
2022,Assembly,UP,ETMADPUR,86,7,SATISH,Bahujan Mukti Party,147,2
2022,Assembly,UP,ETMADPUR,86,8,SUNIL OJHA,Bharatiya Subhash Sena,162,0
2022,Assembly,UP,ETMADPUR,86,9,SUMIT SINGH,Aam Aadmi Party,270,2
2022,Assembly,UP,ETMADPUR,86,10,DR. ANIL KUMAR SINGH,Independent,108,0
2022,Assembly,UP,ETMADPUR,86,11,KAPIL GAUTAM,Independent,130,0
2022,Assembly,UP,ETMADPUR,86,12,MAHA VEER,Independent,225,0
2022,Assembly,UP,ETMADPUR,86,13,SHIV CHARAN LAL,Independent,826,0
2022,Assembly,UP,ETMADPUR,86,14,SHAILENDRA PAL SINGH,Independent,1223,1
2022,Assembly,UP,ETMADPUR,86,15,NOTA,None of the Above,1888,3
2022,Assembly,UP,AGRA SOUTH,88,1,ANUJ SHARMA,Indian National Congress,4860,7
2022,Assembly,UP,AGRA SOUTH,88,2,YOGENDRA UPADHYAYA,Bharatiya Janata Party,109001,261
2022,Assembly,UP,AGRA SOUTH,88,3,RAVI BHARADWAJ,Bahujan Samaj Party,38118,101
2022,Assembly,UP,AGRA SOUTH,88,4,VINAY AGARWAL,Samajwadi Party,52467,155
2022,Assembly,UP,AGRA SOUTH,88,5,ALAMGIR,Peace Party,419,0
2022,Assembly,UP,AGRA SOUTH,88,6,MOHD KAMIL,Indian Union Muslim League,130,0
2022,Assembly,UP,AGRA SOUTH,88,7,DEREK SMITH,Adarsh Samaj Party,105,0
2022,Assembly,UP,AGRA SOUTH,88,8,PREM SINGH,Lokpriya Rashtrawadi Party,471,0
2022,Assembly,UP,AGRA SOUTH,88,9,RAMJANI,Aam Aadmi Party,955,4
2022,Assembly,UP,AGRA SOUTH,88,10,RASHID ALI CHOUDHARY,Aazad Samaj Party (Kanshi Ram),566,0
2022,Assembly,UP,AGRA SOUTH,88,11,NOTA,None of the Above,946,3
2022,Assembly,UP,AGRA NORTH,89,1,PURUSHOTTAM KHANDELWAL,Bharatiya Janata Party,153165,652
2022,Assembly,UP,AGRA NORTH,89,2,VINOD BANSAL,Indian National Congress,5910,23
2022,Assembly,UP,AGRA NORTH,89,3,SHABBIR ABBAS,Bahujan Samaj Party,41281,166
2022,Assembly,UP,AGRA NORTH,89,4,GYANENDRA,Samajwadi Party,34105,298
2022,Assembly,UP,AGRA NORTH,89,5,OM PRAKASH RAJPUT,Adarsh Samaj Party,154,1
2022,Assembly,UP,AGRA NORTH,89,6,KAPIL VAJPAI,Aam Aadmi Party,1931,14
2022,Assembly,UP,AGRA NORTH,89,7,NEEL,Bharatiya Majdoor Janta Party,130,1
2022,Assembly,UP,AGRA NORTH,89,8,MOHIT AGARWAL,Jan Abhiyan Party,171,0
2022,Assembly,UP,AGRA NORTH,89,9,RAJEEV AGARWAL,Saman Adhikar Party,106,0
2022,Assembly,UP,AGRA NORTH,89,10,NIRANJAN SINGH,Independent,157,0
2022,Assembly,UP,AGRA NORTH,89,11,MANISH,Independent,406,0
2022,Assembly,UP,AGRA NORTH,89,12,VINEET AGARWAL,Independent,263,0
2022,Assembly,UP,AGRA NORTH,89,13,SASHANK AGARWAL,Independent,210,0
2022,Assembly,UP,AGRA NORTH,89,14,NOTA,None of the Above,1599,9
2022,Assembly,UP,AGRA RURAL,90,1,UPENDRA SINGH,Indian National Congress,3740,30
2022,Assembly,UP,AGRA RURAL,90,2,KIRAN PRABHA KESHARI,Bahujan Samaj Party,60503,199
2022,Assembly,UP,AGRA RURAL,90,3,BABY RANI MAURYA,Bharatiya Janata Party,136691,619
2022,Assembly,UP,AGRA RURAL,90,4,MAHESH KUMAR,Rashtriya Lok Dal,52325,406
2022,Assembly,UP,AGRA RURAL,90,5,ARUN KUMAR KATHERIA,Aam Aadmi Party,1898,10
2022,Assembly,UP,AGRA RURAL,90,6,BALVIR,Rashtriya Samaj Paksha,982,1
2022,Assembly,UP,AGRA RURAL,90,7,PANKAJ KUMAR,Independent,501,1
2022,Assembly,UP,AGRA RURAL,90,8,RAJENDRA SINGH,Independent,860,0
2022,Assembly,UP,AGRA RURAL,90,9,SURESH CHAND VARUN,Independent,943,1
2022,Assembly,UP,AGRA RURAL,90,10,NOTA,None of the Above,1204,7
2022,Assembly,UP,FATEHPUR SIKRI,91,1,Babulal,Bharatiya Janata Party,111519,576
2022,Assembly,UP,FATEHPUR SIKRI,91,2,Brijesh Kumar,Rashtriya Lok Dal,64508,318
2022,Assembly,UP,FATEHPUR SIKRI,91,3,Mukesh Kumar,Bahujan Samaj Party,59530,111
2022,Assembly,UP,FATEHPUR SIKRI,91,4,Hemant Singh,Indian National Congress,1184,8
2022,Assembly,UP,FATEHPUR SIKRI,91,5,Jagdish,Aazad Samaj Party (Kanshi Ram),547,6
2022,Assembly,UP,FATEHPUR SIKRI,91,6,Sangeeta,Bharatiya Majdoor Janta Party,397,2
2022,Assembly,UP,FATEHPUR SIKRI,91,7,Hina Naz Sheravani,VANCHITSAMAJ INSAAF PARTY,443,5
2022,Assembly,UP,FATEHPUR SIKRI,91,8,Dr.Kumrendra Singh,Independent,306,1
2022,Assembly,UP,FATEHPUR SIKRI,91,9,Yogendra Singh Chahar,Independent,287,1
2022,Assembly,UP,FATEHPUR SIKRI,91,10,Lekhraj,Independent,804,1
2022,Assembly,UP,FATEHPUR SIKRI,91,11,Saurabh Singh Parmar,Independent,748,0
2022,Assembly,UP,FATEHPUR SIKRI,91,12,NOTA,None of the Above,1616,4
2022,Assembly,UP,KHERAGARH,92,1,Gangadhar Kushwah,Bahujan Samaj Party,28915,73
2022,Assembly,UP,KHERAGARH,92,2,Bhagwan Singh Kushwaha,Bharatiya Janata Party,96089,485
2022,Assembly,UP,KHERAGARH,92,3,Ramnath Singh Sikarwar,Indian National Congress,59961,116
2022,Assembly,UP,KHERAGARH,92,4,Rohtan,Rashtriya Lok Dal,13837,296
2022,Assembly,UP,KHERAGARH,92,5,Ashok Kumar,Bharatiya Subhash Sena,308,0
2022,Assembly,UP,KHERAGARH,92,6,Banwarilal,Aam Aadmi Party,373,11
2022,Assembly,UP,KHERAGARH,92,7,Satish Chandra Bhardwaj,Saman Adhikar Party,205,0
2022,Assembly,UP,KHERAGARH,92,8,Ambedakari Hasanuram Ambedakari,Independent,447,0
2022,Assembly,UP,KHERAGARH,92,9,Uday Singh,Independent,184,0
2022,Assembly,UP,KHERAGARH,92,10,Neeraj Kumar Rawat,Independent,265,1
2022,Assembly,UP,KHERAGARH,92,11,Randhaur Singh,Independent,348,2
2022,Assembly,UP,KHERAGARH,92,12,Laxmi Narayan,Independent,924,1
2022,Assembly,UP,KHERAGARH,92,13,Shyam Sundar,Independent,1084,1
2022,Assembly,UP,KHERAGARH,92,14,NOTA,None of the Above,1329,2
2022,Assembly,UP,JASRANA,96,1,MANVENDRA PRATAP SINGH,Bharatiya Janata Party,107148,305
2022,Assembly,UP,JASRANA,96,2,VIJAY NATH SINGH VERMA (CHHOTU),Indian National Congress,1920,5
2022,Assembly,UP,JASRANA,96,3,SACHIN YADAV,Samajwadi Party,107619,670
2022,Assembly,UP,JASRANA,96,4,SURYA PRATAP SINGH,Bahujan Samaj Party,16902,53
2022,Assembly,UP,JASRANA,96,5,AMIT YADAV,Aam Aadmi Party,315,5
2022,Assembly,UP,JASRANA,96,6,SUNEEL KUMAR JHA,Jan Adhikar Party,2450,1
2022,Assembly,UP,JASRANA,96,7,KISHAN PAL SINGH,Independent,207,0
2022,Assembly,UP,JASRANA,96,8,NAVAB SINGH,Independent,286,1
2022,Assembly,UP,JASRANA,96,9,RAJIV KUMAR,Independent,530,0
2022,Assembly,UP,JASRANA,96,10,SHIV PRATAP SINGH,Independent,7734,31
2022,Assembly,UP,JASRANA,96,11,NOTA,None of the Above,1578,2
2022,Assembly,UP,FIROZABAD,97,1,MANISH ASIJA,Bharatiya Janata Party,112138,371
2022,Assembly,UP,FIROZABAD,97,2,SHAZIA HASAN,Bahujan Samaj Party,37488,155
2022,Assembly,UP,FIROZABAD,97,3,SAIFURRAHAMAN URF CHHUTTAN BHAI,Samajwadi Party,79092,462
2022,Assembly,UP,FIROZABAD,97,4,SANDEEP TIWARI,Indian National Congress,1144,10
2022,Assembly,UP,FIROZABAD,97,5,JAYPAL,Bharatiya Subhash Sena,165,1
2022,Assembly,UP,FIROZABAD,97,6,NEETU SINGH SISODIYA,Aam Aadmi Party,497,5
2022,Assembly,UP,FIROZABAD,97,7,BABLOO SINGH RATHORE URF GOLDEE,All India Majlis-E-Ittehadul Muslimeen,18877,21
2022,Assembly,UP,FIROZABAD,97,8,BALVEER SINGH SHANKHAWAR,Moulik Adhikar Party,433,0
2022,Assembly,UP,FIROZABAD,97,9,MOOL CHANDRA,Bhartiya Shakti Chetna Party,296,0
2022,Assembly,UP,FIROZABAD,97,10,BASEEM,Independent,455,0
2022,Assembly,UP,FIROZABAD,97,11,RAMDAS MANAV,Independent,6210,9
2022,Assembly,UP,FIROZABAD,97,12,NOTA,None of the Above,1200,4
2022,Assembly,UP,SHIKOHABAD,98,1,ANIL KUMAR,Bahujan Samaj Party,25336,109
2022,Assembly,UP,SHIKOHABAD,98,2,OM PRAKASH VERMA,Bharatiya Janata Party,96636,315
2022,Assembly,UP,SHIKOHABAD,98,3,MUKESH VERMA,Samajwadi Party,105418,861
2022,Assembly,UP,SHIKOHABAD,98,4,SHASHI SHARMA,Indian National Congress,1419,9
2022,Assembly,UP,SHIKOHABAD,98,5,PRITY MISHRA,All India Majlis-E-Ittehadul Muslimeen,2628,2
2022,Assembly,UP,SHIKOHABAD,98,6,BASUDEV SHARMA,Bharatiya Subhash Sena,241,0
2022,Assembly,UP,SHIKOHABAD,98,7,RADHEY SHYAM,Bharatiya Kisan Parivartan Party,527,1
2022,Assembly,UP,SHIKOHABAD,98,8,SHEELENDRA KUMAR VERMA,Aam Aadmi Party,747,8
2022,Assembly,UP,SHIKOHABAD,98,9,NOTA,None of the Above,1179,2
2022,Assembly,UP,SIRSAGANJ,99,1,Pankaj Mishra,Bahujan Samaj Party,18685,72
2022,Assembly,UP,SIRSAGANJ,99,2,PRATIMA PAL,Indian National Congress,1201,10
2022,Assembly,UP,SIRSAGANJ,99,3,SARVESH SINGH,Samajwadi Party,95583,641
2022,Assembly,UP,SIRSAGANJ,99,4,HARIOM YADAV,Bharatiya Janata Party,86993,426
2022,Assembly,UP,SIRSAGANJ,99,5,Capt. Amit Chauhan,Aam Aadmi Party,663,3
2022,Assembly,UP,SIRSAGANJ,99,6,KEDAR SINGH KUSAWAHA,Bahujan Mukti Party,818,1
2022,Assembly,UP,SIRSAGANJ,99,7,TUKMAN SINGH YADAV,"Adarsh Janta Party,",209,1
2022,Assembly,UP,SIRSAGANJ,99,8,Sunil Kumar Lodhi,Bharatiya Kisan Parivartan Party,316,0
2022,Assembly,UP,SIRSAGANJ,99,9,JAYVEER SINGH,Independent,523,1
2022,Assembly,UP,SIRSAGANJ,99,10,SHALINI,Independent,614,0
2022,Assembly,UP,SIRSAGANJ,99,11,HARIOM,Independent,442,1
2022,Assembly,UP,SIRSAGANJ,99,12,NOTA,None of the Above,987,2
2022,Assembly,UP,KASGANJ,100,1,Mohd. Arif,Bahujan Samaj Party,22936,65
2022,Assembly,UP,KASGANJ,100,2,Kuldeep Kumar,Indian National Congress,5945,6
2022,Assembly,UP,KASGANJ,100,3,Devendra Singh,Bharatiya Janata Party,123099,311
2022,Assembly,UP,KASGANJ,100,4,Man Pal Singh,Samajwadi Party,76485,660
2022,Assembly,UP,KASGANJ,100,5,Avdhesh,India Janshakti Party,535,0
2022,Assembly,UP,KASGANJ,100,6,Indrapal,Rashtriya Surya Prakash Party,191,0
2022,Assembly,UP,KASGANJ,100,7,Prabhoo Dayal Rajpoot,Aazad Samaj Party (Kanshi Ram),276,0
2022,Assembly,UP,KASGANJ,100,8,Manpal,Aam Aadmi Party,533,0
2022,Assembly,UP,KASGANJ,100,9,Rubi,Bahujan Mukti Party,527,2
2022,Assembly,UP,KASGANJ,100,10,Narendra Kumar,Independent,786,1
2022,Assembly,UP,KASGANJ,100,11,Prem Singh,Independent,704,0
2022,Assembly,UP,KASGANJ,100,12,NOTA,None of the Above,1262,2
2022,Assembly,UP,AMANPUR,101,1,DIVYA SHARMA,Indian National Congress,1337,5
2022,Assembly,UP,AMANPUR,101,2,SATYABHAN,Samajwadi Party,52700,348
2022,Assembly,UP,AMANPUR,101,3,SUBHASH CHANDRA,Bahujan Samaj Party,35227,145
2022,Assembly,UP,AMANPUR,101,4,HARIOM,Bharatiya Janata Party,95973,404
2022,Assembly,UP,AMANPUR,101,5,ARJUN SINGH,Jan Adhikar Party,1096,3
2022,Assembly,UP,AMANPUR,101,6,ASHISH KUMAR,India Janshakti Party,180,0
2022,Assembly,UP,AMANPUR,101,7,MANOJ KUMAR,Aam Aadmi Party,545,2
2022,Assembly,UP,AMANPUR,101,8,USHA,Independent,156,1
2022,Assembly,UP,AMANPUR,101,9,KAPIL KUMAR,Independent,328,7
2022,Assembly,UP,AMANPUR,101,10,JITENDRA,Independent,707,1
2022,Assembly,UP,AMANPUR,101,11,MAHENDRA PAL SINGH,Independent,590,2
2022,Assembly,UP,AMANPUR,101,12,VINEET SHAKYA,Independent,583,0
2022,Assembly,UP,AMANPUR,101,13,NOTA,None of the Above,885,3
2022,Assembly,UP,PATIYALI,102,1,Mohd. Imran Ali,Indian National Congress,1244,7
2022,Assembly,UP,PATIYALI,102,2,Nadira Sultan,Samajwadi Party,91545,413
2022,Assembly,UP,PATIYALI,102,3,Neeraj Kishore Mishra,Bahujan Samaj Party,30525,101
2022,Assembly,UP,PATIYALI,102,4,Mamtesh Shakya,Bharatiya Janata Party,87741,216
2022,Assembly,UP,PATIYALI,102,5,Kamlesh Kumar,Moulik Adhikar Party,731,2
2022,Assembly,UP,PATIYALI,102,6,Kallu Singh,Rashtriya Backward Party,160,1
2022,Assembly,UP,PATIYALI,102,7,Girish Chandra,Rashtriya Shoshit Samaj Party,606,0
2022,Assembly,UP,PATIYALI,102,8,Meera Rani,Bhartiya Shakti Chetna Party,258,0
2022,Assembly,UP,PATIYALI,102,9,Yusuf,Aam Aadmi Party,230,1
2022,Assembly,UP,PATIYALI,102,10,Vivek Kumar,Jan Adhikar Party,2224,1
2022,Assembly,UP,PATIYALI,102,11,Akhalesh,Independent,384,1
2022,Assembly,UP,PATIYALI,102,12,Abhay Pratap Singh,Independent,1090,1
2022,Assembly,UP,PATIYALI,102,13,Jitendra Kumar,Independent,603,0
2022,Assembly,UP,PATIYALI,102,14,Dhruv Mishra,Independent,625,0
2022,Assembly,UP,PATIYALI,102,15,NOTA,None of the Above,838,1
2022,Assembly,UP,ALIGANJ,103,1,RAMESHWAR SINGH YADAV,Samajwadi Party,98465,598
2022,Assembly,UP,ALIGANJ,103,2,SAOOD ALI KHAN URF JUNAID MIYAN,Bahujan Samaj Party,17687,64
2022,Assembly,UP,ALIGANJ,103,3,SATYAPAL SINGH RATHORE,Bharatiya Janata Party,102576,297
2022,Assembly,UP,ALIGANJ,103,4,SUBHASH CHANDRA,Indian National Congress,1026,5
2022,Assembly,UP,ALIGANJ,103,5,KAILASH LODHI,Jan Adhikar Party,1651,1
2022,Assembly,UP,ALIGANJ,103,6,RAHUL URF RAHUL KUMAR PATHAK,Aam Aadmi Party,213,5
2022,Assembly,UP,ALIGANJ,103,7,ANURAG SINGH,Independent,131,0
2022,Assembly,UP,ALIGANJ,103,8,GAURAV RATHORE,Independent,289,1
2022,Assembly,UP,ALIGANJ,103,9,DEVENDRA SINGH RATHORE,Independent,140,0
2022,Assembly,UP,ALIGANJ,103,10,RAM BRAJESH,Independent,273,0
2022,Assembly,UP,ALIGANJ,103,11,VAKIL SHAH,Independent,1198,0
2022,Assembly,UP,ALIGANJ,103,12,SAMYAK CHANDRA,Independent,492,0
2022,Assembly,UP,ALIGANJ,103,13,NOTA,None of the Above,1263,0
2022,Assembly,UP,ETAH,104,1,Ajay Singh,Bahujan Samaj Party,26648,223
2022,Assembly,UP,ETAH,104,2,Gunjan Mishra,Indian National Congress,1478,19
2022,Assembly,UP,ETAH,104,3,Jugendra Singh Yadav,Samajwadi Party,79501,791
2022,Assembly,UP,ETAH,104,4,Vipin kumar David,Bharatiya Janata Party,97059,480
2022,Assembly,UP,ETAH,104,5,Umeshkant,Aam Aadmi Party,570,5
2022,Assembly,UP,ETAH,104,6,Mahipal,Voters Party  International,160,2
2022,Assembly,UP,ETAH,104,7,Roop kishor Shakya,Jan Adhikar Party,652,2
2022,Assembly,UP,ETAH,104,8,Omendra Singh,Independent,77,0
2022,Assembly,UP,ETAH,104,9,Durgesh Kumar,Independent,135,1
2022,Assembly,UP,ETAH,104,10,Ravendr Singh,Independent,187,0
2022,Assembly,UP,ETAH,104,11,Rajiv Kumar,Independent,111,0
2022,Assembly,UP,ETAH,104,12,Vijendr Singh,Independent,206,0
2022,Assembly,UP,ETAH,104,13,Satyaprakash,Independent,519,0
2022,Assembly,UP,ETAH,104,14,Sahab Singh,Independent,665,1
2022,Assembly,UP,ETAH,104,15,Sukhvendra Singh,Independent,218,0
2022,Assembly,UP,ETAH,104,16,NOTA,None of the Above,773,6
2022,Assembly,UP,MARHARA,105,1,Amit Gaurav,Samajwadi Party,83030,748
2022,Assembly,UP,MARHARA,105,2,Tara Rajput,Indian National Congress,830,22
2022,Assembly,UP,MARHARA,105,3,Yogesh Kumar,Bahujan Samaj Party,16797,103
2022,Assembly,UP,MARHARA,105,4,Virendra Singh Lodhi,Bharatiya Janata Party,101049,338
2022,Assembly,UP,MARHARA,105,5,Arjun Yadav,Aam Aadmi Party,686,9
2022,Assembly,UP,MARHARA,105,6,Anuj Kumar,Subhashwadi Bhartiya Samajwadi Party (Subhas Party),127,2
2022,Assembly,UP,MARHARA,105,7,Mamta Singh,Rashtriya Backward Party,99,2
2022,Assembly,UP,MARHARA,105,8,Raghuveer Singh,Voters Party  International,143,1
2022,Assembly,UP,MARHARA,105,9,Vikas Kumar,Bahujan Mukti Party,107,0
2022,Assembly,UP,MARHARA,105,10,Suneeta Shakya,Jan Adhikar Party,482,0
2022,Assembly,UP,MARHARA,105,11,Amit Kumar,Independent,548,0
2022,Assembly,UP,MARHARA,105,12,Mukesh,Independent,456,0
2022,Assembly,UP,MARHARA,105,13,Vidhya Verma,Independent,444,0
2022,Assembly,UP,MARHARA,105,14,NOTA,None of the Above,847,0
2022,Assembly,UP,JALESAR,106,1,AKASH SINGH,Bahujan Samaj Party,19303,61
2022,Assembly,UP,JALESAR,106,2,NEELAMA RAJ,Indian National Congress,856,4
2022,Assembly,UP,JALESAR,106,3,RANJEET SUMAN,Samajwadi Party,86408,490
2022,Assembly,UP,JALESAR,106,4,SANJEEV KUMAR,Bharatiya Janata Party,91050,289
2022,Assembly,UP,JALESAR,106,5,ASHOK,Aazad Samaj Party (Kanshi Ram),615,1
2022,Assembly,UP,JALESAR,106,6,INDRESH KUMARI,Voters Party  International,148,0
2022,Assembly,UP,JALESAR,106,7,CHOB SINGH,Jan Adhikar Party,387,0
2022,Assembly,UP,JALESAR,106,8,DHIRAZ SINGH,Jansatta Dal Loktantrik,127,0
2022,Assembly,UP,JALESAR,106,9,PREMLATA,Aam Aadmi Party,104,2
2022,Assembly,UP,JALESAR,106,10,RAJU,Bhartiya Jan Nayak Party,93,2
2022,Assembly,UP,JALESAR,106,11,SUKHVIR SINGH DHANGAR,Rashtriya Shoshit Samaj Party,395,1
2022,Assembly,UP,JALESAR,106,12,RAJA BABU,Independent,840,1
2022,Assembly,UP,JALESAR,106,13,RAHUL KUMAR VERMA,Independent,533,0
2022,Assembly,UP,JALESAR,106,14,RAHUL PRATAP SINGH,Independent,202,0
2022,Assembly,UP,JALESAR,106,15,NOTA,None of the Above,619,0
2022,Assembly,UP,MAINPURI,107,1,GAURAV NAND,Bahujan Samaj Party,17067,149
2022,Assembly,UP,MAINPURI,107,2,JAYVEER SINGH,Bharatiya Janata Party,99445,369
2022,Assembly,UP,MAINPURI,107,3,RAJKUMAR URF RAJU YADAV,Samajwadi Party,92181,867
2022,Assembly,UP,MAINPURI,107,4,VINEETA,Indian National Congress,2540,18
2022,Assembly,UP,MAINPURI,107,5,NOTA,None of the Above,952,1
2022,Assembly,UP,BHONGAON,108,1,Ashok Kumar,Bahujan Samaj Party,14051,99
2022,Assembly,UP,BHONGAON,108,2,Alok Kumar Shakya,Samajwadi Party,91507,934
2022,Assembly,UP,BHONGAON,108,3,Mamta Rajput,Indian National Congress,2108,13
2022,Assembly,UP,BHONGAON,108,4,Ram Naresh Agnihotri,Bharatiya Janata Party,96868,340
2022,Assembly,UP,BHONGAON,108,5,Anita,Voters Party  International,1010,1
2022,Assembly,UP,BHONGAON,108,6,Bhupendra Singh,Jan Adhikar Party,4211,3
2022,Assembly,UP,BHONGAON,108,7,Santosh Kumar Shrivashtav,Aam Aadmi Party,947,5
2022,Assembly,UP,BHONGAON,108,8,Shrey Tiwari,Independent,523,0
2022,Assembly,UP,BHONGAON,108,9,Surjeet Singh,Independent,1619,8
2022,Assembly,UP,BHONGAON,108,10,NOTA,None of the Above,893,13
2022,Assembly,UP,GUNNAUR,111,1,AJEET KUMAR URF RAJU YADAV,Bharatiya Janata Party,94254,186
2022,Assembly,UP,GUNNAUR,111,2,FIROZ,Bahujan Samaj Party,15047,21
2022,Assembly,UP,GUNNAUR,111,3,Ramkhiladi Singh,Samajwadi Party,123373,596
2022,Assembly,UP,GUNNAUR,111,4,Vijay Sharma,Indian National Congress,1692,2
2022,Assembly,UP,GUNNAUR,111,5,ANIL KUMAR,Aazad Samaj Party (Kanshi Ram),567,1
2022,Assembly,UP,GUNNAUR,111,6,VIJAY KUMAR,Aam Aadmi Party,517,0
2022,Assembly,UP,GUNNAUR,111,7,Ramkhiladi,Independent,992,0
2022,Assembly,UP,GUNNAUR,111,8,Lakhvendra Urf Akhilesh Yadav,Independent,789,1
2022,Assembly,UP,GUNNAUR,111,9,Hari Singh,Independent,653,0
2022,Assembly,UP,GUNNAUR,111,10,NOTA,None of the Above,2598,3
2022,Assembly,UP,BISAULI,112,1,ASHUTOSH MAURYA URF RAJU,Samajwadi Party,110111,458
2022,Assembly,UP,BISAULI,112,2,KUSHAGRA SAGAR,Bharatiya Janata Party,108525,210
2022,Assembly,UP,BISAULI,112,3,JAYPAL SINGH,Bahujan Samaj Party,23414,40
2022,Assembly,UP,BISAULI,112,4,PRAGYA YASHODA,Indian National Congress,1088,1
2022,Assembly,UP,BISAULI,112,5,REKHA CHANDRA,Jan Adhikar Party,2068,4
2022,Assembly,UP,BISAULI,112,6,HARI PRAKASH ARYA,Sanyukt Samajwadi Dal,765,0
2022,Assembly,UP,BISAULI,112,7,GAUTAM KUMAR,Independent,609,1
2022,Assembly,UP,BISAULI,112,8,SURENDRA,Independent,883,0
2022,Assembly,UP,BISAULI,112,9,NOTA,None of the Above,1785,2
2022,Assembly,UP,SAHASWAN,113,1,DHIRENDRA KUMAR BHARDWAJ,Bharatiya Janata Party,66534,82
2022,Assembly,UP,SAHASWAN,113,2,BRAJESH YADAV,Samajwadi Party,83639,34
2022,Assembly,UP,SAHASWAN,113,3,MUSARRAT ALI,Bahujan Samaj Party,69700,28
2022,Assembly,UP,SAHASWAN,113,4,RAJVEER SINGH,Indian National Congress,1126,0
2022,Assembly,UP,SAHASWAN,113,5,ANIL KUMAR,Aam Aadmi Party,438,0
2022,Assembly,UP,SAHASWAN,113,6,KUNAL SINGH,Rashtriya Parivartan Dal,24054,6
2022,Assembly,UP,SAHASWAN,113,7,NAVAB,Jan Seva Sahayak Party,571,2
2022,Assembly,UP,SAHASWAN,113,8,PRAVESH KUMAR,Independent,914,0
2022,Assembly,UP,SAHASWAN,113,9,RAVENDRA SARMA,Independent,967,2
2022,Assembly,UP,SAHASWAN,113,10,RAKESH KUMAR SHARMA,Independent,875,1
2022,Assembly,UP,SAHASWAN,113,11,NOTA,None of the Above,1899,0
2022,Assembly,UP,BILSI,114,1,ANKIT CHAUHAN,Indian National Congress,1889,1
2022,Assembly,UP,BILSI,114,2,CHANDRA PRAKASH MAURYA,Samajwadi Party,68016,369
2022,Assembly,UP,BILSI,114,3,MAMTA SHAKYA,Bahujan Samaj Party,31604,90
2022,Assembly,UP,BILSI,114,4,HARISH CHANDRA,Bharatiya Janata Party,93329,171
2022,Assembly,UP,BILSI,114,5,KISHOR KUMAR,Rashtriya Shoshit Samaj Party,1409,2
2022,Assembly,UP,BILSI,114,6,DEVENDRA,Aam Aadmi Party,578,1
2022,Assembly,UP,BILSI,114,7,MIR HADI ALI URF BABAR MIYAN,Aazad Samaj Party (Kanshi Ram),2789,1
2022,Assembly,UP,BILSI,114,8,VEER PAL SINGH,Rashtriya Parivartan Dal,2026,7
2022,Assembly,UP,BILSI,114,9,SHAILENDRA KUMAR MISHRA,Jansatta Dal Loktantrik,615,0
2022,Assembly,UP,BILSI,114,10,DEENANATH,Independent,558,1
2022,Assembly,UP,BILSI,114,11,RAJARAM SHAKYA,Independent,690,0
2022,Assembly,UP,BILSI,114,12,NOTA,None of the Above,1173,0
2022,Assembly,UP,BADAUN,115,1,Mahesh Chandra Gupta,Bharatiya Janata Party,100717,379
2022,Assembly,UP,BADAUN,115,2,Rais Ahmad,Samajwadi Party,89280,637
2022,Assembly,UP,BADAUN,115,3,Rajni Singh,Indian National Congress,2225,10
2022,Assembly,UP,BADAUN,115,4,Rajesh Kumar Singh,Bahujan Samaj Party,23002,133
2022,Assembly,UP,BADAUN,115,5,Usaman Gaddi,VANCHITSAMAJ INSAAF PARTY,706,0
2022,Assembly,UP,BADAUN,115,6,Nandram,Bharatiya Subhash Sena,333,0
2022,Assembly,UP,BADAUN,115,7,Hem Singh,Independent,368,1
2022,Assembly,UP,BADAUN,115,8,NOTA,None of the Above,1383,9
2022,Assembly,UP,SHEKHUPUR,116,1,DHARMENDRA KUMAR SINGH SHAKYA,Bharatiya Janata Party,99259,172
2022,Assembly,UP,SHEKHUPUR,116,2,MAMTA DEVI,Indian National Congress,1448,6
2022,Assembly,UP,SHEKHUPUR,116,3,MUSLIM KHAN,Bahujan Samaj Party,34801,131
2022,Assembly,UP,SHEKHUPUR,116,4,Himanshu Yadav,Samajwadi Party,104920,611
2022,Assembly,UP,SHEKHUPUR,116,5,AVNESH KUMAR,Aazad Samaj Party (Kanshi Ram),857,0
2022,Assembly,UP,SHEKHUPUR,116,6,KUNWAR PAL,Bharatiya Subhash Sena,255,0
2022,Assembly,UP,SHEKHUPUR,116,7,MOHER SINGH,Jan Seva Sahayak Party,230,0
2022,Assembly,UP,SHEKHUPUR,116,8,RAVINDER KUMAR SINGH,Bahujan Mukti Party,306,0
2022,Assembly,UP,SHEKHUPUR,116,9,RIYASAT KHAN,Aam Aadmi Party,600,0
2022,Assembly,UP,SHEKHUPUR,116,10,SUNIL KUMAR,Vikassheel Insaan Party,581,1
2022,Assembly,UP,SHEKHUPUR,116,11,SHAHID ALI,Independent,415,0
2022,Assembly,UP,SHEKHUPUR,116,12,NOTA,None of the Above,1771,2
2022,Assembly,UP,DATAGANJ,117,1,ARJUN SINGH,Samajwadi Party,97988,127
2022,Assembly,UP,DATAGANJ,117,2,ATIF KHAN,Indian National Congress,2409,4
2022,Assembly,UP,DATAGANJ,117,3,RACHIT GUPTA,Bahujan Samaj Party,20554,17
2022,Assembly,UP,DATAGANJ,117,4,RAJEEV SINGH  URF BABBU BHAIYA,Bharatiya Janata Party,107457,134
2022,Assembly,UP,DATAGANJ,117,5,OMVEER,Vikassheel Insaan Party,1124,0
2022,Assembly,UP,DATAGANJ,117,6,KIRPA SHANKAR,Bahujan Mukti Party,326,0
2022,Assembly,UP,DATAGANJ,117,7,GANESH,Jan Adhikar Party,1550,1
2022,Assembly,UP,DATAGANJ,117,8,DHEERPAL KASHYAP,Aam Aadmi Party,278,3
2022,Assembly,UP,DATAGANJ,117,9,BRAJPAL SINGH,Jan Seva Sahayak Party,240,3
2022,Assembly,UP,DATAGANJ,117,10,MUNNA LAL,Rashtra Uday Party,798,0
2022,Assembly,UP,DATAGANJ,117,11,RAGHUNANDAN,Bharatiya Subhash Sena,420,0
2022,Assembly,UP,DATAGANJ,117,12,RAJEEV KUMAR,Garib Berozgar Vikas Party,1075,1
2022,Assembly,UP,DATAGANJ,117,13,RAJEEV PAL,Rashtriya Samaj Paksha,854,1
2022,Assembly,UP,DATAGANJ,117,14,SUBHASH CHANDRA YADAV,Rashtriya Parivartan Dal,476,1
2022,Assembly,UP,DATAGANJ,117,15,NOTA,None of the Above,1462,1
2022,Assembly,UP,BAHERI,118,1,ATAUR REHMAN,Samajwadi Party,123639,506
2022,Assembly,UP,BAHERI,118,2,ASEY RAM,Bahujan Samaj Party,15775,39
2022,Assembly,UP,BAHERI,118,3,CHHATRA PAL SINGH,Bharatiya Janata Party,120457,333
2022,Assembly,UP,BAHERI,118,4,SANTOSH,Indian National Congress,1839,6
2022,Assembly,UP,BAHERI,118,5,ASIF RAZA,Aam Aadmi Party,517,2
2022,Assembly,UP,BAHERI,118,6,JITENDRA PAL SINGH,Aazad Samaj Party (Kanshi Ram),241,0
2022,Assembly,UP,BAHERI,118,7,DHARM PAL,Bharatiya Subhash Sena,256,0
2022,Assembly,UP,BAHERI,118,8,AJAY GANGWAR,Independent,162,0
2022,Assembly,UP,BAHERI,118,9,CHHATR PAL,Independent,216,0
2022,Assembly,UP,BAHERI,118,10,DUSHYANT KUMAR,Independent,503,1
2022,Assembly,UP,BAHERI,118,11,FARIDA REHMAN,Independent,338,1
2022,Assembly,UP,BAHERI,118,12,NOTA,None of the Above,1172,0
2022,Assembly,UP,MEERGANJ,119,1,MU. ILIYAS,Indian National Congress,5278,10
2022,Assembly,UP,MEERGANJ,119,2,KUNWAR BHANU PRATAP SINGH KUNWAR PRATAP,Bahujan Samaj Party,19127,62
2022,Assembly,UP,MEERGANJ,119,3,DR. D. C. VERMA,Bharatiya Janata Party,116191,244
2022,Assembly,UP,MEERGANJ,119,4,SULTAN BEG,Samajwadi Party,83615,340
2022,Assembly,UP,MEERGANJ,119,5,YOGESH KUMAR,Aam Aadmi Party,816,2
2022,Assembly,UP,MEERGANJ,119,6,LAIK AHAMAD MANSURI,VANCHITSAMAJ INSAAF PARTY,808,0
2022,Assembly,UP,MEERGANJ,119,7,JAVED KHAN,Independent,732,0
2022,Assembly,UP,MEERGANJ,119,8,NOTA,None of the Above,1159,3
2022,Assembly,UP,BHOJIPURA,120,1,BAHORAN LAL MAURYA,Bharatiya Janata Party,109723,270
2022,Assembly,UP,BHOJIPURA,120,2,YOGESH KUMAR,Bahujan Samaj Party,26746,163
2022,Assembly,UP,BHOJIPURA,120,3,SHAZIL ISLAM ANSARI,Samajwadi Party,118953,449
2022,Assembly,UP,BHOJIPURA,120,4,SARDAR KHAN,Indian National Congress,1957,6
2022,Assembly,UP,BHOJIPURA,120,5,MAHENDRA SINGH,Aam Aadmi Party,608,2
2022,Assembly,UP,BHOJIPURA,120,6,NOTA,None of the Above,1368,5
2022,Assembly,UP,NAWABGANJ,121,1,Dr. M. P. Arya,Bharatiya Janata Party,110829,284
2022,Assembly,UP,NAWABGANJ,121,2,Usha Devi Gangwar,Indian National Congress,2031,8
2022,Assembly,UP,NAWABGANJ,121,3,BHAGWAT SARAN GANGWAR,Samajwadi Party,101285,591
2022,Assembly,UP,NAWABGANJ,121,4,Yusuf Khan,Bahujan Samaj Party,11047,36
2022,Assembly,UP,NAWABGANJ,121,5,Ratan Lal,Bharatiya Subhash Sena,384,1
2022,Assembly,UP,NAWABGANJ,121,6,RASHID ALI,Aazad Samaj Party (Kanshi Ram),225,0
2022,Assembly,UP,NAWABGANJ,121,7,Mohd. Saleem,Bahujan Mukti Party,282,0
2022,Assembly,UP,NAWABGANJ,121,8,Sunita Gangwar,Aam Aadmi Party,619,2
2022,Assembly,UP,NAWABGANJ,121,9,Umesh Kumar,Independent,148,0
2022,Assembly,UP,NAWABGANJ,121,10,Komil Parshad,Independent,238,0
2022,Assembly,UP,NAWABGANJ,121,11,Meenakshi Gangwar,Independent,722,1
2022,Assembly,UP,NAWABGANJ,121,12,Lekhraj Gangwar,Independent,319,0
2022,Assembly,UP,NAWABGANJ,121,13,NOTA,None of the Above,1450,1
2022,Assembly,UP,FARIDPUR,122,1,VIJAY PAL SINGH,Samajwadi Party,88604,545
2022,Assembly,UP,FARIDPUR,122,2,VISHAL SAGAR,Indian National Congress,1737,7
2022,Assembly,UP,FARIDPUR,122,3,SHALINI SINGH,Bahujan Samaj Party,14434,44
2022,Assembly,UP,FARIDPUR,122,4,PROF. SHYAM BIHARI LAL,Bharatiya Janata Party,91855,215
2022,Assembly,UP,FARIDPUR,122,5,AMISH SAGAR,Lok Dal,1754,5
2022,Assembly,UP,FARIDPUR,122,6,ULFAT,Jan Seva Sahayak Party,226,0
2022,Assembly,UP,FARIDPUR,122,7,JANAK PRASAD,Aam Aadmi Party,345,2
2022,Assembly,UP,FARIDPUR,122,8,PREMPAL SAGAR,VANCHITSAMAJ INSAAF PARTY,169,0
2022,Assembly,UP,FARIDPUR,122,9,SUSHIL KUMAR GAUTAM,Bahujan Mukti Party,359,0
2022,Assembly,UP,FARIDPUR,122,10,MAHENDRA,Independent,837,0
2022,Assembly,UP,FARIDPUR,122,11,PRIYANKA KUMARI,Independent,582,0
2022,Assembly,UP,FARIDPUR,122,12,SUNEETA SINGH,Independent,355,0
2022,Assembly,UP,FARIDPUR,122,13,NOTA,None of the Above,1529,3
2022,Assembly,UP,BITHARI CHAINPUR,123,1,AGAM KUMAR MAURYA,Samajwadi Party,99030,546
2022,Assembly,UP,BITHARI CHAINPUR,123,2,ALKA SINGH,Indian National Congress,1474,8
2022,Assembly,UP,BITHARI CHAINPUR,123,3,ASHISH PATEL,Bahujan Samaj Party,22615,112
2022,Assembly,UP,BITHARI CHAINPUR,123,4,DR. RAGHAVENDRA SHARMA,Bharatiya Janata Party,115063,354
2022,Assembly,UP,BITHARI CHAINPUR,123,5,SATISH KUMAR SINGH,Communist Party of India,1581,0
2022,Assembly,UP,BITHARI CHAINPUR,123,6,AHMAD HUSAIN,Aazad Samaj Party (Kanshi Ram),308,0
2022,Assembly,UP,BITHARI CHAINPUR,123,7,TOUFEEQ,All India Majlis-E-Ittehadul Muslimeen,2856,2
2022,Assembly,UP,BITHARI CHAINPUR,123,8,PAPPU SAGAR,Aam Aadmi Party,194,1
2022,Assembly,UP,BITHARI CHAINPUR,123,9,PRITI KASHYAP,Rashtriya Mazdoor Ekta Party,436,0
2022,Assembly,UP,BITHARI CHAINPUR,123,10,ABDUL FAHIM,Independent,327,0
2022,Assembly,UP,BITHARI CHAINPUR,123,11,DEVENDRA KUMAR,Independent,319,0
2022,Assembly,UP,BITHARI CHAINPUR,123,12,MANOJ SINGH,Independent,705,0
2022,Assembly,UP,BITHARI CHAINPUR,123,13,SURESH GIRI,Independent,499,0
2022,Assembly,UP,BITHARI CHAINPUR,123,14,SANGH PRIYA,Independent,317,0
2022,Assembly,UP,BITHARI CHAINPUR,123,15,NOTA,None of the Above,1283,0
2022,Assembly,UP,BAREILLY,124,1,DR ARUN KUMAR,Bharatiya Janata Party,128153,861
2022,Assembly,UP,BAREILLY,124,2,KRISHNA KANT SHARMA,Indian National Congress,2296,15
2022,Assembly,UP,BAREILLY,124,3,BRAHAMA NAND SHARMA,Bahujan Samaj Party,6863,119
2022,Assembly,UP,BAREILLY,124,4,RAJESH KUMAR AGARWAL,Samajwadi Party,95981,713
2022,Assembly,UP,BAREILLY,124,5,AMIT KHANDELWAL,Jan Shakti Ekta Party,465,0
2022,Assembly,UP,BAREILLY,124,6,KRISHNA BHARDWAJ,Aam Aadmi Party,706,8
2022,Assembly,UP,BAREILLY,124,7,JAVED HUSAIN,Mera Adhikaar Rashtriya Dal,103,0
2022,Assembly,UP,BAREILLY,124,8,RAFIA SHABNAM,Aazad Samaj Party (Kanshi Ram),263,0
2022,Assembly,UP,BAREILLY,124,9,SHAHEEM KHAN URF RAJU,All India Majlis-E-Ittehadul Muslimeen,1742,2
2022,Assembly,UP,BAREILLY,124,10,SAFIYA KHATOON,VANCHITSAMAJ INSAAF PARTY,220,0
2022,Assembly,UP,BAREILLY,124,11,RAKESH AGARWAL ADVOCATE,Independent,257,1
2022,Assembly,UP,BAREILLY,124,12,NOTA,None of the Above,1167,11
2022,Assembly,UP,BAREILLY CANTT.,125,1,ANIL KUMAR,Bahujan Samaj Party,3290,80
2022,Assembly,UP,BAREILLY CANTT.,125,2,MOHD. ISLAM ANSARI,Indian National Congress,2273,7
2022,Assembly,UP,BAREILLY CANTT.,125,3,SUPRIYA ARON,Samajwadi Party,87496,667
2022,Assembly,UP,BAREILLY CANTT.,125,4,SANJEEV AGARWAL,Bharatiya Janata Party,98497,434
2022,Assembly,UP,BAREILLY CANTT.,125,5,RAHEES MIYA,VANCHITSAMAJ INSAAF PARTY,425,0
2022,Assembly,UP,BAREILLY CANTT.,125,6,RAM GOPAL KASHYAP,Shiv Sena,251,2
2022,Assembly,UP,BAREILLY CANTT.,125,7,VINOD KUMAR GAUTAM,Jan Shakti Ekta Party,84,1
2022,Assembly,UP,BAREILLY CANTT.,125,8,VISHNU MOURYA,Jan Seva Sahayak Party,102,0
2022,Assembly,UP,BAREILLY CANTT.,125,9,SHAHNAZ BEGUM,Peace Party,104,1
2022,Assembly,UP,BAREILLY CANTT.,125,10,SHIVRI NAGVANSHI,Aam Aadmi Party,411,3
2022,Assembly,UP,BAREILLY CANTT.,125,11,ADARSH KUMAR GUPTA,Independent,80,0
2022,Assembly,UP,BAREILLY CANTT.,125,12,KRISHNA PAL,Independent,235,0
2022,Assembly,UP,BAREILLY CANTT.,125,13,CHANDRA BHOJ PATHAK,Independent,296,0
2022,Assembly,UP,BAREILLY CANTT.,125,14,MOHD NAFEES,Independent,315,0
2022,Assembly,UP,BAREILLY CANTT.,125,15,SUNIL KUMAR,Independent,426,1
2022,Assembly,UP,BAREILLY CANTT.,125,16,NOTA,None of the Above,685,2
2022,Assembly,UP,AONLA,126,1,OMVEER,Indian National Congress,2306,1
2022,Assembly,UP,AONLA,126,2,DHARMPAL SINGH,Bharatiya Janata Party,88789,167
2022,Assembly,UP,AONLA,126,3,PT. RADHA KRISHAN SHARMA,Samajwadi Party,70230,302
2022,Assembly,UP,AONLA,126,4,LAXMAN PRASAD,Bahujan Samaj Party,18727,46
2022,Assembly,UP,AONLA,126,5,MAKKHAN,Bahujan Mukti Party,531,0
2022,Assembly,UP,AONLA,126,6,MUEENUDDIN,Aazad Samaj Party (Kanshi Ram),346,0
2022,Assembly,UP,AONLA,126,7,RAM SINGH MAURYA,Aam Aadmi Party,1364,2
2022,Assembly,UP,AONLA,126,8,SHIVADAS VERMA,Vikassheel Insaan Party,514,0
2022,Assembly,UP,AONLA,126,9,JEERAJ SINGH,Independent,5370,12
2022,Assembly,UP,AONLA,126,10,DEVENDRA MAITHIL,Independent,1590,1
2022,Assembly,UP,AONLA,126,11,NOTA,None of the Above,1211,0
2022,Assembly,UP,PILIBHIT,127,1,SHAKEEL AHMAD NOORI,Indian National Congress,1038,4
2022,Assembly,UP,PILIBHIT,127,2,SHANE ALI,Bahujan Samaj Party,11961,138
2022,Assembly,UP,PILIBHIT,127,3,SHAILENDRA SINGH GANGWAR,Samajwadi Party,117152,1384
2022,Assembly,UP,PILIBHIT,127,4,SANJAY SINGH GANGWAR,Bharatiya Janata Party,124782,724
2022,Assembly,UP,PILIBHIT,127,5,ARVIND YADAV,Sarv Samaj Party,915,1
2022,Assembly,UP,PILIBHIT,127,6,BELA MATI,Bharatiya Subhash Sena,321,1
2022,Assembly,UP,PILIBHIT,127,7,MOTI RAM RAJPOOT,Sabka Dal United,547,1
2022,Assembly,UP,PILIBHIT,127,8,IKRAR HUSAIN,Independent,412,1
2022,Assembly,UP,PILIBHIT,127,9,MOHD SHARIK,Independent,437,2
2022,Assembly,UP,PILIBHIT,127,10,NOTA,None of the Above,1181,7
2022,Assembly,UP,BARKHERA,128,1,JAYDRATH URF PRAVAKTANAND,Bharatiya Janata Party,151498,273
2022,Assembly,UP,BARKHERA,128,2,MOHAN SWAROOP,Bahujan Samaj Party,9321,62
2022,Assembly,UP,BARKHERA,128,3,HARPREET PAL SINGH,Indian National Congress,2695,7
2022,Assembly,UP,BARKHERA,128,4,HEMRAJ VERMA,Samajwadi Party,69660,639
2022,Assembly,UP,BARKHERA,128,5,ASHISH GUPTA,Aam Aadmi Party,497,0
2022,Assembly,UP,BARKHERA,128,6,KISHAN LAL,Bharatiya Subhash Sena,324,3
2022,Assembly,UP,BARKHERA,128,7,BRIJ LAL,Bahujan Mukti Party,267,0
2022,Assembly,UP,BARKHERA,128,8,RAM KUMAR,Sabka Dal United,277,1
2022,Assembly,UP,BARKHERA,128,9,SARVESH MUNI PATHRIYA,Bharatiya Jan Jagriti Party,490,1
2022,Assembly,UP,BARKHERA,128,10,NOTA,None of the Above,1861,2
2022,Assembly,UP,PURANPUR,129,1,ASHOK KUMAR RAJA,Bahujan Samaj Party,15994,66
2022,Assembly,UP,PURANPUR,129,2,ARTI,Samajwadi Party,107387,441
2022,Assembly,UP,PURANPUR,129,3,ISHWAR DAYAL PASWAN,Indian National Congress,2050,4
2022,Assembly,UP,PURANPUR,129,4,BABURAM,Bharatiya Janata Party,134204,200
2022,Assembly,UP,PURANPUR,129,5,KAMLESH KUMAR,Log Party,1270,1
2022,Assembly,UP,PURANPUR,129,6,RAKESH DAVID,Rashtriya Teesara Vikalp Party,350,0
2022,Assembly,UP,PURANPUR,129,7,RAMESHWAR DAYAL,Bharatiya Subhash Sena,369,1
2022,Assembly,UP,PURANPUR,129,8,AMIT KUMAR,Independent,380,0
2022,Assembly,UP,PURANPUR,129,9,DEEPTI VERMA,Independent,2511,7
2022,Assembly,UP,PURANPUR,129,10,RAMPAL,Independent,681,1
2022,Assembly,UP,PURANPUR,129,11,VINOD KUMAR BHARTI,Independent,717,0
2022,Assembly,UP,PURANPUR,129,12,NOTA,None of the Above,1542,1
2022,Assembly,UP,BISALPUR,130,1,ANIS AHMED KHAN PHOOL BABU,Bahujan Samaj Party,35841,142
2022,Assembly,UP,BISALPUR,130,2,DIVYA GANGWAR,Samajwadi Party,69913,820
2022,Assembly,UP,BISALPUR,130,3,BHEEMSEN SHARMA,Communist Party of India,1770,4
2022,Assembly,UP,BISALPUR,130,4,VIVEK KUMAR VERMA,Bharatiya Janata Party,120787,355
2022,Assembly,UP,BISALPUR,130,5,SHIKHA PANDEY,Indian National Congress,1376,6
2022,Assembly,UP,BISALPUR,130,6,GIRISH SHRIVASTAVA,Naitik Party,362,0
2022,Assembly,UP,BISALPUR,130,7,DHARAMPAL GANGWAR,Aam Aadmi Party,647,5
2022,Assembly,UP,BISALPUR,130,8,MANOJ SINGH KUSHWAHA,Jan Adhikar Party,472,1
2022,Assembly,UP,BISALPUR,130,9,RAJARAM MATHUR,Aazad Samaj Party (Kanshi Ram),527,4
2022,Assembly,UP,BISALPUR,130,10,RAJESH KUMAR,Sabka Dal United,505,3
2022,Assembly,UP,BISALPUR,130,11,NITIN PATHAK,Independent,2869,11
2022,Assembly,UP,BISALPUR,130,12,PRADEEP KUMAR,Independent,801,2
2022,Assembly,UP,BISALPUR,130,13,RAJESH CHANDRA ARVIND,Independent,528,1
2022,Assembly,UP,BISALPUR,130,14,SUSHIL KUMAR SHUKLA,Independent,635,0
2022,Assembly,UP,BISALPUR,130,15,NOTA,None of the Above,1236,2
2022,Assembly,UP,KATRA,131,1,Munna Singh,Indian National Congress,17495,9
2022,Assembly,UP,KATRA,131,2,Rajesh Kashyap,Bahujan Samaj Party,15214,22
2022,Assembly,UP,KATRA,131,3,Rajesh Yadav,Samajwadi Party,77211,232
2022,Assembly,UP,KATRA,131,4,Veer Vikram Singh,Bharatiya Janata Party,77637,163
2022,Assembly,UP,KATRA,131,5,Rajveer,Jan Adhikar Party,2843,0
2022,Assembly,UP,KATRA,131,6,Vedram,Bharatiya Subhash Sena,460,0
2022,Assembly,UP,KATRA,131,7,Sukhvindar Singh,Aam Aadmi Party,287,1
2022,Assembly,UP,KATRA,131,8,Amit Kumar Mishra,Independent,477,0
2022,Assembly,UP,KATRA,131,9,Omdev,Independent,866,0
2022,Assembly,UP,KATRA,131,10,Mahipal,Independent,563,2
2022,Assembly,UP,KATRA,131,11,Vishwa Deepak,Independent,394,0
2022,Assembly,UP,KATRA,131,12,NOTA,None of the Above,1089,2
2022,Assembly,UP,JALALABAD,132,1,Anuruddh Singh,Bahujan Samaj Party,16003,54
2022,Assembly,UP,JALALABAD,132,2,Gurmeet  Kaur,Indian National Congress,1256,4
2022,Assembly,UP,JALALABAD,132,3,Neeraj Nalinish,Samajwadi Party,94754,283
2022,Assembly,UP,JALALABAD,132,4,Hari Prakash Verma,Bharatiya Janata Party,99453,156
2022,Assembly,UP,JALALABAD,132,5,Santram Singh Chauhan,Aam Aadmi Party,1299,2
2022,Assembly,UP,JALALABAD,132,6,Alok Kumar Sharma,Independent,893,0
2022,Assembly,UP,JALALABAD,132,7,Alok Yadav,Independent,793,0
2022,Assembly,UP,JALALABAD,132,8,Sanjeev Kumar,Independent,480,0
2022,Assembly,UP,JALALABAD,132,9,NOTA,None of the Above,1257,1
2022,Assembly,UP,TILHAR,133,1,NOKHEY LAL,Communist Party of India,1245,0
2022,Assembly,UP,TILHAR,133,2,NAWAB FAIZAN ALI KHAN,Bahujan Samaj Party,12257,33
2022,Assembly,UP,TILHAR,133,3,RAJNISH GUPTA,Indian National Congress,3074,8
2022,Assembly,UP,TILHAR,133,4,ROSHAN LAL VERMA,Samajwadi Party,88713,317
2022,Assembly,UP,TILHAR,133,5,SALONA KUSHWAHA,Bharatiya Janata Party,102095,212
2022,Assembly,UP,TILHAR,133,6,PRAMOD KUMAR YADAV,Bhartiya Krishak Dal,947,0
2022,Assembly,UP,TILHAR,133,7,VISHAMBAR DAYAL,Aam Aadmi Party,379,0
2022,Assembly,UP,TILHAR,133,8,SARITA YADAV,Rashtriya Samaj Paksha,294,0
2022,Assembly,UP,TILHAR,133,9,SAKIR,Lok Janshakti Party(Ram Vilas),228,0
2022,Assembly,UP,TILHAR,133,10,HARISHCHANDRA SHARMA,Bharatiya Subhash Sena,317,0
2022,Assembly,UP,TILHAR,133,11,ABHISHEK SINGH KUSHWAHA,Independent,693,0
2022,Assembly,UP,TILHAR,133,12,BABU SINGH,Independent,822,1
2022,Assembly,UP,TILHAR,133,13,RAM ASEREY,Independent,672,2
2022,Assembly,UP,TILHAR,133,14,SUMIT SRIVASTAV,Independent,374,0
2022,Assembly,UP,TILHAR,133,15,NOTA,None of the Above,771,1
2022,Assembly,UP,POWAYAN,134,1,ANUJ KUMRI,Indian National Congress,2488,5
2022,Assembly,UP,POWAYAN,134,2,UDAYVEER SINGH,Bahujan Samaj Party,16766,33
2022,Assembly,UP,POWAYAN,134,3,UPENDRA PAL SINGH,Samajwadi Party,78010,197
2022,Assembly,UP,POWAYAN,134,4,CHETRAM,Bharatiya Janata Party,129636,149
2022,Assembly,UP,POWAYAN,134,5,AMIT KUMAR,Lok Janshakti Party(Ram Vilas),1359,0
2022,Assembly,UP,POWAYAN,134,6,CHAMPATI,Bharatiya Subhash Sena,454,1
2022,Assembly,UP,POWAYAN,134,7,MAHESH CHANDRA SAGAR,Aazad Samaj Party (Kanshi Ram),474,0
2022,Assembly,UP,POWAYAN,134,8,DIVAKER LAL,Independent,463,1
2022,Assembly,UP,POWAYAN,134,9,MAHENDRA SINGH,Independent,629,0
2022,Assembly,UP,POWAYAN,134,10,RAMPAL,Independent,625,1
2022,Assembly,UP,POWAYAN,134,11,SUDHA DEVI,Independent,666,1
2022,Assembly,UP,POWAYAN,134,12,NOTA,None of the Above,1366,1
2022,Assembly,UP,SHAHJAHANPUR,135,1,Tanveer Khan,Samajwadi Party,99554,1075
2022,Assembly,UP,SHAHJAHANPUR,135,2,Smt. Poonam,Indian National Congress,1367,15
2022,Assembly,UP,SHAHJAHANPUR,135,3,Sarvesh Chandra Dhandhu,Bahujan Samaj Party,8561,165
2022,Assembly,UP,SHAHJAHANPUR,135,4,Suresh Kumar Khanna,Bharatiya Janata Party,109188,754
2022,Assembly,UP,SHAHJAHANPUR,135,5,Manoj Kumar,Rashtriya Samaj Paksha,752,3
2022,Assembly,UP,SHAHJAHANPUR,135,6,Rajiv Kumar,Aam Aadmi Party,304,6
2022,Assembly,UP,SHAHJAHANPUR,135,7,Rajeev Kumar Saxena,Bhartiya Krishak Dal,106,0
2022,Assembly,UP,SHAHJAHANPUR,135,8,RAM DAYAL,Bharatiya Subhash Sena,96,0
2022,Assembly,UP,SHAHJAHANPUR,135,9,Rahul Mohan,Lok Janshakti Party(Ram Vilas),119,3
2022,Assembly,UP,SHAHJAHANPUR,135,10,Shahadeva Kumar,Sabka Dal United,124,0
2022,Assembly,UP,SHAHJAHANPUR,135,11,Ajay Mera Pandey,Independent,239,0
2022,Assembly,UP,SHAHJAHANPUR,135,12,Aradhana,Independent,185,1
2022,Assembly,UP,SHAHJAHANPUR,135,13,Lokesh Shrivastava,Independent,503,0
2022,Assembly,UP,SHAHJAHANPUR,135,14,Wakar Ahamad Khan,Independent,190,0
2022,Assembly,UP,SHAHJAHANPUR,135,15,Sanjay Kumar,Independent,171,0
2022,Assembly,UP,SHAHJAHANPUR,135,16,NOTA,None of the Above,961,5
2022,Assembly,UP,PALIA,137,1,Dr. Jakir Husain,Bahujan Samaj Party,27771,78
2022,Assembly,UP,PALIA,137,2,Pritinder Singh Kakku,Samajwadi Party,80370,365
2022,Assembly,UP,PALIA,137,3,Rishal Ahamad,Indian National Congress,4502,12
2022,Assembly,UP,PALIA,137,4,Harvinder Kumar Sahni alias Romi Sahni,Bharatiya Janata Party,118706,158
2022,Assembly,UP,PALIA,137,5,Arti Rai,Communist Party of India  (Marxist-Leninist)  (Liberation),1822,0
2022,Assembly,UP,PALIA,137,6,Lalit Kumar Verma,Aam Aadmi Party,1000,0
2022,Assembly,UP,PALIA,137,7,NOTA,None of the Above,2008,2
2022,Assembly,UP,NIGHASAN,138,1,Atal Kumar Shukla,Indian National Congress,2754,8
2022,Assembly,UP,NIGHASAN,138,2,R A Usmani,Bahujan Samaj Party,15354,38
2022,Assembly,UP,NIGHASAN,138,3,R S Kushwaha,Samajwadi Party,85155,324
2022,Assembly,UP,NIGHASAN,138,4,Shashank Verma,Bharatiya Janata Party,126362,126
2022,Assembly,UP,NIGHASAN,138,5,Qamrul Huda,Jan Adhikar Party,2707,0
2022,Assembly,UP,NIGHASAN,138,6,Harish Verma,Aam Aadmi Party,1047,3
2022,Assembly,UP,NIGHASAN,138,7,Chandra Pratap Lodhi,Independent,746,0
2022,Assembly,UP,NIGHASAN,138,8,NOTA,None of the Above,2190,1
2022,Assembly,UP,GOLA GOKRANNATH,139,1,Arvind Giri,Bharatiya Janata Party,126250,284
2022,Assembly,UP,GOLA GOKRANNATH,139,2,Prahlad Patel,Indian National Congress,3507,6
2022,Assembly,UP,GOLA GOKRANNATH,139,3,Vinay Tiwari,Samajwadi Party,96548,692
2022,Assembly,UP,GOLA GOKRANNATH,139,4,Patel Shikha Ashok Kanaujiya,Bahujan Samaj Party,26885,85
2022,Assembly,UP,GOLA GOKRANNATH,139,5,Abhishekh Kumari,Nai Kranti Party,1143,0
2022,Assembly,UP,GOLA GOKRANNATH,139,6,Ram Niwas Verma,Aam Aadmi Party,1902,7
2022,Assembly,UP,GOLA GOKRANNATH,139,7,Siddharth Shukla,Independent,710,1
2022,Assembly,UP,GOLA GOKRANNATH,139,8,NOTA,None of the Above,1971,2
2022,Assembly,UP,SRI NAGAR,140,1,Chandni,Indian National Congress,2126,1
2022,Assembly,UP,SRI NAGAR,140,2,Meera Bano,Bahujan Samaj Party,23009,82
2022,Assembly,UP,SRI NAGAR,140,3,Manju Tyagi,Bharatiya Janata Party,108081,168
2022,Assembly,UP,SRI NAGAR,140,4,Ram Sharan,Samajwadi Party,90063,578
2022,Assembly,UP,SRI NAGAR,140,5,Anil Kumar,Aam Aadmi Party,1023,1
2022,Assembly,UP,SRI NAGAR,140,6,Mahavir Singh,Asankhya Samaj Party,496,0
2022,Assembly,UP,SRI NAGAR,140,7,Satallu,Aazad Samaj Party (Kanshi Ram),691,0
2022,Assembly,UP,SRI NAGAR,140,8,Parmeshwar Din,Independent,697,0
2022,Assembly,UP,SRI NAGAR,140,9,Prashant Verma,Independent,652,1
2022,Assembly,UP,SRI NAGAR,140,10,NOTA,None of the Above,1618,6
2022,Assembly,UP,DHAURAHRA,141,1,ANAND MOHAN URF DHEER MOHAN TRIVEDI,Bahujan Samaj Party,16096,26
2022,Assembly,UP,DHAURAHRA,141,2,JITENDRI DEVI,Indian National Congress,1216,0
2022,Assembly,UP,DHAURAHRA,141,3,VARUN SINGH,Samajwadi Party,88549,339
2022,Assembly,UP,DHAURAHRA,141,4,VINOD SHANKAR,Bharatiya Janata Party,113403,95
2022,Assembly,UP,DHAURAHRA,141,5,MULANDER KUMAR AWASTHI,Shiv Sena,2566,0
2022,Assembly,UP,DHAURAHRA,141,6,ARVIND KUMAR,"Adarsh Janta Party,",932,0
2022,Assembly,UP,DHAURAHRA,141,7,MUKESH KUMAR,Independent,1159,0
2022,Assembly,UP,DHAURAHRA,141,8,REKHA DEVI,Independent,1320,0
2022,Assembly,UP,DHAURAHRA,141,9,VINOD KUMAR,Independent,1136,0
2022,Assembly,UP,DHAURAHRA,141,10,NOTA,None of the Above,2478,0
2022,Assembly,UP,LAKHIMPUR,142,1,Utkarsh Verma Madhur,Samajwadi Party,106146,939
2022,Assembly,UP,LAKHIMPUR,142,2,Janardan Prasad J.P.Mishra,Communist Party of India,1119,0
2022,Assembly,UP,LAKHIMPUR,142,3,Mohan Bajpai,Bahujan Samaj Party,23860,154
2022,Assembly,UP,LAKHIMPUR,142,4,Yogesh Verma,Bharatiya Janata Party,127262,401
2022,Assembly,UP,LAKHIMPUR,142,5,Dr. RaviShankar Trivedi,Indian National Congress,2822,12
2022,Assembly,UP,LAKHIMPUR,142,6,Ashraf Ali  Advocate,Peace Party,334,1
2022,Assembly,UP,LAKHIMPUR,142,7,Mo. Usman Siddiqui,All India Majlis-E-Ittehadul Muslimeen,1208,4
2022,Assembly,UP,LAKHIMPUR,142,8,Khushi Kinnar,Aam Aadmi Parivartan Party,646,0
2022,Assembly,UP,LAKHIMPUR,142,9,Nawal Kishor,Bharat Swabhiman Party,522,0
2022,Assembly,UP,LAKHIMPUR,142,10,Dr. Ram Ji Sharma Advocate,Rashtriya Lokshakti Party,879,0
2022,Assembly,UP,LAKHIMPUR,142,11,Reetu Verma  Didi,Loktantrik Janwadi Party,537,0
2022,Assembly,UP,LAKHIMPUR,142,12,Naresh Singh Bhadauriya,Independent,575,2
2022,Assembly,UP,LAKHIMPUR,142,13,NOTA,None of the Above,2047,2
2022,Assembly,UP,KASTA,143,1,RADHE SHYAM,Indian National Congress,1955,1
2022,Assembly,UP,KASTA,143,2,SUNEEL KUMAR LALA,Samajwadi Party,88929,569
2022,Assembly,UP,KASTA,143,3,SAURABH SINGH,Bharatiya Janata Party,103093,222
2022,Assembly,UP,KASTA,143,4,HEMVATI DEVI,Bahujan Samaj Party,16281,63
2022,Assembly,UP,KASTA,143,5,GAYADATT,Uttar Pradesh Republican Party,830,0
2022,Assembly,UP,KASTA,143,6,JASKARAN RAJ,Janta Rakshak Party,492,0
2022,Assembly,UP,KASTA,143,7,JAGDISH PRASAD,Independent,709,0
2022,Assembly,UP,KASTA,143,8,LAVKUSH,Independent,1007,0
2022,Assembly,UP,KASTA,143,9,NOTA,None of the Above,1396,3
2022,Assembly,UP,MOHAMMDI,144,1,DAUD AHMAD,Samajwadi Party,94112,394
2022,Assembly,UP,MOHAMMDI,144,2,REETU SINGH,Indian National Congress,2414,5
2022,Assembly,UP,MOHAMMDI,144,3,LOKENDRA PRATAP SINGH,Bharatiya Janata Party,99263,114
2022,Assembly,UP,MOHAMMDI,144,4,SHAKEEL AHMAD SIDDIQUI,Bahujan Samaj Party,31084,60
2022,Assembly,UP,MOHAMMDI,144,5,ANURAG M. SARTHI,Action Party,1157,0
2022,Assembly,UP,MOHAMMDI,144,6,RAVIKANT,Aam Aadmi Party,1532,2
2022,Assembly,UP,MOHAMMDI,144,7,ROOPRAM,Independent,548,0
2022,Assembly,UP,MOHAMMDI,144,8,NOTA,None of the Above,1748,3
2022,Assembly,UP,MAHOLI,145,1,ANOOP KUMAR GUPTA,Samajwadi Party,99357,511
2022,Assembly,UP,MAHOLI,145,2,ASHISH MISHRA,Indian National Congress,2199,13
2022,Assembly,UP,MAHOLI,145,3,DR RAJENDRA PRASAD VERMA,Bahujan Samaj Party,25447,60
2022,Assembly,UP,MAHOLI,145,4,SHASHANK TRIVEDI,Bharatiya Janata Party,111857,183
2022,Assembly,UP,MAHOLI,145,5,AJAY VERMA,Bharatiya Jan Kranti Dal (Democratic),2222,0
2022,Assembly,UP,MAHOLI,145,6,TEJ NARAYAN VISHVAKARMA,Bahujan Mukti Party,458,1
2022,Assembly,UP,MAHOLI,145,7,DEEPTI VERMA,Aam Aadmi Party,983,2
2022,Assembly,UP,MAHOLI,145,8,NAFEES KHAN,Loktantrik Janwadi Party,306,0
2022,Assembly,UP,MAHOLI,145,9,NEERAJ,Uttar Pradesh Republican Party,313,0
2022,Assembly,UP,MAHOLI,145,10,RAJESH KUMAR RATHAUR,Bharatiya Subhash Sena,409,1
2022,Assembly,UP,MAHOLI,145,11,RAMKUMAR MISHRA,Prajashakti Party Samdarshi,1091,1
2022,Assembly,UP,MAHOLI,145,12,PRADEEP,Independent,1414,1
2022,Assembly,UP,MAHOLI,145,13,RADHESHYAM,Independent,896,0
2022,Assembly,UP,MAHOLI,145,14,RAM KUMAR,Independent,585,0
2022,Assembly,UP,MAHOLI,145,15,SHYAM LAL,Independent,714,0
2022,Assembly,UP,MAHOLI,145,16,NOTA,None of the Above,1479,1
2022,Assembly,UP,SITAPUR,146,1,Khurshid Ansari,Bahujan Samaj Party,16926,62
2022,Assembly,UP,SITAPUR,146,2,Rakesh Rathour,Bharatiya Janata Party,99099,250
2022,Assembly,UP,SITAPUR,146,3,Radhey Shyam Jaiswal,Samajwadi Party,97320,776
2022,Assembly,UP,SITAPUR,146,4,Shamina Shafiq,Indian National Congress,2877,9
2022,Assembly,UP,SITAPUR,146,5,Anand Jaiswal,Aam Aadmi Party,432,3
2022,Assembly,UP,SITAPUR,146,6,Dr. Babu Ram Gautam,All India Peoples' Front (Radical),269,0
2022,Assembly,UP,SITAPUR,146,7,Ramshankar,Sabka Dal United,256,0
2022,Assembly,UP,SITAPUR,146,8,Satyendra Kumar,Bharatiya Subhash Sena,234,0
2022,Assembly,UP,SITAPUR,146,9,Azaan,Independent,460,1
2022,Assembly,UP,SITAPUR,146,10,Dinesh Kumar Jaiswal,Independent,264,0
2022,Assembly,UP,SITAPUR,146,11,Pankaj Mishra,Independent,293,0
2022,Assembly,UP,SITAPUR,146,12,Rakesh,Independent,450,0
2022,Assembly,UP,SITAPUR,146,13,Rupendra Kumar,Independent,778,0
2022,Assembly,UP,SITAPUR,146,14,Saket Mishra,Independent,10482,85
2022,Assembly,UP,SITAPUR,146,15,NOTA,None of the Above,1221,5
2022,Assembly,UP,HARGAON,147,1,MAMTA BHARTI,Indian National Congress,3127,3
2022,Assembly,UP,HARGAON,147,2,RANU CHAUDHARY,Bahujan Samaj Party,16197,29
2022,Assembly,UP,HARGAON,147,3,RAMHET BHARTI,Samajwadi Party,78217,314
2022,Assembly,UP,HARGAON,147,4,SURESH RAHI,Bharatiya Janata Party,116565,126
2022,Assembly,UP,HARGAON,147,5,ARJUN LAL,Communist Party of India  (Marxist-Leninist)  (Liberation),2600,0
2022,Assembly,UP,HARGAON,147,6,KHUSHIRAM CHAUDHARY,Ambedkar Samaj Party,613,0
2022,Assembly,UP,HARGAON,147,7,RAMPAL,Lok Bandhu Party,697,0
2022,Assembly,UP,HARGAON,147,8,SAURABH KISHORE,Aazad Samaj Party (Kanshi Ram),1391,0
2022,Assembly,UP,HARGAON,147,9,SUMAN,Independent,856,2
2022,Assembly,UP,HARGAON,147,10,NOTA,None of the Above,1685,3
2022,Assembly,UP,LAHARPUR,148,1,ANIL KUMAR VERMA,Samajwadi Party,112462,525
2022,Assembly,UP,LAHARPUR,148,2,ANUPAMA DWIVEDI,Indian National Congress,1562,2
2022,Assembly,UP,LAHARPUR,148,3,MO. JUNAID ANSARI,Bahujan Samaj Party,19760,49
2022,Assembly,UP,LAHARPUR,148,4,SUNEEL VERMA,Bharatiya Janata Party,99643,189
2022,Assembly,UP,LAHARPUR,148,5,SANTOSH KUMAR SAXENA,Aam Aadmi Party,2144,0
2022,Assembly,UP,LAHARPUR,148,6,ATUL VERMA,Independent,820,1
2022,Assembly,UP,LAHARPUR,148,7,RAKESH KUMAR,Independent,556,0
2022,Assembly,UP,LAHARPUR,148,8,SALMA BEGUM,Independent,548,0
2022,Assembly,UP,LAHARPUR,148,9,NOTA,None of the Above,1890,0
2022,Assembly,UP,BISWAN,149,1,AFZAAL KAUSAR,Samajwadi Party,95119,417
2022,Assembly,UP,BISWAN,149,2,NIRMAL VERMA,Bharatiya Janata Party,105798,216
2022,Assembly,UP,BISWAN,149,3,VANDANA BHARRGAVA,Indian National Congress,4660,5
2022,Assembly,UP,BISWAN,149,4,HASHIM ALI,Bahujan Samaj Party,24016,70
2022,Assembly,UP,BISWAN,149,5,ADARSH,Aam Aadmi Party,523,0
2022,Assembly,UP,BISWAN,149,6,RAM KISHOR VERMA,Janata Dal  (United),302,0
2022,Assembly,UP,BISWAN,149,7,RAMLAKHAN GAUTAM,Prajashakti Party Samdarshi,634,0
2022,Assembly,UP,BISWAN,149,8,NATTHARAM,Independent,360,0
2022,Assembly,UP,BISWAN,149,9,"RIAZUDDIN ""RAZU""",Independent,262,0
2022,Assembly,UP,BISWAN,149,10,SHASHIKALA VERMA,Independent,316,0
2022,Assembly,UP,BISWAN,149,11,SALIL SETH,Independent,1689,4
2022,Assembly,UP,BISWAN,149,12,SAHAJRAM,Independent,814,0
2022,Assembly,UP,BISWAN,149,13,NOTA,None of the Above,1581,0
2022,Assembly,UP,SEVATA,150,1,ASHISH PRATAP SINGH,Bahujan Samaj Party,17044,10
2022,Assembly,UP,SEVATA,150,2,MAHENDRA KUMAR SINGH,Samajwadi Party,87619,157
2022,Assembly,UP,SEVATA,150,3,DR. VIJAYNATH AWASTHI,Indian National Congress,2984,0
2022,Assembly,UP,SEVATA,150,4,GYAN TIWARI,Bharatiya Janata Party,107980,77
2022,Assembly,UP,SEVATA,150,5,SHANTI DEVI,Vikassheel Insaan Party,4300,0
2022,Assembly,UP,SEVATA,150,6,MASTURI KHATUN,Independent,964,0
2022,Assembly,UP,SEVATA,150,7,NOTA,None of the Above,1996,0
2022,Assembly,UP,MAHMOODABAD,151,1,ASHA MAURYA,Bharatiya Janata Party,91981,110
2022,Assembly,UP,MAHMOODABAD,151,2,USHA VERMA,Indian National Congress,1761,1
2022,Assembly,UP,MAHMOODABAD,151,3,NARENDRA SINGH VERMA,Samajwadi Party,86292,577
2022,Assembly,UP,MAHMOODABAD,151,4,MEESAM AMMAR RIZVI,Bahujan Samaj Party,35247,57
2022,Assembly,UP,MAHMOODABAD,151,5,MAYA VERMA,Bhartiya Rashtrawadi Party,541,0
2022,Assembly,UP,MAHMOODABAD,151,6,RAJ KUMAR GUPTA,Aam Aadmi Party,393,0
2022,Assembly,UP,MAHMOODABAD,151,7,DEEP KUMAR,Independent,637,0
2022,Assembly,UP,MAHMOODABAD,151,8,RAGHUNANDAN,Independent,467,0
2022,Assembly,UP,MAHMOODABAD,151,9,VINOD KUMAR,Independent,424,0
2022,Assembly,UP,MAHMOODABAD,151,10,NOTA,None of the Above,1362,3
2022,Assembly,UP,SIDHAULI,152,1,Kamla Rawat,Indian National Congress,2358,2
2022,Assembly,UP,SIDHAULI,152,2,Pushpendra Kumar or Dr. Pushpendra Pasi,Bahujan Samaj Party,31468,62
2022,Assembly,UP,SIDHAULI,152,3,Manish Rawat,Bharatiya Janata Party,106022,200
2022,Assembly,UP,SIDHAULI,152,4,Dr. Hargovind Bhargava,Samajwadi Party,96121,385
2022,Assembly,UP,SIDHAULI,152,5,Kanhiya Lal,Aam Aadmi Party,1154,0
2022,Assembly,UP,SIDHAULI,152,6,Mahendra Kumar Rawat,Awami Samta Party,543,0
2022,Assembly,UP,SIDHAULI,152,7,Rajkaran,Voters Party  International,414,0
2022,Assembly,UP,SIDHAULI,152,8,Virendra Kumar,Sarv Rajya Party,392,0
2022,Assembly,UP,SIDHAULI,152,9,Aditya Prakash,Independent,689,0
2022,Assembly,UP,SIDHAULI,152,10,Imartilal,Independent,630,0
2022,Assembly,UP,SIDHAULI,152,11,Satish Kumar Bhargava,Independent,833,0
2022,Assembly,UP,SIDHAULI,152,12,Sunita Rawat,Independent,889,1
2022,Assembly,UP,SIDHAULI,152,13,NOTA,None of the Above,1556,0
2022,Assembly,UP,MISRIKH,153,1,RAMKRISHNA BHARGAVA,Bharatiya Janata Party,90935,157
2022,Assembly,UP,MISRIKH,153,2,SHYAM KISHOR,Bahujan Samaj Party,34565,89
2022,Assembly,UP,MISRIKH,153,3,SUBHASH RAJVANSHI,Indian National Congress,1969,7
2022,Assembly,UP,MISRIKH,153,4,DHARMENDRA DHANGAR,Jansatta Dal Loktantrik,3750,14
2022,Assembly,UP,MISRIKH,153,5,BABURAM VERMA,Aam Aadmi Party,1448,2
2022,Assembly,UP,MISRIKH,153,6,MANOJ KUMAR RAJVANSHI,Suheldev Bharatiya Samaj Party,79306,321
2022,Assembly,UP,MISRIKH,153,7,VIJAY PRAKASH GAUTAM,Aazad Samaj Party (Kanshi Ram),1270,1
2022,Assembly,UP,MISRIKH,153,8,SANTOSH,Bahujan Mukti Party,579,0
2022,Assembly,UP,MISRIKH,153,9,PRADEEP KUMAR RAJVANSHI,Independent,440,1
2022,Assembly,UP,MISRIKH,153,10,MANOJ KUMAR,Independent,4070,17
2022,Assembly,UP,MISRIKH,153,11,SUNEETA,Independent,900,2
2022,Assembly,UP,MISRIKH,153,12,NOTA,None of the Above,1493,5
2022,Assembly,UP,SAWAYAZPUR,154,1,Padamrag Singh Yadav,Samajwadi Party,88029,547
2022,Assembly,UP,SAWAYAZPUR,154,2,Madhavendra Pratap Singh,Bharatiya Janata Party,114089,174
2022,Assembly,UP,SAWAYAZPUR,154,3,Rajvardhan Singh,Indian National Congress,11382,14
2022,Assembly,UP,SAWAYAZPUR,154,4,Dr. Rahul Tiwari,Bahujan Samaj Party,21162,59
2022,Assembly,UP,SAWAYAZPUR,154,5,Ramesh,Bharatiya Subhash Sena,495,0
2022,Assembly,UP,SAWAYAZPUR,154,6,Ritoo,Bhartiya Shakti Chetna Party,263,0
2022,Assembly,UP,SAWAYAZPUR,154,7,Vedram,Jan Adhikar Party,5408,10
2022,Assembly,UP,SAWAYAZPUR,154,8,Gyanesh Kumar,Aazad Samaj Party (Kanshi Ram),513,0
2022,Assembly,UP,SAWAYAZPUR,154,9,Anupam Pratap Singh,Independent,250,0
2022,Assembly,UP,SAWAYAZPUR,154,10,Umesh Chandra Pathak,Independent,384,0
2022,Assembly,UP,SAWAYAZPUR,154,11,Manoj Kumar,Independent,263,0
2022,Assembly,UP,SAWAYAZPUR,154,12,Raj Prakash Singh,Independent,365,0
2022,Assembly,UP,SAWAYAZPUR,154,13,Ramveer,Independent,627,2
2022,Assembly,UP,SAWAYAZPUR,154,14,Lal Bahadur Singh,Independent,1043,0
2022,Assembly,UP,SAWAYAZPUR,154,15,Suraj Prakash,Independent,1655,0
2022,Assembly,UP,SAWAYAZPUR,154,16,NOTA,None of the Above,1487,1
2022,Assembly,UP,SHAHABAD,155,1,AZIMUSHAN,Indian National Congress,1559,2
2022,Assembly,UP,SHAHABAD,155,2,AHIVRAN,Bahujan Samaj Party,37330,145
2022,Assembly,UP,SHAHABAD,155,3,MOHD ASIF KHAN,Samajwadi Party,87452,630
2022,Assembly,UP,SHAHABAD,155,4,RAJNI TIWARI,Bharatiya Janata Party,94325,236
2022,Assembly,UP,SHAHABAD,155,5,KAMAL KUMAR SHUKLA,Aam Aadmi Party,1739,3
2022,Assembly,UP,SHAHABAD,155,6,PARINITA SINGH,Jansatta Dal Loktantrik,347,0
2022,Assembly,UP,SHAHABAD,155,7,RAM KISHOR,Jan Adhikar Party,498,0
2022,Assembly,UP,SHAHABAD,155,8,RAHUL KUMAR,Manuvadi Party,682,0
2022,Assembly,UP,SHAHABAD,155,9,AKHILESH PATHAK,Independent,4372,8
2022,Assembly,UP,SHAHABAD,155,10,NASREEN BANO,Independent,831,0
2022,Assembly,UP,SHAHABAD,155,11,NAGENDRA SINGH,Independent,831,0
2022,Assembly,UP,SHAHABAD,155,12,SAURABH,Independent,862,1
2022,Assembly,UP,SHAHABAD,155,13,NOTA,None of the Above,1664,0
2022,Assembly,UP,HARDOI,156,1,Anil Verma,Samajwadi Party,82935,1404
2022,Assembly,UP,HARDOI,156,2,Ashish Singh Somvanshi,Indian National Congress,1985,14
2022,Assembly,UP,HARDOI,156,3,Nitin Agarwal,Bharatiya Janata Party,126012,738
2022,Assembly,UP,HARDOI,156,4,Shobhit Pathak,Bahujan Samaj Party,20423,150
2022,Assembly,UP,HARDOI,156,5,Akhtar Ali,Aazad Samaj Party (Kanshi Ram),905,5
2022,Assembly,UP,HARDOI,156,6,Ataurrahman,All India Majlis-E-Ittehadul Muslimeen,641,1
2022,Assembly,UP,HARDOI,156,7,Mohit Mishra,Akhil Bhartiya Naitik Party,746,0
2022,Assembly,UP,HARDOI,156,8,Sushil Kumar Pandey,Aam Aadmi Party,595,1
2022,Assembly,UP,HARDOI,156,9,NOTA,None of the Above,1733,7
2022,Assembly,UP,GOPAMAU,157,1,Rajeshwari,Samajwadi Party,83173,591
2022,Assembly,UP,GOPAMAU,157,2,Shyam Prakash,Bharatiya Janata Party,91571,191
2022,Assembly,UP,GOPAMAU,157,3,Sarvesh Kumar,Bahujan Samaj Party,31560,155
2022,Assembly,UP,GOPAMAU,157,4,Suneeta Devi,Indian National Congress,1406,4
2022,Assembly,UP,GOPAMAU,157,5,Rudra Pratap Shahi,Aam Aadmi Party,580,0
2022,Assembly,UP,GOPAMAU,157,6,Munshilal,Independent,960,0
2022,Assembly,UP,GOPAMAU,157,7,Shive Kumar,Independent,970,0
2022,Assembly,UP,GOPAMAU,157,8,NOTA,None of the Above,1886,1
2022,Assembly,UP,SANDI,158,1,Akanksha Verma,Indian National Congress,3047,8
2022,Assembly,UP,SANDI,158,2,Usha Verma,Samajwadi Party,71564,722
2022,Assembly,UP,SANDI,158,3,Kamal Verma s/o Sundar Lal Verma,Bahujan Samaj Party,30426,150
2022,Assembly,UP,SANDI,158,4,Prabhash Kumar,Bharatiya Janata Party,81315,204
2022,Assembly,UP,SANDI,158,5,Pradeep Kumar,Bhartiya Krishak Dal,1415,1
2022,Assembly,UP,SANDI,158,6,Ranjeet Singh Khalsa,Bahujan Party,391,0
2022,Assembly,UP,SANDI,158,7,Swarn Kant,Aam Aadmi Party,385,3
2022,Assembly,UP,SANDI,158,8,Anup Kumar,Independent,304,0
2022,Assembly,UP,SANDI,158,9,Arvind Kumar,Independent,631,0
2022,Assembly,UP,SANDI,158,10,Kamal Verma s/o Niranjan Lal,Independent,1557,0
2022,Assembly,UP,SANDI,158,11,Ram Sagar,Independent,783,0
2022,Assembly,UP,SANDI,158,12,Shive Kumar,Independent,916,0
2022,Assembly,UP,SANDI,158,13,NOTA,None of the Above,1686,3
2022,Assembly,UP,BILGRAM-MALLANWAN,159,1,ASHISH KUMAR SINGH 'ASHU',Bharatiya Janata Party,81732,343
2022,Assembly,UP,BILGRAM-MALLANWAN,159,2,KRISHNA KUMAR SINGH,Bahujan Samaj Party,35569,195
2022,Assembly,UP,BILGRAM-MALLANWAN,159,3,BRIJESH KUMAR VERMA,Samajwadi Party,56155,1030
2022,Assembly,UP,BILGRAM-MALLANWAN,159,4,SUBHASH PAL,Indian National Congress,52284,114
2022,Assembly,UP,BILGRAM-MALLANWAN,159,5,DEEPAK KUMAR,Aam Aadmi Party,1466,8
2022,Assembly,UP,BILGRAM-MALLANWAN,159,6,MADHURI SINGH,Bhartiya Shakti Chetna Party,194,0
2022,Assembly,UP,BILGRAM-MALLANWAN,159,7,SHYAM MOHAN PANDEY,Satya Bahumat Party,242,0
2022,Assembly,UP,BILGRAM-MALLANWAN,159,8,DEEPIKA SUMAN,Independent,153,0
2022,Assembly,UP,BILGRAM-MALLANWAN,159,9,RAMESH CHANDRA,Independent,208,0
2022,Assembly,UP,BILGRAM-MALLANWAN,159,10,VIMLA DEVI,Independent,1090,0
2022,Assembly,UP,BILGRAM-MALLANWAN,159,11,SHABNUM ATTRI,Independent,624,0
2022,Assembly,UP,BILGRAM-MALLANWAN,159,12,C. K. SINGH,Independent,703,7
2022,Assembly,UP,BILGRAM-MALLANWAN,159,13,SONIKA VERMA,Independent,829,0
2022,Assembly,UP,BILGRAM-MALLANWAN,159,14,NOTA,None of the Above,1816,2
2022,Assembly,UP,BALAMAU,160,1,Tilak Chandra,Bahujan Samaj Party,42424,127
2022,Assembly,UP,BALAMAU,160,2,Rampal Verma,Bharatiya Janata Party,81823,171
2022,Assembly,UP,BALAMAU,160,3,Rambali Verma,Samajwadi Party,55242,508
2022,Assembly,UP,BALAMAU,160,4,Surendra Kumar,Indian National Congress,4106,6
2022,Assembly,UP,BALAMAU,160,5,Piyush Premi,Aam Aadmi Party,1579,5
2022,Assembly,UP,BALAMAU,160,6,Ramkrishna,Bhartiya Shakti Chetna Party,563,1
2022,Assembly,UP,BALAMAU,160,7,Anita,Independent,585,0
2022,Assembly,UP,BALAMAU,160,8,Manoj Kumar Verma,Independent,641,1
2022,Assembly,UP,BALAMAU,160,9,Sushila Devi,Independent,1557,1
2022,Assembly,UP,BALAMAU,160,10,NOTA,None of the Above,2046,1
2022,Assembly,UP,SANDILA,161,1,Abdul Mannan,Bahujan Samaj Party,64412,215
2022,Assembly,UP,SANDILA,161,2,Alka Singh,Bharatiya Janata Party,101581,149
2022,Assembly,UP,SANDILA,161,3,Mo. Haneef,Indian National Congress,3462,2
2022,Assembly,UP,SANDILA,161,4,Abhinay Gupta,Bhartiya Shakti Chetna Party,3665,7
2022,Assembly,UP,SANDILA,161,5,Munnalal Shukla,Socialist Party (India),473,0
2022,Assembly,UP,SANDILA,161,6,Raghuveer,Aam Aadmi Party,498,2
2022,Assembly,UP,SANDILA,161,7,Mo. Rafik,All India Majlis-E-Ittehadul Muslimeen,1452,0
2022,Assembly,UP,SANDILA,161,8,Sunil Arkvanshi,Suheldev Bharatiya Samaj Party,24386,269
2022,Assembly,UP,SANDILA,161,9,Naresh Singh,Independent,631,1
2022,Assembly,UP,SANDILA,161,10,Lalit Kumar,Independent,1383,1
2022,Assembly,UP,SANDILA,161,11,NOTA,None of the Above,1852,4
2022,Assembly,UP,BANGERMAU,162,1,Arti Bajpai,Indian National Congress,5276,9
2022,Assembly,UP,BANGERMAU,162,2,Dr. Munna,Samajwadi Party,74817,370
2022,Assembly,UP,BANGERMAU,162,3,Ram Kishore Pal,Bahujan Samaj Party,25464,79
2022,Assembly,UP,BANGERMAU,162,4,Shrikant Katiyar,Bharatiya Janata Party,90842,138
2022,Assembly,UP,BANGERMAU,162,5,Anil Kumar Mishra,Socialist Party (India),1385,0
2022,Assembly,UP,BANGERMAU,162,6,Chand Alam,Aazad Samaj Party (Kanshi Ram),751,3
2022,Assembly,UP,BANGERMAU,162,7,Rizwanullah,Nagrik Ekta Party,1014,0
2022,Assembly,UP,BANGERMAU,162,8,Satyendra,Aam Aadmi Party,796,2
2022,Assembly,UP,BANGERMAU,162,9,Abdul Rzzak Mansuri,Independent,704,0
2022,Assembly,UP,BANGERMAU,162,10,Balram,Independent,609,1
2022,Assembly,UP,BANGERMAU,162,11,NOTA,None of the Above,1266,1
2022,Assembly,UP,SAFIPUR,163,1,BAMBA LAL,Bharatiya Janata Party,102811,157
2022,Assembly,UP,SAFIPUR,163,2,RAJENDRA KUMAR,Bahujan Samaj Party,19725,43
2022,Assembly,UP,SAFIPUR,163,3,SHANKAR LAL GAUTAM,Indian National Congress,1501,3
2022,Assembly,UP,SAFIPUR,163,4,SUDHIR KUMAR,Samajwadi Party,68471,365
2022,Assembly,UP,SAFIPUR,163,5,JEET GYANI,Aam Aadmi Party,960,0
2022,Assembly,UP,SAFIPUR,163,6,RAJU,Bahujan Mukti Party,1135,1
2022,Assembly,UP,SAFIPUR,163,7,MUKESH,Independent,618,0
2022,Assembly,UP,SAFIPUR,163,8,NOTA,None of the Above,1742,3
2022,Assembly,UP,MOHAN,164,1,Dr. ANCHAL,Samajwadi Party,69816,296
2022,Assembly,UP,MOHAN,164,2,BRAJESH KUMAR,Bharatiya Janata Party,113173,118
2022,Assembly,UP,MOHAN,164,3,MADHU VERMA ALIAS MADHU RAWAT,Indian National Congress,2743,1
2022,Assembly,UP,MOHAN,164,4,SEWAK LAL RAWAT,Bahujan Samaj Party,20764,42
2022,Assembly,UP,MOHAN,164,5,NITU KANAUJIYA,Aazad Samaj Party (Kanshi Ram),919,0
2022,Assembly,UP,MOHAN,164,6,SHATROHAN LAL RAWAT,Aam Aadmi Party,397,2
2022,Assembly,UP,MOHAN,164,7,SANDEEP KUMAR,Nagrik Ekta Party,863,1
2022,Assembly,UP,MOHAN,164,8,SAVITA,Al-Hind Party,467,0
2022,Assembly,UP,MOHAN,164,9,ACHHEY LAL,Independent,782,0
2022,Assembly,UP,MOHAN,164,10,NOTA,None of the Above,1579,0
2022,Assembly,UP,UNNAO,165,1,Abhinav Kumar,Samajwadi Party,94743,799
2022,Assembly,UP,UNNAO,165,2,Asha Singh,Indian National Congress,1544,11
2022,Assembly,UP,UNNAO,165,3,Devendra Singh,Bahujan Samaj Party,15464,141
2022,Assembly,UP,UNNAO,165,4,Pankaj Gupta,Bharatiya Janata Party,126303,367
2022,Assembly,UP,UNNAO,165,5,Tanmay Srivastava,RASHTRIYA VIKLANG PARTY,2189,1
2022,Assembly,UP,UNNAO,165,6,Babita Kushwaha,Jan Abhiyan Party,433,1
2022,Assembly,UP,UNNAO,165,7,Yuvraj Singh Chandel,Aam Aadmi Party,676,10
2022,Assembly,UP,UNNAO,165,8,Suraj Vimal,Rashtriya Teesara Vikalp Party,397,0
2022,Assembly,UP,UNNAO,165,9,Kamlesh Verma,Independent,381,1
2022,Assembly,UP,UNNAO,165,10,Er. Pankaj Bajpai,Independent,484,2
2022,Assembly,UP,UNNAO,165,11,NOTA,None of the Above,1425,0
2022,Assembly,UP,BHAGWANTNAGAR,166,1,Ashutosh Shukla,Bharatiya Janata Party,126770,348
2022,Assembly,UP,BHAGWANTNAGAR,166,2,Ankit Parihar,Samajwadi Party,83465,643
2022,Assembly,UP,BHAGWANTNAGAR,166,3,Jang Bahadur Singh,Indian National Congress,2575,5
2022,Assembly,UP,BHAGWANTNAGAR,166,4,Brij Kishor,Bahujan Samaj Party,28290,151
2022,Assembly,UP,BHAGWANTNAGAR,166,5,Navin Kumar,Aam Aadmi Party,859,4
2022,Assembly,UP,BHAGWANTNAGAR,166,6,Naseem Khan,Rashtriya Samaj Paksha,709,0
2022,Assembly,UP,BHAGWANTNAGAR,166,7,Surendra Kumar,Aazad Samaj Party (Kanshi Ram),720,0
2022,Assembly,UP,BHAGWANTNAGAR,166,8,Ajay Singh,Independent,1026,2
2022,Assembly,UP,BHAGWANTNAGAR,166,9,NOTA,None of the Above,2315,4
2022,Assembly,UP,PURWA,167,1,ANIL KUMAR SINGH,Bharatiya Janata Party,133687,140
2022,Assembly,UP,PURWA,167,2,UDAY RAJ,Samajwadi Party,102373,393
2022,Assembly,UP,PURWA,167,3,UROOSA IMRAN RANA,Indian National Congress,1876,2
2022,Assembly,UP,PURWA,167,4,VINOD KUMAR,Bahujan Samaj Party,10524,33
2022,Assembly,UP,PURWA,167,5,ASHISH BAJPAI,Manviya Bharat Party,319,1
2022,Assembly,UP,PURWA,167,6,KULDEEP KUMAR,Aam Aadmi Party,272,4
2022,Assembly,UP,PURWA,167,7,JAGANNATH,Lok Dal,250,0
2022,Assembly,UP,PURWA,167,8,VED PRAKASH,Lok Janshakti Party(Ram Vilas),278,0
2022,Assembly,UP,PURWA,167,9,Sant Kumar,Bhartiya Samta Party,344,1
2022,Assembly,UP,PURWA,167,10,ANIL,Independent,477,0
2022,Assembly,UP,PURWA,167,11,MOHD ASHFAK,Independent,615,0
2022,Assembly,UP,PURWA,167,12,SURENDRA KUMAR,Independent,605,0
2022,Assembly,UP,PURWA,167,13,Harshit Tiwari,Independent,1215,0
2022,Assembly,UP,PURWA,167,14,NOTA,None of the Above,2608,1
2022,Assembly,UP,MALIHABAD,168,1,INDAL KUMAR,Indian National Congress,2138,4
2022,Assembly,UP,MALIHABAD,168,2,JAGDISH,Bahujan Samaj Party,25840,74
2022,Assembly,UP,MALIHABAD,168,3,JAI DEVI,Bharatiya Janata Party,106266,106
2022,Assembly,UP,MALIHABAD,168,4,SURENDRA KUMAR,Samajwadi Party,98380,247
2022,Assembly,UP,MALIHABAD,168,5,JAI BANDHU,Bahujan Mukti Party,950,0
2022,Assembly,UP,MALIHABAD,168,6,NEELAM SAROJ,Bahujan Awam Party,418,1
2022,Assembly,UP,MALIHABAD,168,7,RAMESH KUMAR,Jan Adhikar Party,1144,1
2022,Assembly,UP,MALIHABAD,168,8,RUPENDRA KUMAR,Aazad Samaj Party (Kanshi Ram),1012,3
2022,Assembly,UP,MALIHABAD,168,9,ACCHE LAL,Independent,896,0
2022,Assembly,UP,MALIHABAD,168,10,AJAY KUMAR RAWAT,Independent,1977,6
2022,Assembly,UP,MALIHABAD,168,11,NOTA,None of the Above,1477,1
2022,Assembly,UP,BAKSHI KAA TALAB,169,1,GOMTI YADAV,Samajwadi Party,119560,574
2022,Assembly,UP,BAKSHI KAA TALAB,169,2,YOGESH SHUKLA,Bharatiya Janata Party,147389,533
2022,Assembly,UP,BAKSHI KAA TALAB,169,3,LALAN KUMAR,Indian National Congress,9034,22
2022,Assembly,UP,BAKSHI KAA TALAB,169,4,SALAUDDIN 'MUSSAN',Bahujan Samaj Party,35063,104
2022,Assembly,UP,BAKSHI KAA TALAB,169,5,ARVIND KUMAR TIWARI,Lok Bandhu Party,513,0
2022,Assembly,UP,BAKSHI KAA TALAB,169,6,RISHI JAISWAL 'GAPPU',Gandhiyan Peoples Party,621,0
2022,Assembly,UP,BAKSHI KAA TALAB,169,7,KISHOR KUMAR,Kishore Raj Party,321,0
2022,Assembly,UP,BAKSHI KAA TALAB,169,8,PANKAJ SINGH ADVOCATE,Rashtriya Rashtrawadi Party,361,1
2022,Assembly,UP,BAKSHI KAA TALAB,169,9,BALARAM VERMA LODHI,Samdarshi Samaj Party,566,2
2022,Assembly,UP,BAKSHI KAA TALAB,169,10,VIPIN TYAGI,Mera Adhikaar Rashtriya Dal,483,1
2022,Assembly,UP,BAKSHI KAA TALAB,169,11,SHYAMU VERMA,Sabka Dal United,634,0
2022,Assembly,UP,BAKSHI KAA TALAB,169,12,SUNIL KUMAR Alias S. K. SINGHANIYA,Aazad Samaj Party (Kanshi Ram),1064,2
2022,Assembly,UP,BAKSHI KAA TALAB,169,13,NOTA,None of the Above,2199,5
2022,Assembly,UP,SAROJINI NAGAR,170,1,Abhishek Mishra,Samajwadi Party,103498,942
2022,Assembly,UP,SAROJINI NAGAR,170,2,Mohd. Jaleesh Khan,Bahujan Samaj Party,33125,231
2022,Assembly,UP,SAROJINI NAGAR,170,3,Rajeshwar Singh,Bharatiya Janata Party,159872,754
2022,Assembly,UP,SAROJINI NAGAR,170,4,RUDRA DAMAN SINGH,Indian National Congress,19665,46
2022,Assembly,UP,SAROJINI NAGAR,170,5,Satya Narayan,Communist Party of India,1794,1
2022,Assembly,UP,SAROJINI NAGAR,170,6,Anil Kumar Giri,Apna Bharatiya Sanatan Party,433,2
2022,Assembly,UP,SAROJINI NAGAR,170,7,Arvind Singh,Rashtriya Teesara Vikalp Party,247,0
2022,Assembly,UP,SAROJINI NAGAR,170,8,Chandra Shekhar Verma,Jan Adhikar Party,401,0
2022,Assembly,UP,SAROJINI NAGAR,170,9,Jitendra Kumar,Bahujan Mukti Party,307,0
2022,Assembly,UP,SAROJINI NAGAR,170,10,Pratap Chandra,Rashtriya Rashtrawadi Party,429,0
2022,Assembly,UP,SAROJINI NAGAR,170,11,Rama Shankar Bheem,Manavtawadi Kranti Dal,327,0
2022,Assembly,UP,SAROJINI NAGAR,170,12,Ramvaran Singh,Rashtriya Jatigat Aarakshan Virodhi Party,442,1
2022,Assembly,UP,SAROJINI NAGAR,170,13,Rohit Shrivastava,Aam Aadmi Party,2418,9
2022,Assembly,UP,SAROJINI NAGAR,170,14,Sharda Pratap Shukla,Independent,606,1
2022,Assembly,UP,SAROJINI NAGAR,170,15,NOTA,None of the Above,1815,7
2022,Assembly,UP,LUCKNOW WEST,171,1,ARMAAN KHAN,Samajwadi Party,123840,657
2022,Assembly,UP,LUCKNOW WEST,171,2,ANJANI KUMAR SRIVASTAVA,Bharatiya Janata Party,115766,547
2022,Assembly,UP,LUCKNOW WEST,171,3,KAYAM RAZA  KHAN,Bahujan Samaj Party,9965,96
2022,Assembly,UP,LUCKNOW WEST,171,4,SHAHANA SIDDIQUI,Indian National Congress,2783,13
2022,Assembly,UP,LUCKNOW WEST,171,5,ATUL TIWARI,Bhartiya Shakti Chetna Party,177,1
2022,Assembly,UP,LUCKNOW WEST,171,6,KANTI PANDEY,Rashtriya Rashtrawadi Party,112,1
2022,Assembly,UP,LUCKNOW WEST,171,7,KAYNAT  SIDDIQUI,Jan Abhiyan Party,157,1
2022,Assembly,UP,LUCKNOW WEST,171,8,RAJIV BAKSHI,Aam Aadmi Party,1283,11
2022,Assembly,UP,LUCKNOW WEST,171,9,RAHUL GUPTA,Independent,604,1
2022,Assembly,UP,LUCKNOW WEST,171,10,Vinay Shukla,Independent,243,0
2022,Assembly,UP,LUCKNOW WEST,171,11,MOHD HANIF KHAN,Independent,728,0
2022,Assembly,UP,LUCKNOW WEST,171,12,NOTA,None of the Above,1324,10
2022,Assembly,UP,LUCKNOW NORTH,172,1,Ajay Kumar Srivastava,Indian National Congress,3213,23
2022,Assembly,UP,LUCKNOW NORTH,172,2,Dr. Neeraj Bora,Bharatiya Janata Party,138512,647
2022,Assembly,UP,LUCKNOW NORTH,172,3,Pooja Shukla,Samajwadi Party,104527,679
2022,Assembly,UP,LUCKNOW NORTH,172,4,Mohd Sarwar Malik,Bahujan Samaj Party,8843,102
2022,Assembly,UP,LUCKNOW NORTH,172,5,Amit Shrivastav 'Tyagi'',Aam Aadmi Party,1354,12
2022,Assembly,UP,LUCKNOW NORTH,172,6,Kaushal Kishore,Moulik Adhikar Party,192,0
2022,Assembly,UP,LUCKNOW NORTH,172,7,Noor Mo Varsi,Gandhiyan Peoples Party,96,0
2022,Assembly,UP,LUCKNOW NORTH,172,8,Brijesh Chandra Awasthi,Mera Adhikaar Rashtriya Dal,79,0
2022,Assembly,UP,LUCKNOW NORTH,172,9,Rani Siddiqui,Socialist Party (India),81,1
2022,Assembly,UP,LUCKNOW NORTH,172,10,Sanjay Singh Rana,Bhartiya Sarvdharm Party,246,1
2022,Assembly,UP,LUCKNOW NORTH,172,11,Arvind Shukla,Independent,206,0
2022,Assembly,UP,LUCKNOW NORTH,172,12,Pankaj Sharma,Independent,642,2
2022,Assembly,UP,LUCKNOW NORTH,172,13,Sarvesh Sai,Independent,299,0
2022,Assembly,UP,LUCKNOW NORTH,172,14,NOTA,None of the Above,1334,8
2022,Assembly,UP,LUCKNOW EAST,173,1,Anurag Singh Bhadouriya,Samajwadi Party,83362,835
2022,Assembly,UP,LUCKNOW EAST,173,2,Aashish Kumar Sinha,Bahujan Samaj Party,9688,146
2022,Assembly,UP,LUCKNOW EAST,173,3,Ashutosh Tandon 'Gopal Ji ',Bharatiya Janata Party,151994,934
2022,Assembly,UP,LUCKNOW EAST,173,4,Manoj Tiwari,Indian National Congress,4451,34
2022,Assembly,UP,LUCKNOW EAST,173,5,Avinash Bharti,Aazad Samaj Party (Kanshi Ram),677,12
2022,Assembly,UP,LUCKNOW EAST,173,6,Alok Singh,Aam Aadmi Party,2661,19
2022,Assembly,UP,LUCKNOW EAST,173,7,Dilip Kumar Rastogi,Bahujan Mukti Party,81,0
2022,Assembly,UP,LUCKNOW EAST,173,8,Naimish Pratap Narayan Singh,Rashtriya Rashtrawadi Party,64,0
2022,Assembly,UP,LUCKNOW EAST,173,9,Vijay Laxmi Jaiswal,Gandhiyan Peoples Party,101,1
2022,Assembly,UP,LUCKNOW EAST,173,10,Vinai Prakash Srivastava,Bhartiya Krishak Dal,118,0
2022,Assembly,UP,LUCKNOW EAST,173,11,Ravikant Jha  Sintu,Lok Dal,112,0
2022,Assembly,UP,LUCKNOW EAST,173,12,Shiva Gupta,Samaj Sevak Party,208,0
2022,Assembly,UP,LUCKNOW EAST,173,13,Anurodh Srivastava,Independent,237,1
2022,Assembly,UP,LUCKNOW EAST,173,14,Mridul Kumar Srivastava (Advocate),Independent,137,0
2022,Assembly,UP,LUCKNOW EAST,173,15,NOTA,None of the Above,1579,16
2022,Assembly,UP,LUCKNOW CENTRAL,174,1,ASHISH CHANDRA,Bahujan Samaj Party,6124,57
2022,Assembly,UP,LUCKNOW CENTRAL,174,2,RAJNISH KUMAR GUPTA,Bharatiya Janata Party,93196,357
2022,Assembly,UP,LUCKNOW CENTRAL,174,3,RAVIDAS MEHROTRA,Samajwadi Party,104118,370
2022,Assembly,UP,LUCKNOW CENTRAL,174,4,SADAF JAFAR,Indian National Congress,2911,16
2022,Assembly,UP,LUCKNOW CENTRAL,174,5,GAURAV VERMA,Shiv Sena,132,1
2022,Assembly,UP,LUCKNOW CENTRAL,174,6,DHARMENDRA GUPTA,Voters Party  International,63,0
2022,Assembly,UP,LUCKNOW CENTRAL,174,7,NADEEM ASHRAF,Aam Aadmi Party,752,2
2022,Assembly,UP,LUCKNOW CENTRAL,174,8,RAM KUMAR,Samaj Sevak Party,196,1
2022,Assembly,UP,LUCKNOW CENTRAL,174,9,RAM SUNDAR BHUSHAN,Pachchasi Parivartan Samaj Party,129,0
2022,Assembly,UP,LUCKNOW CENTRAL,174,10,VIKRANT MOHAN SRIVASTAVA,Bharatiya Jan Morcha Party,130,0
2022,Assembly,UP,LUCKNOW CENTRAL,174,11,SALMAN SIDDIQUE,All India Majlis-E-Ittehadul Muslimeen,621,2
2022,Assembly,UP,LUCKNOW CENTRAL,174,12,KISHORI LAL,Independent,168,0
2022,Assembly,UP,LUCKNOW CENTRAL,174,13,MOHAMMAD ZAFAR QURESHI,Independent,261,0
2022,Assembly,UP,LUCKNOW CENTRAL,174,14,NOTA,None of the Above,952,8
2022,Assembly,UP,LUCKNOW CANTT.,175,1,Anil Pandey,Bahujan Samaj Party,10296,130
2022,Assembly,UP,LUCKNOW CANTT.,175,2,Dilpreet Singh Virk,Indian National Congress,6448,62
2022,Assembly,UP,LUCKNOW CANTT.,175,3,Brajesh Pathak,Bharatiya Janata Party,107547,600
2022,Assembly,UP,LUCKNOW CANTT.,175,4,Surendra Singh Gandhi 'Raju Gandhi',Samajwadi Party,67952,683
2022,Assembly,UP,LUCKNOW CANTT.,175,5,Ajay Kumar,Aam Aadmi Party,1596,18
2022,Assembly,UP,LUCKNOW CANTT.,175,6,Ajay Kumar Singh,Rashtriya Rashtrawadi Party,150,1
2022,Assembly,UP,LUCKNOW CANTT.,175,7,Asheesh Saxena,Janata Dal  (United),117,1
2022,Assembly,UP,LUCKNOW CANTT.,175,8,Rajni Kant Dubey,Samaj Sevak Party,178,0
2022,Assembly,UP,LUCKNOW CANTT.,175,9,Sachidanand Srivastava,Janta Brigade Party,363,1
2022,Assembly,UP,LUCKNOW CANTT.,175,10,Satyendra Kumar Tiwari,Rashtriya Jatigat Aarakshan Virodhi Party,191,0
2022,Assembly,UP,LUCKNOW CANTT.,175,11,Nigmendra Mishra,Independent,165,0
2022,Assembly,UP,LUCKNOW CANTT.,175,12,NOTA,None of the Above,1201,16
2022,Assembly,UP,MOHANLALGANJ,176,1,Amresh Kumar,Bharatiya Janata Party,106924,165
2022,Assembly,UP,MOHANLALGANJ,176,2,Devendra Kumar,Bahujan Samaj Party,31558,65
2022,Assembly,UP,MOHANLALGANJ,176,3,Mamta Choudhary,Indian National Congress,2986,4
2022,Assembly,UP,MOHANLALGANJ,176,4,Sushila Saroj,Samajwadi Party,90188,353
2022,Assembly,UP,MOHANLALGANJ,176,5,Jitendra Kumar Rawat,Samaj Sevak Party,1118,3
2022,Assembly,UP,MOHANLALGANJ,176,6,Brijesh Kumar Vikram,Aam Janta Party (India),483,0
2022,Assembly,UP,MOHANLALGANJ,176,7,Shravan Kumar,Bhartiya Dharmanirpeksha Party,500,1
2022,Assembly,UP,MOHANLALGANJ,176,8,Suraj Kumar Rawat,Aam Aadmi Party,7048,10
2022,Assembly,UP,MOHANLALGANJ,176,9,Sanjay Kumar,Suraksha Samaj Party,753,2
2022,Assembly,UP,MOHANLALGANJ,176,10,Hemant Kumar,Bahujan Mukti Party,577,0
2022,Assembly,UP,MOHANLALGANJ,176,11,Faujdar Prasad,Independent,690,1
2022,Assembly,UP,MOHANLALGANJ,176,12,NOTA,None of the Above,2312,1
2022,Assembly,UP,BACHHRAWAN,177,1,LAJWANTI KURIL,Bahujan Samaj Party,13686,44
2022,Assembly,UP,BACHHRAWAN,177,2,SHYAM SUNDER,Samajwadi Party,65381,366
2022,Assembly,UP,BACHHRAWAN,177,3,SUSHIL KUMAR PASI,Indian National Congress,56754,81
2022,Assembly,UP,BACHHRAWAN,177,4,CHANDRASHEKHAR,Moulik Adhikar Party,2416,0
2022,Assembly,UP,BACHHRAWAN,177,5,DEEPANKER,Aam Aadmi Party,1017,3
2022,Assembly,UP,BACHHRAWAN,177,6,BABULAL,Sabka Dal United,2215,0
2022,Assembly,UP,BACHHRAWAN,177,7,LAXMIKANT,Apna Dal (Soneylal),62816,119
2022,Assembly,UP,BACHHRAWAN,177,8,OM PRAKASH,Independent,1316,1
2022,Assembly,UP,BACHHRAWAN,177,9,POOJA JAISAWAR,Independent,1095,2
2022,Assembly,UP,BACHHRAWAN,177,10,NOTA,None of the Above,2198,2
2022,Assembly,UP,TILOI,178,1,MOHD NAIM,Samajwadi Party,71470,173
2022,Assembly,UP,TILOI,178,2,PRADEEP SINGHAL,Indian National Congress,21904,74
2022,Assembly,UP,TILOI,178,3,MAYANKESHWAR SHARAN SINGH,Bharatiya Janata Party,99307,165
2022,Assembly,UP,TILOI,178,4,RAGHUVANSH,Bahujan Samaj Party,6111,9
2022,Assembly,UP,TILOI,178,5,AMARNATH PANDEY,Aam Aadmi Party,470,1
2022,Assembly,UP,TILOI,178,6,MANOJ KUMAR,Akhil Bhartiya Jansatta Party,188,2
2022,Assembly,UP,TILOI,178,7,Ram Snehi,Rashtriya Samaj Paksha,328,0
2022,Assembly,UP,TILOI,178,8,Mohd Masoom,Independent,183,0
2022,Assembly,UP,TILOI,178,9,Mukesh Kumar,Independent,205,0
2022,Assembly,UP,TILOI,178,10,Rajkumar,Independent,197,0
2022,Assembly,UP,TILOI,178,11,Sudhir Kumar Singh,Independent,560,1
2022,Assembly,UP,TILOI,178,12,Sandeep Kumar,Independent,1132,0
2022,Assembly,UP,TILOI,178,13,Harinam Singh,Independent,650,0
2022,Assembly,UP,TILOI,178,14,NOTA,None of the Above,1808,2
2022,Assembly,UP,HARCHANDPUR,179,1,RAKESH SINGH,Bharatiya Janata Party,77749,260
2022,Assembly,UP,HARCHANDPUR,179,2,RAHUL RAJPOOT,Samajwadi Party,91976,522
2022,Assembly,UP,HARCHANDPUR,179,3,SHER BAHADUR,Bahujan Samaj Party,7303,32
2022,Assembly,UP,HARCHANDPUR,179,4,SURENDRA VIKRAM SINGH,Indian National Congress,16188,42
2022,Assembly,UP,HARCHANDPUR,179,5,GIRJA SHANKAR,Sabka Dal United,549,1
2022,Assembly,UP,HARCHANDPUR,179,6,RAM MOHAN SAHU,Parivartan Samaj Party,424,1
2022,Assembly,UP,HARCHANDPUR,179,7,RAM SWAROOP,Bahujan Mukti Party,209,3
2022,Assembly,UP,HARCHANDPUR,179,8,VIMAL KISHOR,Aam Aadmi Party,424,2
2022,Assembly,UP,HARCHANDPUR,179,9,SUSHMA,Log Party,336,1
2022,Assembly,UP,HARCHANDPUR,179,10,ASHOK KUMAR,Independent,213,0
2022,Assembly,UP,HARCHANDPUR,179,11,BACHCHU LAL,Independent,275,0
2022,Assembly,UP,HARCHANDPUR,179,12,RAKESH KUMAR,Independent,484,0
2022,Assembly,UP,HARCHANDPUR,179,13,RAHUL KUMAR,Independent,645,1
2022,Assembly,UP,HARCHANDPUR,179,14,RUPESH CHANDRA VISHWAKARMA,Independent,1599,1
2022,Assembly,UP,HARCHANDPUR,179,15,NOTA,None of the Above,2409,2
2022,Assembly,UP,RAE BARELI,180,1,ADITI SINGH,Bharatiya Janata Party,101974,455
2022,Assembly,UP,RAE BARELI,180,2,MO. ASHRAF,Bahujan Samaj Party,9272,59
2022,Assembly,UP,RAE BARELI,180,3,DR. MANISH CHAUHAN,Indian National Congress,14884,70
2022,Assembly,UP,RAE BARELI,180,4,RAM PRATAP YADAV,Samajwadi Party,94294,960
2022,Assembly,UP,RAE BARELI,180,5,GAURAV SINGH,Aam Aadmi Party,868,4
2022,Assembly,UP,RAE BARELI,180,6,PHOOLCHANDRA,Communist Party of India  (Marxist-Leninist)  (Liberation),360,1
2022,Assembly,UP,RAE BARELI,180,7,MANSINGH PATEL,Akhil Bhartiya Apna Dal,376,2
2022,Assembly,UP,RAE BARELI,180,8,RAGHVENDRA,Hindustan Samaj Party,215,1
2022,Assembly,UP,RAE BARELI,180,9,RADHE SHYAM,Jan Adhikar Party,1331,5
2022,Assembly,UP,RAE BARELI,180,10,SURYANATH,Aazad Samaj Party (Kanshi Ram),335,1
2022,Assembly,UP,RAE BARELI,180,11,KULDEEP YADAV,Independent,328,0
2022,Assembly,UP,RAE BARELI,180,12,MAHMOOD AHMAD,Independent,939,0
2022,Assembly,UP,RAE BARELI,180,13,RAM BAHADUR,Independent,583,1
2022,Assembly,UP,RAE BARELI,180,14,SARTAJ ALI,Independent,501,0
2022,Assembly,UP,RAE BARELI,180,15,NOTA,None of the Above,2277,4
2022,Assembly,UP,SALON,181,1,ARJUN KUMAR,Indian National Congress,11430,9
2022,Assembly,UP,SALON,181,2,ASHOK KUMAR,Bharatiya Janata Party,87627,88
2022,Assembly,UP,SALON,181,3,JAGDISH PRASAD,Samajwadi Party,85551,53
2022,Assembly,UP,SALON,181,4,SVATI SINGH,Bahujan Samaj Party,9331,4
2022,Assembly,UP,SALON,181,5,AMIT KUMAR,Janata Dal  (United),528,0
2022,Assembly,UP,SALON,181,6,RADHEYSHYAM,Aam Aadmi Party,622,0
2022,Assembly,UP,SALON,181,7,SUDARSHAN RAM,Bhartiya Panchsheel Party,632,0
2022,Assembly,UP,SALON,181,8,KAMALESH,Independent,938,0
2022,Assembly,UP,SALON,181,9,SHAKTI SHEKHAR,Independent,1468,0
2022,Assembly,UP,SALON,181,10,NOTA,None of the Above,2042,0
2022,Assembly,UP,SARENI,182,1,THAKUR PRASAD YADAV,Bahujan Samaj Party,37992,163
2022,Assembly,UP,SARENI,182,2,DEVENDRA PRATAP SINGH,Samajwadi Party,65525,641
2022,Assembly,UP,SARENI,182,3,DHIRENDRA BAHADUR SINGH,Bharatiya Janata Party,62023,336
2022,Assembly,UP,SARENI,182,4,SUDHA DWIVEDI,Indian National Congress,42573,129
2022,Assembly,UP,SARENI,182,5,DEVENDRA PAL,Aam Aadmi Party,1078,8
2022,Assembly,UP,SARENI,182,6,DHARMENDRA KUMAR,"Rashtrawadi Party of India,",345,0
2022,Assembly,UP,SARENI,182,7,MANOJ KUMAR SHARMA,Vikassheel Janta Party,372,1
2022,Assembly,UP,SARENI,182,8,MANORAMA,Akhil Bhartiya Apna Dal,537,1
2022,Assembly,UP,SARENI,182,9,RAM MANOHAR,Voters Party  International,396,0
2022,Assembly,UP,SARENI,182,10,SOHAN LAL,India Praja Bandhu Party,373,0
2022,Assembly,UP,SARENI,182,11,HORI LAL,Pragatisheel Samaj Party,762,1
2022,Assembly,UP,SARENI,182,12,ANIL KUMAR,Independent,584,1
2022,Assembly,UP,SARENI,182,13,ABHAY KUMAR,Independent,712,0
2022,Assembly,UP,SARENI,182,14,SHIVPRATAP SINGH,Independent,752,0
2022,Assembly,UP,SARENI,182,15,NOTA,None of the Above,1392,3
2022,Assembly,UP,UNCHAHAR,183,1,Atul Singh,Indian National Congress,9951,34
2022,Assembly,UP,UNCHAHAR,183,2,AMARPAL MAURYA,Bharatiya Janata Party,75657,236
2022,Assembly,UP,UNCHAHAR,183,3,ANJALI MAURYA,Bahujan Samaj Party,34575,117
2022,Assembly,UP,UNCHAHAR,183,4,Manoj Kumar Pandey,Samajwadi Party,82128,386
2022,Assembly,UP,UNCHAHAR,183,5,PANKAJ KUMAR PATEL,Akhil Bhartiya Apna Dal,1030,1
2022,Assembly,UP,UNCHAHAR,183,6,RAHUL SINGH,Aam Aadmi Party,448,0
2022,Assembly,UP,UNCHAHAR,183,7,AKSHAY PRATAP SINGH,Independent,450,1
2022,Assembly,UP,UNCHAHAR,183,8,AMARESH BAHADUR,Independent,637,0
2022,Assembly,UP,UNCHAHAR,183,9,AYODHYA PRASHAD,Independent,641,2
2022,Assembly,UP,UNCHAHAR,183,10,KAUSHALENDRA SINGH,Independent,792,0
2022,Assembly,UP,UNCHAHAR,183,11,Pramod Kumar,Independent,1143,1
2022,Assembly,UP,UNCHAHAR,183,12,SHIV KUMAR,Independent,737,0
2022,Assembly,UP,UNCHAHAR,183,13,SHAILENDRA KUMAR GUPTA,Independent,1816,4
2022,Assembly,UP,UNCHAHAR,183,14,NOTA,None of the Above,1243,0
2022,Assembly,UP,JAGDISHPUR,184,1,JITENDAR KUMAR,Bahujan Samaj Party,10186,12
2022,Assembly,UP,JAGDISHPUR,184,2,VIJAY KUMAR,Indian National Congress,66328,163
2022,Assembly,UP,JAGDISHPUR,184,3,VIMLESH KUMARI,Samajwadi Party,27757,214
2022,Assembly,UP,JAGDISHPUR,184,4,SURESH KUMAR,Bharatiya Janata Party,89111,204
2022,Assembly,UP,JAGDISHPUR,184,5,TILAK RAJ,Aam Aadmi Party,1863,1
2022,Assembly,UP,JAGDISHPUR,184,6,DINESH KUMAR,Janata Dal  (United),346,0
2022,Assembly,UP,JAGDISHPUR,184,7,BABULAL,India Praja Bandhu Party,290,0
2022,Assembly,UP,JAGDISHPUR,184,8,SIYARAM,Vikassheel Insaan Party,370,0
2022,Assembly,UP,JAGDISHPUR,184,9,PUTTI LAL,Independent,1296,0
2022,Assembly,UP,JAGDISHPUR,184,10,MAHENDRA RAWAT,Independent,1393,0
2022,Assembly,UP,JAGDISHPUR,184,11,SHUSHIL KUMAR,Independent,690,0
2022,Assembly,UP,JAGDISHPUR,184,12,HARISHCHANDRA,Independent,982,2
2022,Assembly,UP,JAGDISHPUR,184,13,NOTA,None of the Above,2058,2
2022,Assembly,UP,GAURIGANJ,185,1,Chandra Prakash Mishra Matiyari,Bharatiya Janata Party,71922,155
2022,Assembly,UP,GAURIGANJ,185,2,Fateh Bahadur,Indian National Congress,28916,48
2022,Assembly,UP,GAURIGANJ,185,3,Rakesh Pratap Singh,Samajwadi Party,78640,400
2022,Assembly,UP,GAURIGANJ,185,4,Ramlakhan,Bahujan Samaj Party,9842,30
2022,Assembly,UP,GAURIGANJ,185,5,Chaudhary Nafees Ahamad,Jansatta Dal Loktantrik,7051,5
2022,Assembly,UP,GAURIGANJ,185,6,Shiv Prasad,Aam Aadmi Party,1660,13
2022,Assembly,UP,GAURIGANJ,185,7,Mohd. Hasan Lahri,Lok Dal,543,0
2022,Assembly,UP,GAURIGANJ,185,8,Sarita,Independent,713,0
2022,Assembly,UP,GAURIGANJ,185,9,Hari Baksh,Independent,998,0
2022,Assembly,UP,GAURIGANJ,185,10,NOTA,None of the Above,1919,1
2022,Assembly,UP,AMETHI,186,1,ASHISH SHUKLA,Indian National Congress,14024,56
2022,Assembly,UP,AMETHI,186,2,MAHARAJI PRAJAPATI,Samajwadi Party,87756,461
2022,Assembly,UP,AMETHI,186,3,RAGINI,Bahujan Samaj Party,10165,37
2022,Assembly,UP,AMETHI,186,4,DR.SANJAY SINH,Bharatiya Janata Party,69819,302
2022,Assembly,UP,AMETHI,186,5,ANURAG,Aam Aadmi Party,931,4
2022,Assembly,UP,AMETHI,186,6,ANJU PAL,Rashtra Uday Party,792,1
2022,Assembly,UP,AMETHI,186,7,KRISHNA KUMAR,Jan Adhikar Party,492,2
2022,Assembly,UP,AMETHI,186,8,PRADEEP KUMAR,Rashtriya Democratic Front,361,0
2022,Assembly,UP,AMETHI,186,9,RAJU,Vikassheel Insaan Party,332,1
2022,Assembly,UP,AMETHI,186,10,RAMRAJ,Moulik Adhikar Party,670,0
2022,Assembly,UP,AMETHI,186,11,SHATRUNJAY PRATAP SINGH,Log Party,378,0
2022,Assembly,UP,AMETHI,186,12,ASHOK KUMAR,Independent,574,0
2022,Assembly,UP,AMETHI,186,13,PAWAN,Independent,522,0
2022,Assembly,UP,AMETHI,186,14,SANJAY SINGH,Independent,977,1
2022,Assembly,UP,AMETHI,186,15,NOTA,None of the Above,1204,2
2022,Assembly,UP,ISAULI,187,1,OM PRAKASH PANDEY,Bharatiya Janata Party,69178,182
2022,Assembly,UP,ISAULI,187,2,MOHD TAHIR KHAN,Samajwadi Party,69294,335
2022,Assembly,UP,ISAULI,187,3,BRIJMOHAN,Indian National Congress,2305,1
2022,Assembly,UP,ISAULI,187,4,YASH BHADRA SINGH,Bahujan Samaj Party,53994,125
2022,Assembly,UP,ISAULI,187,5,ASHOK KUMAR,Apna Desh Party,757,0
2022,Assembly,UP,ISAULI,187,6,FIRADAUS BANO,Aam Aadmi Party,438,1
2022,Assembly,UP,ISAULI,187,7,MAHJAHAR,All India Majlis-E-Ittehadul Muslimeen,3305,3
2022,Assembly,UP,ISAULI,187,8,NUTAN PANDEY,Independent,438,0
2022,Assembly,UP,ISAULI,187,9,FIROZ KHAN,Independent,761,0
2022,Assembly,UP,ISAULI,187,10,NOTA,None of the Above,1623,3
2022,Assembly,UP,SULTANPUR,188,1,ANOOP SANDA,Samajwadi Party,90857,849
2022,Assembly,UP,SULTANPUR,188,2,DR. DEVI SAHAY MISHRA,Bahujan Samaj Party,22447,74
2022,Assembly,UP,SULTANPUR,188,3,FIROZ KHAN,Indian National Congress,2645,10
2022,Assembly,UP,SULTANPUR,188,4,VINOD SINGH,Bharatiya Janata Party,92245,470
2022,Assembly,UP,SULTANPUR,188,5,MIRJA AKRAM BEG,All India Majlis-E-Ittehadul Muslimeen,5240,11
2022,Assembly,UP,SULTANPUR,188,6,DHARMESH KUMAR,Aam Aadmi Party,342,1
2022,Assembly,UP,SULTANPUR,188,7,VINDHYA,Vikassheel Insaan Party,1587,0
2022,Assembly,UP,SULTANPUR,188,8,SHANTI PATEL,Aam Janta Party (India),486,0
2022,Assembly,UP,SULTANPUR,188,9,SIDDHARTH BHIM BAUDDH,Bahujan Mukti Party,342,4
2022,Assembly,UP,SULTANPUR,188,10,MIRJA ATAHAR VEG,Independent,455,0
2022,Assembly,UP,SULTANPUR,188,11,NOTA,None of the Above,1440,3
2022,Assembly,UP,LAMBHUA,190,1,AVANISH KUMAR SINGH,Bahujan Samaj Party,41992,127
2022,Assembly,UP,LAMBHUA,190,2,VINAY VIKRAM SINGH,Indian National Congress,1926,4
2022,Assembly,UP,LAMBHUA,190,3,SANTOSH PANDEY,Samajwadi Party,72821,645
2022,Assembly,UP,LAMBHUA,190,4,SITARAM VERMA,Bharatiya Janata Party,82678,321
2022,Assembly,UP,LAMBHUA,190,5,AMRITLAL VISHWAKARMA,Moulik Adhikar Party,1320,0
2022,Assembly,UP,LAMBHUA,190,6,ISLAM,Jan Adhikar Party,2547,1
2022,Assembly,UP,LAMBHUA,190,7,DHARMRAJ GAUTAM,Bahujan Mukti Party,501,2
2022,Assembly,UP,LAMBHUA,190,8,MANJU LATA PAL,Aam Janta Party (India),869,1
2022,Assembly,UP,LAMBHUA,190,9,RAKESH KUMAR,Aazad Samaj Party (Kanshi Ram),892,0
2022,Assembly,UP,LAMBHUA,190,10,RAJENDRA PRASAD MAURYA,SOCIALIST UNITY CENTRE OF INDIA (COMMUNIST),773,0
2022,Assembly,UP,LAMBHUA,190,11,RAM SUNDER YADAV,Vikassheel Insaan Party,1729,0
2022,Assembly,UP,LAMBHUA,190,12,NOTA,None of the Above,1684,2
2022,Assembly,UP,KADIPUR,191,1,NIKLESH  SAROJ,Indian National Congress,3242,6
2022,Assembly,UP,KADIPUR,191,2,BHAGELU RAM,Samajwadi Party,70094,588
2022,Assembly,UP,KADIPUR,191,3,RAJESH KUMAR GAUTAM,Bharatiya Janata Party,96155,250
2022,Assembly,UP,KADIPUR,191,4,HEERA LAL,Bahujan Samaj Party,46275,113
2022,Assembly,UP,KADIPUR,191,5,MUKHRAM,Aam Janta Party (India),1276,0
2022,Assembly,UP,KADIPUR,191,6,DHARMENDRA KUMAR,Independent,1068,1
2022,Assembly,UP,KADIPUR,191,7,HARI LAL,Independent,1242,0
2022,Assembly,UP,KADIPUR,191,8,NOTA,None of the Above,1635,0
2022,Assembly,UP,KAIMGANJ,192,1,DURGA PRASAD,Bahujan Samaj Party,18379,64
2022,Assembly,UP,KAIMGANJ,192,2,SHAKUNTALA,Indian National Congress,2232,12
2022,Assembly,UP,KAIMGANJ,192,3,SARVESH AMBEDKAR,Samajwadi Party,95821,588
2022,Assembly,UP,KAIMGANJ,192,4,ARUN KUMAR,Jan Adhikar Party,4658,6
2022,Assembly,UP,KAIMGANJ,192,5,PRASHANT KUMAR,Aam Aadmi Party,1356,8
2022,Assembly,UP,KAIMGANJ,192,6,Dr. SURABHI,Apna Dal (Soneylal),114669,283
2022,Assembly,UP,KAIMGANJ,192,7,LAKSHMI,Independent,1534,3
2022,Assembly,UP,KAIMGANJ,192,8,NOTA,None of the Above,1614,4
2022,Assembly,UP,AMRITPUR,193,1,Amit Kumar Singh,Bahujan Samaj Party,12999,50
2022,Assembly,UP,AMRITPUR,193,2,Dr. JITENDRA SINGH YADAV,Samajwadi Party,53674,488
2022,Assembly,UP,AMRITPUR,193,3,Shubham Tiwari,Indian National Congress,1306,7
2022,Assembly,UP,AMRITPUR,193,4,Sushil Kumar Shakya,Bharatiya Janata Party,98583,265
2022,Assembly,UP,AMRITPUR,193,5,Ajay Singh Rajput,Bahujan Mukti Party,980,0
2022,Assembly,UP,AMRITPUR,193,6,Shyamveer Singh,Bharatiya Nagrik Party,154,0
2022,Assembly,UP,AMRITPUR,193,7,SONPAL SINGH,Bharatiya Subhash Sena,251,0
2022,Assembly,UP,AMRITPUR,193,8,Udayveer,Independent,115,0
2022,Assembly,UP,AMRITPUR,193,9,Dharmveer,Independent,256,0
2022,Assembly,UP,AMRITPUR,193,10,Narendra Singh Yadav,Independent,12387,62
2022,Assembly,UP,AMRITPUR,193,11,Roshan Lal,Independent,684,0
2022,Assembly,UP,AMRITPUR,193,12,SURESH KUMAR,Independent,2118,2
2022,Assembly,UP,AMRITPUR,193,13,Santosh,Independent,827,0
2022,Assembly,UP,AMRITPUR,193,14,NOTA,None of the Above,941,0
2022,Assembly,UP,FARRUKHABAD,194,1,Louise Khurshid,Indian National Congress,2029,16
2022,Assembly,UP,FARRUKHABAD,194,2,Vijay Kumar Katiyar,Bahujan Samaj Party,16467,144
2022,Assembly,UP,FARRUKHABAD,194,3,Major Sunil Dutt Dwivedi,Bharatiya Janata Party,111767,547
2022,Assembly,UP,FARRUKHABAD,194,4,Suman Shakya,Samajwadi Party,72343,655
2022,Assembly,UP,FARRUKHABAD,194,5,Neeraj Pratap Shakya,Aam Aadmi Party,749,9
2022,Assembly,UP,FARRUKHABAD,194,6,Rajesh Kumar Dixit,Bhartiya Shakti Chetna Party,170,2
2022,Assembly,UP,FARRUKHABAD,194,7,Ruchi Singh Rajput,Jan Adhikar Party,1249,2
2022,Assembly,UP,FARRUKHABAD,194,8,Varun Ashok Saxena,Janata Dal  (United),167,1
2022,Assembly,UP,FARRUKHABAD,194,9,Vikrant Singh,Swatantra Indian Labour Party,392,0
2022,Assembly,UP,FARRUKHABAD,194,10,Krishan Kumar Tiwari,Independent,534,0
2022,Assembly,UP,FARRUKHABAD,194,11,Dr. Bharat Chandra Gaur,Independent,459,2
2022,Assembly,UP,FARRUKHABAD,194,12,NOTA,None of the Above,924,6
2022,Assembly,UP,BHOJPUR,195,1,Archana Rathaur,Indian National Congress,2040,13
2022,Assembly,UP,BHOJPUR,195,2,Arshad Jamal Siddiqui,Samajwadi Party,71993,528
2022,Assembly,UP,BHOJPUR,195,3,Alok Verma,Bahujan Samaj Party,15638,76
2022,Assembly,UP,BHOJPUR,195,4,Nagendra Singh Rathour,Bharatiya Janata Party,99639,340
2022,Assembly,UP,BHOJPUR,195,5,Talib Siddiqui,All India Majlis-E-Ittehadul Muslimeen,3915,4
2022,Assembly,UP,BHOJPUR,195,6,Ramteerth,Bharatiya Subhash Sena,223,0
2022,Assembly,UP,BHOJPUR,195,7,Rahul,Aam Aadmi Party,223,2
2022,Assembly,UP,BHOJPUR,195,8,Alok,Independent,293,0
2022,Assembly,UP,BHOJPUR,195,9,Ajaj Ahmad,Independent,537,0
2022,Assembly,UP,BHOJPUR,195,10,Rejvan,Independent,332,1
2022,Assembly,UP,BHOJPUR,195,11,Shailendra Singh,Independent,525,0
2022,Assembly,UP,BHOJPUR,195,12,NOTA,None of the Above,946,1
2022,Assembly,UP,CHHIBRAMAU,196,1,Archana Pandey,Bharatiya Janata Party,124347,426
2022,Assembly,UP,CHHIBRAMAU,196,2,Arvind Singh Yadav,Samajwadi Party,122813,849
2022,Assembly,UP,CHHIBRAMAU,196,3,Waheeda Bano urf Juhi Sultan,Bahujan Samaj Party,21932,68
2022,Assembly,UP,CHHIBRAMAU,196,4,Vijay Kumar,Indian National Congress,1177,17
2022,Assembly,UP,CHHIBRAMAU,196,5,Arjuman,Bahujan Mukti Party,188,1
2022,Assembly,UP,CHHIBRAMAU,196,6,Ankit Kumar Pal,Rashtriya Samaj Paksha,235,0
2022,Assembly,UP,CHHIBRAMAU,196,7,Mohd Chandan,Jan Adhikar Party,4565,9
2022,Assembly,UP,CHHIBRAMAU,196,8,Dr Chandra Kant Yadav,Aam Aadmi Party,460,10
2022,Assembly,UP,CHHIBRAMAU,196,9,Laloo Yadav,Voters Party  International,181,2
2022,Assembly,UP,CHHIBRAMAU,196,10,Amol Dixit,Independent,230,1
2022,Assembly,UP,CHHIBRAMAU,196,11,Imran Vegam,Independent,308,0
2022,Assembly,UP,CHHIBRAMAU,196,12,Mohd. Kamar,Independent,196,0
2022,Assembly,UP,CHHIBRAMAU,196,13,Nurul Shams,Independent,525,0
2022,Assembly,UP,CHHIBRAMAU,196,14,Sanjay,Independent,1282,0
2022,Assembly,UP,CHHIBRAMAU,196,15,NOTA,None of the Above,1775,0
2022,Assembly,UP,TIRWA,197,1,Ajay Kumar,Bahujan Samaj Party,23023,69
2022,Assembly,UP,TIRWA,197,2,Anil Kumar Pal,Samajwadi Party,100811,670
2022,Assembly,UP,TIRWA,197,3,Kailash Rajput,Bharatiya Janata Party,105754,335
2022,Assembly,UP,TIRWA,197,4,Geeta Devi,Aam Aadmi Party,817,9
2022,Assembly,UP,TIRWA,197,5,Rajendra Kumar,Jan Adhikar Party,3307,3
2022,Assembly,UP,TIRWA,197,6,Rampal Singh,Aazad Samaj Party (Kanshi Ram),429,1
2022,Assembly,UP,TIRWA,197,7,Ram Sharan Rajput,Vikas Insaf Party,173,1
2022,Assembly,UP,TIRWA,197,8,Ruvinaj,Bhartiya Vanchitsamaj Party,164,3
2022,Assembly,UP,TIRWA,197,9,Gaya Prasad,Independent,265,2
2022,Assembly,UP,TIRWA,197,10,Ranjana Singh,Independent,788,0
2022,Assembly,UP,TIRWA,197,11,Satya prakash,Independent,612,0
2022,Assembly,UP,TIRWA,197,12,NOTA,None of the Above,1127,1
2022,Assembly,UP,KANNAUJ,198,1,ANIL KUMAR DOHAREY,Samajwadi Party,114193,593
2022,Assembly,UP,KANNAUJ,198,2,ASIM ARUN,Bharatiya Janata Party,120555,321
2022,Assembly,UP,KANNAUJ,198,3,VINEETA DEVI,Indian National Congress,1782,4
2022,Assembly,UP,KANNAUJ,198,4,SAMAR JEET DOHARE,Bahujan Samaj Party,26167,72
2022,Assembly,UP,KANNAUJ,198,5,SUNIL KUMAR,All India Majlis-E-Ittehadul Muslimeen,4476,6
2022,Assembly,UP,KANNAUJ,198,6,MANOJ,Independent,320,2
2022,Assembly,UP,KANNAUJ,198,7,RAJ KATHERIA,Independent,361,0
2022,Assembly,UP,KANNAUJ,198,8,SUNIL,Independent,909,0
2022,Assembly,UP,KANNAUJ,198,9,NOTA,None of the Above,1674,0
2022,Assembly,UP,JASWANTNAGAR,199,1,BRAJENDRA PRATAP SINGH,Bahujan Samaj Party,17435,80
2022,Assembly,UP,JASWANTNAGAR,199,2,VIVEK SHAKYA,Bharatiya Janata Party,68454,285
2022,Assembly,UP,JASWANTNAGAR,199,3,SHIVPAL SINGH YADAV,Samajwadi Party,158531,1187
2022,Assembly,UP,JASWANTNAGAR,199,4,MADHU,Jan Adhikar Party,4553,7
2022,Assembly,UP,JASWANTNAGAR,199,5,GYANESH KUMAR,Aam Aadmi Party,512,3
2022,Assembly,UP,JASWANTNAGAR,199,6,ASHUTOSH KUMAR,Independent,684,0
2022,Assembly,UP,JASWANTNAGAR,199,7,VISHWANATH PRATAP,Independent,718,1
2022,Assembly,UP,JASWANTNAGAR,199,8,NOTA,None of the Above,1179,1
2022,Assembly,UP,ETAWAH,200,1,Kuldeep Gupta,Bahujan Samaj Party,46167,358
2022,Assembly,UP,ETAWAH,200,2,Mohd Rashid,Indian National Congress,1456,20
2022,Assembly,UP,ETAWAH,200,3,Sarita,Bharatiya Janata Party,97532,618
2022,Assembly,UP,ETAWAH,200,4,Sarvesh Kumar Shakya,Samajwadi Party,93255,911
2022,Assembly,UP,ETAWAH,200,5,Bobby,Jansatta Dal Loktantrik,628,1
2022,Assembly,UP,ETAWAH,200,6,Shiv Pratap Singh,Aam Aadmi Party,393,6
2022,Assembly,UP,ETAWAH,200,7,Shyam Singh,Sabka Dal United,312,2
2022,Assembly,UP,ETAWAH,200,8,Satya Prakash,Jan Adhikar Party,1744,7
2022,Assembly,UP,ETAWAH,200,9,Partibha Shakya,Independent,343,3
2022,Assembly,UP,ETAWAH,200,10,Manoj,Independent,352,1
2022,Assembly,UP,ETAWAH,200,11,Sharad Bhadauriya,Independent,246,1
2022,Assembly,UP,ETAWAH,200,12,NOTA,None of the Above,1182,4
2022,Assembly,UP,BHARTHANA,201,1,KAMLESH,Bahujan Samaj Party,37434,165
2022,Assembly,UP,BHARTHANA,201,2,SIDDHARTH SHANKER,Bharatiya Janata Party,95586,531
2022,Assembly,UP,BHARTHANA,201,3,SNEH LATA,Indian National Congress,1842,12
2022,Assembly,UP,BHARTHANA,201,4,RAGHVENDRA KUMAR SINGH,Samajwadi Party,102882,794
2022,Assembly,UP,BHARTHANA,201,5,BHUPENDRA KUMAR DHANGAR,Rashtriya Shoshit Samaj Party,870,3
2022,Assembly,UP,BHARTHANA,201,6,RAKESH CHANDRA,Jan Adhikar Party,4179,6
2022,Assembly,UP,BHARTHANA,201,7,ADARSH,Independent,354,0
2022,Assembly,UP,BHARTHANA,201,8,MANOJ KUMAR,Independent,819,0
2022,Assembly,UP,BHARTHANA,201,9,NOTA,None of the Above,1253,4
2022,Assembly,UP,BIDHUNA,202,1,Gaurav Raghuvanshi,Bahujan Samaj Party,32130,90
2022,Assembly,UP,BIDHUNA,202,2,Riya Shakya,Bharatiya Janata Party,89179,313
2022,Assembly,UP,BIDHUNA,202,3,Rekha Verma,Samajwadi Party,96598,659
2022,Assembly,UP,BIDHUNA,202,4,Suman Vyas,Indian National Congress,1082,4
2022,Assembly,UP,BIDHUNA,202,5,Amar Deep,Kisan Majdoor Berojgar Sangh,285,1
2022,Assembly,UP,BIDHUNA,202,6,Jitendra Singh,Aam Aadmi Party,412,4
2022,Assembly,UP,BIDHUNA,202,7,Ram Singh,Bhartiya Shakti Chetna Party,281,5
2022,Assembly,UP,BIDHUNA,202,8,Er. Shivam Pal,Rashtriya Samaj Paksha,527,6
2022,Assembly,UP,BIDHUNA,202,9,Sanjiv Kumar,Jan Adhikar Party,3924,3
2022,Assembly,UP,BIDHUNA,202,10,Akhilesh Kumar Tripathi,Independent,1107,0
2022,Assembly,UP,BIDHUNA,202,11,Naveen Verma,Independent,633,0
2022,Assembly,UP,BIDHUNA,202,12,NOTA,None of the Above,1097,0
2022,Assembly,UP,DIBIYAPUR,203,1,Arun Kumar Dubey (Lal Dubey),Bahujan Samaj Party,31352,148
2022,Assembly,UP,DIBIYAPUR,203,2,Pradeep Kumar Yadav,Samajwadi Party,80127,738
2022,Assembly,UP,DIBIYAPUR,203,3,Manoj Kumar,Indian National Congress,1521,9
2022,Assembly,UP,DIBIYAPUR,203,4,Lakhan Singh Rajput,Bharatiya Janata Party,80011,381
2022,Assembly,UP,DIBIYAPUR,203,5,Om Prakash Rajput,Jan Adhikar Party,2698,4
2022,Assembly,UP,DIBIYAPUR,203,6,Ankita Yadav,Aam Aadmi Party,570,4
2022,Assembly,UP,DIBIYAPUR,203,7,Gopal Swaroop Gandhi,Kisan Majdoor Berojgar Sangh,233,1
2022,Assembly,UP,DIBIYAPUR,203,8,Dhirendra Singh Gautam,Aazad Samaj Party (Kanshi Ram),342,3
2022,Assembly,UP,DIBIYAPUR,203,9,Sadhana,Sabka Dal United,319,1
2022,Assembly,UP,DIBIYAPUR,203,10,Ashrit Prakash Darshan,Independent,373,3
2022,Assembly,UP,DIBIYAPUR,203,11,Lakhan Singh,Independent,686,3
2022,Assembly,UP,DIBIYAPUR,203,12,NOTA,None of the Above,927,1
2022,Assembly,UP,AURAIYA,204,1,Gudiya Katheriya,Bharatiya Janata Party,88132,499
2022,Assembly,UP,AURAIYA,204,2,Jitendra Kumar Dohare,Samajwadi Party,65374,810
2022,Assembly,UP,AURAIYA,204,3,Ravi Shastri Dohrey,Bahujan Samaj Party,35997,162
2022,Assembly,UP,AURAIYA,204,4,Sarita Dohare,Indian National Congress,1133,10
2022,Assembly,UP,AURAIYA,204,5,Muhar Singh Ambadi,Bahujan Mukti Party,498,3
2022,Assembly,UP,AURAIYA,204,6,Vinay Gautam Advocate,Aazad Samaj Party (Kanshi Ram),608,2
2022,Assembly,UP,AURAIYA,204,7,Suneeta Devi,Aam Aadmi Party,312,6
2022,Assembly,UP,AURAIYA,204,8,Anil Kumar,Independent,127,1
2022,Assembly,UP,AURAIYA,204,9,Jayveer  Singh,Independent,164,2
2022,Assembly,UP,AURAIYA,204,10,Satish Chandra,Independent,360,0
2022,Assembly,UP,AURAIYA,204,11,Sani Gautam,Independent,354,0
2022,Assembly,UP,AURAIYA,204,12,NOTA,None of the Above,1188,4
2022,Assembly,UP,RASULABAD,205,1,Kamlesh Chandra Diwakar,Samajwadi Party,69904,367
2022,Assembly,UP,RASULABAD,205,2,Poonam Sankhwar,Bharatiya Janata Party,91561,222
2022,Assembly,UP,RASULABAD,205,3,Manorama,Indian National Congress,1305,5
2022,Assembly,UP,RASULABAD,205,4,Sima  Singh,Bahujan Samaj Party,28104,85
2022,Assembly,UP,RASULABAD,205,5,Om Prakash,Bahujan Mukti Party,417,1
2022,Assembly,UP,RASULABAD,205,6,Rakesh Babu,Voters Party  International,255,1
2022,Assembly,UP,RASULABAD,205,7,B.D. Kamalvanshi,Independent,503,0
2022,Assembly,UP,RASULABAD,205,8,Neelam,Independent,499,1
2022,Assembly,UP,RASULABAD,205,9,Ram Sajeevan,Independent,357,0
2022,Assembly,UP,RASULABAD,205,10,Ram Sumer,Independent,421,0
2022,Assembly,UP,RASULABAD,205,11,Santoshi Lal Kamal,Independent,954,1
2022,Assembly,UP,RASULABAD,205,12,NOTA,None of the Above,1298,0
2022,Assembly,UP,AKBARPUR - RANIYA,206,1,Ambrish Singh Gaur,Indian National Congress,1636,10
2022,Assembly,UP,AKBARPUR - RANIYA,206,2,Pratibha Shukla,Bharatiya Janata Party,92550,277
2022,Assembly,UP,AKBARPUR - RANIYA,206,3,Dr. Ram Prakash Kushwaha,Samajwadi Party,78996,414
2022,Assembly,UP,AKBARPUR - RANIYA,206,4,Vinod Kumar Pal,Bahujan Samaj Party,32136,97
2022,Assembly,UP,AKBARPUR - RANIYA,206,5,Kamlesh Kumar,Jan Adhikar Party,615,2
2022,Assembly,UP,AKBARPUR - RANIYA,206,6,Nausad Babu,Peace Party,230,0
2022,Assembly,UP,AKBARPUR - RANIYA,206,7,Rajesh Kumar,Peoples Party of India (Democratic),622,0
2022,Assembly,UP,AKBARPUR - RANIYA,206,8,Vivesh Kumar,Aam Aadmi Party,1129,7
2022,Assembly,UP,AKBARPUR - RANIYA,206,9,Brij Bhushan,Independent,432,2
2022,Assembly,UP,AKBARPUR - RANIYA,206,10,Rameshwar,Independent,676,0
2022,Assembly,UP,AKBARPUR - RANIYA,206,11,Vipin Kumar,Independent,808,0
2022,Assembly,UP,AKBARPUR - RANIYA,206,12,NOTA,None of the Above,1189,2
2022,Assembly,UP,SIKANDRA,207,1,AJIT SINGH PAL,Bharatiya Janata Party,89044,417
2022,Assembly,UP,SIKANDRA,207,2,NARESH CHANDRA,Indian National Congress,5120,42
2022,Assembly,UP,SIKANDRA,207,3,PRABHAKAR PANDEY,Samajwadi Party,57412,482
2022,Assembly,UP,SIKANDRA,207,4,LAL JI,Bahujan Samaj Party,35885,148
2022,Assembly,UP,SIKANDRA,207,5,NEERAJ,Aam Aadmi Party,417,9
2022,Assembly,UP,SIKANDRA,207,6,MAHBOOB,Aazad Samaj Party (Kanshi Ram),424,1
2022,Assembly,UP,SIKANDRA,207,7,MAN SINGH,Voters Party  International,234,1
2022,Assembly,UP,SIKANDRA,207,8,RAM GOVIND,SOCIALIST UNITY CENTRE OF INDIA (COMMUNIST),173,2
2022,Assembly,UP,SIKANDRA,207,9,SATYENDRA PRAKASH,Jan Adhikar Party,909,2
2022,Assembly,UP,SIKANDRA,207,10,SHISHUPAL,Independent,621,0
2022,Assembly,UP,SIKANDRA,207,11,SHUBHAM PAL,Independent,6157,23
2022,Assembly,UP,SIKANDRA,207,12,SATISH SINGH NAYAK,Independent,388,1
2022,Assembly,UP,SIKANDRA,207,13,NOTA,None of the Above,1393,2
2022,Assembly,UP,BHOGNIPUR,208,1,GOVIND KUMAR,Indian National Congress,1511,7
2022,Assembly,UP,BHOGNIPUR,208,2,JUNED KHAN,Bahujan Samaj Party,47186,146
2022,Assembly,UP,BHOGNIPUR,208,3,NARENDRA PAL SINGH,Samajwadi Party,75407,509
2022,Assembly,UP,BHOGNIPUR,208,4,RAKESH SACHAN,Bharatiya Janata Party,87487,322
2022,Assembly,UP,BHOGNIPUR,208,5,AJENDRA SINGH,Aazad Samaj Party (Kanshi Ram),1131,3
2022,Assembly,UP,BHOGNIPUR,208,6,ASHUTOSH,Aam Aadmi Party,1446,19
2022,Assembly,UP,BHOGNIPUR,208,7,RANDHEER,Peace Party,498,0
2022,Assembly,UP,BHOGNIPUR,208,8,JAGRAM SINGH,Independent,630,1
2022,Assembly,UP,BHOGNIPUR,208,9,LAXMI NARAYAN,Independent,549,0
2022,Assembly,UP,BHOGNIPUR,208,10,NOTA,None of the Above,1292,0
2022,Assembly,UP,BILHAUR,209,1,USHA RANI,Indian National Congress,2502,8
2022,Assembly,UP,BILHAUR,209,2,MADHU SINGH GAUTAM,Bahujan Samaj Party,31364,62
2022,Assembly,UP,BILHAUR,209,3,RACHNA SINGH,Samajwadi Party,80420,323
2022,Assembly,UP,BILHAUR,209,4,MOHIT SONKAR,Bharatiya Janata Party,122725,369
2022,Assembly,UP,BILHAUR,209,5,MONU BABU,Voters Party  International,1485,0
2022,Assembly,UP,BILHAUR,209,6,SHRAVAN KUMAR,Bhartiya Shakti Chetna Party,609,0
2022,Assembly,UP,BILHAUR,209,7,SATYENDRA,Aam Aadmi Party,559,0
2022,Assembly,UP,BILHAUR,209,8,ARKESHWAR SAHAI,Independent,579,0
2022,Assembly,UP,BILHAUR,209,9,UDAN LAL,Independent,718,0
2022,Assembly,UP,BILHAUR,209,10,RAMDAS,Independent,1152,1
2022,Assembly,UP,BILHAUR,209,11,NOTA,None of the Above,1663,1
2022,Assembly,UP,BITHOOR,210,1,ABHIJEET SINGH,Bharatiya Janata Party,106910,420
2022,Assembly,UP,BITHOOR,210,2,ASHOK KUMAR,Indian National Congress,4438,9
2022,Assembly,UP,BITHOOR,210,3,MUNINDRA SHUKLA,Samajwadi Party,85915,342
2022,Assembly,UP,BITHOOR,210,4,RAMESH SINGH YADAV,Bahujan Samaj Party,36882,73
2022,Assembly,UP,BITHOOR,210,5,KIRAN,Jan Adhikar Party,2146,4
2022,Assembly,UP,BITHOOR,210,6,CHANDRA PAL,Rashtriya Samaj Paksha,995,0
2022,Assembly,UP,BITHOOR,210,7,PUNEET KUMAR,Bhartiya Shakti Chetna Party,810,2
2022,Assembly,UP,BITHOOR,210,8,SOM NATH PAL,Aam Aadmi Party,693,1
2022,Assembly,UP,BITHOOR,210,9,NOTA,None of the Above,1757,2
2022,Assembly,UP,KALYANPUR,211,1,ARUN MISHRA,Bahujan Samaj Party,6482,133
2022,Assembly,UP,KALYANPUR,211,2,NEELIMA KATIYAR,Bharatiya Janata Party,98197,800
2022,Assembly,UP,KALYANPUR,211,3,NEHA TIWARI,Indian National Congress,2279,23
2022,Assembly,UP,KALYANPUR,211,4,SATISH KUMAR NIGAM,Samajwadi Party,76169,1293
2022,Assembly,UP,KALYANPUR,211,5,ANOOP KATIYAR,SOCIALIST UNITY CENTRE OF INDIA (COMMUNIST),337,0
2022,Assembly,UP,KALYANPUR,211,6,AROON KUMAR,Aam Aadmi Party,714,7
2022,Assembly,UP,KALYANPUR,211,7,ASHOK KUMAR,RASHTRIYA VIKLANG PARTY,126,0
2022,Assembly,UP,KALYANPUR,211,8,HEERA DEVI,Bhartiya Shakti Chetna Party,359,1
2022,Assembly,UP,KALYANPUR,211,9,NOTA,None of the Above,883,11
2022,Assembly,UP,GOVINDNAGAR,212,1,ASHOK KUMAR KALIYA,Bahujan Samaj Party,8240,93
2022,Assembly,UP,GOVINDNAGAR,212,2,KARISHMA THAKUR,Indian National Congress,26079,188
2022,Assembly,UP,GOVINDNAGAR,212,3,VIKAS YADAV,Samajwadi Party,36198,407
2022,Assembly,UP,GOVINDNAGAR,212,4,SURENDRA MAITHANI,Bharatiya Janata Party,116879,622
2022,Assembly,UP,GOVINDNAGAR,212,5,KAWARDEEP SINGH,Aam Aadmi Party,2125,16
2022,Assembly,UP,GOVINDNAGAR,212,6,SANTOSH KUMAR GIRI,"Proutist Bloc, India",261,0
2022,Assembly,UP,GOVINDNAGAR,212,7,NOTA,None of the Above,1085,9
2022,Assembly,UP,SISHAMAU,213,1,HAJI IRFAN SOLANKI,Samajwadi Party,78851,312
2022,Assembly,UP,SISHAMAU,213,2,RAJNISH TIWARI,Bahujan Samaj Party,2891,46
2022,Assembly,UP,SISHAMAU,213,3,SALIL VISHNOI,Bharatiya Janata Party,66530,367
2022,Assembly,UP,SISHAMAU,213,4,HAJEE SUHEL AHAMAD,Indian National Congress,5598,18
2022,Assembly,UP,SISHAMAU,213,5,SHRIMATI MADHURI,Bahujan Party,116,1
2022,Assembly,UP,SISHAMAU,213,6,LADDAN,Lok Dal,119,0
2022,Assembly,UP,SISHAMAU,213,7,SUNIL BABU,Aam Aadmi Party,556,7
2022,Assembly,UP,SISHAMAU,213,8,ALOK KUMAR,Independent,133,0
2022,Assembly,UP,SISHAMAU,213,9,NOTA,None of the Above,660,4
2022,Assembly,UP,ARYA NAGAR,214,1,AMITABH BAJPAI,Samajwadi Party,76593,304
2022,Assembly,UP,ARYA NAGAR,214,2,TONI JAISWAL,Bahujan Samaj Party,1371,16
2022,Assembly,UP,ARYA NAGAR,214,3,PRAMOD KUMAR,Indian National Congress,3284,25
2022,Assembly,UP,ARYA NAGAR,214,4,SURESH AWASTHI,Bharatiya Janata Party,68706,267
2022,Assembly,UP,ARYA NAGAR,214,5,ANUJ KUMAR SHUKLA,Aam Aadmi Party,811,7
2022,Assembly,UP,ARYA NAGAR,214,6,GUDDI DIXIT,RASHTRIYA VIKLANG PARTY,77,0
2022,Assembly,UP,ARYA NAGAR,214,7,PAWAN KUMAR TIWARI,Independent,91,0
2022,Assembly,UP,ARYA NAGAR,214,8,NOTA,None of the Above,543,4
2022,Assembly,UP,KIDWAI NAGAR,215,1,AJAY KAPOOR,Indian National Congress,75778,573
2022,Assembly,UP,KIDWAI NAGAR,215,2,ABHIMANYU,Samajwadi Party,8150,247
2022,Assembly,UP,KIDWAI NAGAR,215,3,MAHESH KUMAR TRIVEDI,Bharatiya Janata Party,113271,840
2022,Assembly,UP,KIDWAI NAGAR,215,4,MOHAN MISHRA,Bahujan Samaj Party,3784,62
2022,Assembly,UP,KIDWAI NAGAR,215,5,ALOK KUMAR,Sabhi Jan Party,150,1
2022,Assembly,UP,KIDWAI NAGAR,215,6,PAWAN KUMAR TIWARI,Shiv Sena,114,0
2022,Assembly,UP,KIDWAI NAGAR,215,7,RAKESH KUMAR DIXIT,Jan Sangh Party,176,2
2022,Assembly,UP,KIDWAI NAGAR,215,8,VIVEK DWIVEDI,Aam Aadmi Party,1114,15
2022,Assembly,UP,KIDWAI NAGAR,215,9,SEEMA UTTAM,Bhartiya Shakti Chetna Party,508,6
2022,Assembly,UP,KIDWAI NAGAR,215,10,SITARAM  SHUKLA,Independent,159,1
2022,Assembly,UP,KIDWAI NAGAR,215,11,NOTA,None of the Above,1056,11
2022,Assembly,UP,KANPUR CANTT.,216,1,MOHAMMAD SHAFI,Bahujan Samaj Party,3331,58
2022,Assembly,UP,KANPUR CANTT.,216,2,MOHAMMAD HASAN,Samajwadi Party,94271,458
2022,Assembly,UP,KANPUR CANTT.,216,3,RAGHUNANDAN SINGH BHADAURIYA,Bharatiya Janata Party,74261,481
2022,Assembly,UP,KANPUR CANTT.,216,4,SOHIL AKHTAR ANSARI,Indian National Congress,13202,77
2022,Assembly,UP,KANPUR CANTT.,216,5,ASHISH SHUKLA,Bhartiya Samta Party,210,1
2022,Assembly,UP,KANPUR CANTT.,216,6,JAMSED,Jan Abhiyan Party,79,0
2022,Assembly,UP,KANPUR CANTT.,216,7,MUKESH PAL,Rashtriya Samaj Paksha,135,0
2022,Assembly,UP,KANPUR CANTT.,216,8,MOHD MERAJ,Rashtriya Ulama Council,116,0
2022,Assembly,UP,KANPUR CANTT.,216,9,MOINUDDIN,All India Majlis-E-Ittehadul Muslimeen,1109,3
2022,Assembly,UP,KANPUR CANTT.,216,10,RAMESH,Akhil Bharatiya Socialist Party,178,0
2022,Assembly,UP,KANPUR CANTT.,216,11,RASHID JAMAL,Aam Aadmi Party,534,2
2022,Assembly,UP,KANPUR CANTT.,216,12,DEVI PRASAD,Independent,246,0
2022,Assembly,UP,KANPUR CANTT.,216,13,NOTA,None of the Above,731,9
2022,Assembly,UP,MAHARAJPUR,217,1,KANISHKA PANDEY,Indian National Congress,7213,67
2022,Assembly,UP,MAHARAJPUR,217,2,FATEH BAHADUR SINGH GILL,Samajwadi Party,70075,547
2022,Assembly,UP,MAHARAJPUR,217,3,Satish Mahana,Bharatiya Janata Party,151852,1031
2022,Assembly,UP,MAHARAJPUR,217,4,SURENDRA PAL SINGH,Bahujan Samaj Party,15005,108
2022,Assembly,UP,MAHARAJPUR,217,5,AVDHESH KUMAR GUPTA,Bhartiya Shakti Chetna Party,934,1
2022,Assembly,UP,MAHARAJPUR,217,6,UMESH SINGH YADAV,Aam Aadmi Party,761,6
2022,Assembly,UP,MAHARAJPUR,217,7,ANKIT PAL,Rashtriya Samaj Paksha,349,0
2022,Assembly,UP,MAHARAJPUR,217,8,RAMAKANT NISHAD,Vikassheel Insaan Party,825,1
2022,Assembly,UP,MAHARAJPUR,217,9,RAJENDRA KUMAR KATHERIYA,Rashtriya Janutthan Party,227,0
2022,Assembly,UP,MAHARAJPUR,217,10,Vishnu Kumar,Jan Adhikar Party,414,1
2022,Assembly,UP,MAHARAJPUR,217,11,SHASHANK PANDEY,Jan Abhiyan Party,336,0
2022,Assembly,UP,MAHARAJPUR,217,12,PRAVEEN KUMAR,Independent,566,0
2022,Assembly,UP,MAHARAJPUR,217,13,VIJAY KUMAR,Independent,571,0
2022,Assembly,UP,MAHARAJPUR,217,14,NOTA,None of the Above,1365,7
2022,Assembly,UP,GHATAMPUR,218,1,PRASHANT AHIRWAR,Bahujan Samaj Party,32392,80
2022,Assembly,UP,GHATAMPUR,218,2,BHAGWATI PRASAD,Samajwadi Party,66834,419
2022,Assembly,UP,GHATAMPUR,218,3,RAJ NARAYAN,Indian National Congress,3775,23
2022,Assembly,UP,GHATAMPUR,218,4,ASHOK PASWAN,Sabhi Jan Party,683,5
2022,Assembly,UP,GHATAMPUR,218,5,MUNNI LAL,Bhartiya Shakti Chetna Party,731,8
2022,Assembly,UP,GHATAMPUR,218,6,MAMTA KUSHWAHA,Jan Adhikar Party,2833,11
2022,Assembly,UP,GHATAMPUR,218,7,RAMJEEVAN,Aazad Samaj Party (Kanshi Ram),2007,2
2022,Assembly,UP,GHATAMPUR,218,8,VIPIN KUMAR,Arjak Adhikar Dal,1196,2
2022,Assembly,UP,GHATAMPUR,218,9,Er. SANJAY PAL,Aam Aadmi Party,1418,10
2022,Assembly,UP,GHATAMPUR,218,10,SAROJ,Apna Dal (Soneylal),81456,271
2022,Assembly,UP,GHATAMPUR,218,11,AMIT KUMAR,Independent,654,3
2022,Assembly,UP,GHATAMPUR,218,12,NOTA,None of the Above,1644,9
2022,Assembly,UP,MADHAUGARH,219,1,MOOL CHANDRA SINGH,Bharatiya Janata Party,104924,307
2022,Assembly,UP,MADHAUGARH,219,2,RAGHVENDRA PRATAP SINGH,Samajwadi Party,62674,361
2022,Assembly,UP,MADHAUGARH,219,3,SHEETAL KUSHWAHA,Bahujan Samaj Party,70116,141
2022,Assembly,UP,MADHAUGARH,219,4,SIDDARTH DEVOLIA,Indian National Congress,3135,6
2022,Assembly,UP,MADHAUGARH,219,5,BRIJESH CHANDRA,Jansatta Dal Loktantrik,1866,5
2022,Assembly,UP,MADHAUGARH,219,6,BHAGWAN SINGH,Bahujan Mukti Party,1935,4
2022,Assembly,UP,MADHAUGARH,219,7,MOOLSHARAN,Jan Adhikar Party,1733,2
2022,Assembly,UP,MADHAUGARH,219,8,RAM JI,Aam Aadmi Party,439,5
2022,Assembly,UP,MADHAUGARH,219,9,JAGATPAL,Independent,304,0
2022,Assembly,UP,MADHAUGARH,219,10,JITENDRA SINGH,Independent,293,0
2022,Assembly,UP,MADHAUGARH,219,11,RAVINDRA KUMAR,Independent,640,0
2022,Assembly,UP,MADHAUGARH,219,12,RAMBIHARI,Independent,2131,0
2022,Assembly,UP,MADHAUGARH,219,13,SURESH BABU,Independent,955,0
2022,Assembly,UP,MADHAUGARH,219,14,NOTA,None of the Above,2849,3
2022,Assembly,UP,KALPI,220,1,UMAKANTI,Indian National Congress,15135,60
2022,Assembly,UP,KALPI,220,2,VINOD CHATURVEDI,Samajwadi Party,69060,722
2022,Assembly,UP,KALPI,220,3,SHYAM PAL,Bahujan Samaj Party,64433,250
2022,Assembly,UP,KALPI,220,4,ARUN KUMAR,Desh Shakti Party,1086,5
2022,Assembly,UP,KALPI,220,5,CHHOTE SINGH,Nirbal Indian Shoshit Hamara Aam Dal,66739,227
2022,Assembly,UP,KALPI,220,6,JISHAN,Jan Adhikar Party,2465,5
2022,Assembly,UP,KALPI,220,7,RAIS AHMAD,RASHTRIYA VIKLANG PARTY,318,0
2022,Assembly,UP,KALPI,220,8,RAJIV KUMAR,Communist Party of India  (Marxist-Leninist)  (Liberation),570,0
2022,Assembly,UP,KALPI,220,9,ROHIT TRIPATHI,"Rashtrawadi Party of India,",495,4
2022,Assembly,UP,KALPI,220,10,Veerendra Singh Parihar,Rashtriya Jan Manch,1086,5
2022,Assembly,UP,KALPI,220,11,AINUL HASAN MANSOORI,Independent,8144,2
2022,Assembly,UP,KALPI,220,12,ANJANA DEVI,Independent,1106,8
2022,Assembly,UP,KALPI,220,13,SHYAM KISHOR,Independent,1696,0
2022,Assembly,UP,KALPI,220,14,SUNDAR,Jan Adhikar Party,1411,3
2022,Assembly,UP,KALPI,220,15,NOTA,None of the Above,1697,9
2022,Assembly,UP,ORAI,221,1,URMILA DEVI SONKAR KHABRI,Indian National Congress,4636,14
2022,Assembly,UP,ORAI,221,2,GAURI SHANKAR,Bharatiya Janata Party,128300,344
2022,Assembly,UP,ORAI,221,3,DAYASHANKAR VERMA,Samajwadi Party,89969,1027
2022,Assembly,UP,ORAI,221,4,SATYENDRA PRATAP,Bahujan Samaj Party,38542,96
2022,Assembly,UP,ORAI,221,5,JAMUNADAS,Bahujan Mukti Party,624,0
2022,Assembly,UP,ORAI,221,6,DEEPSHIKHA,Aam Aadmi Party,1085,3
2022,Assembly,UP,ORAI,221,7,BALAK RAM,Jan Adhikar Party,1604,3
2022,Assembly,UP,ORAI,221,8,CH. LACHCHIRAM,RASHTRIYA VIKLANG PARTY,245,0
2022,Assembly,UP,ORAI,221,9,SITARAM VERMA,Swatantra Jantaraj Party,350,1
2022,Assembly,UP,ORAI,221,10,SUSHIL KUMAR,Desh Shakti Party,579,0
2022,Assembly,UP,ORAI,221,11,CHANDRABHAN,Independent,517,0
2022,Assembly,UP,ORAI,221,12,DAL SINGH,Independent,604,0
2022,Assembly,UP,ORAI,221,13,PREMLATA VERMA,Independent,879,3
2022,Assembly,UP,ORAI,221,14,NOTA,None of the Above,1681,1
2022,Assembly,UP,BABINA,222,1,Chandra Shekher Tiwari,Indian National Congress,2313,19
2022,Assembly,UP,BABINA,222,2,Dasharath Singh Rajpoot,Bahujan Samaj Party,30424,116
2022,Assembly,UP,BABINA,222,3,Yashpal Singh Yadav,Samajwadi Party,73484,330
2022,Assembly,UP,BABINA,222,4,Rajeev Singh ''Parichha'',Bharatiya Janata Party,117938,405
2022,Assembly,UP,BABINA,222,5,Keshav Singh,Aazad Samaj Party (Kanshi Ram),1813,0
2022,Assembly,UP,BABINA,222,6,Rani Devi,Jan Adhikar Party,2647,8
2022,Assembly,UP,BABINA,222,7,Ramsingh Pal,Rashtriya Samaj Paksha,538,0
2022,Assembly,UP,BABINA,222,8,Shiroman Singh Rajpoot,Shiv Sena,508,0
2022,Assembly,UP,BABINA,222,9,Jayram Pal,Independent,921,0
2022,Assembly,UP,BABINA,222,10,Rajkumar,Independent,688,1
2022,Assembly,UP,BABINA,222,11,Hareeom,Independent,642,1
2022,Assembly,UP,BABINA,222,12,NOTA,None of the Above,1828,7
2022,Assembly,UP,JHANSI NAGAR,223,1,Kailash Sahu,Bahujan Samaj Party,17698,148
2022,Assembly,UP,JHANSI NAGAR,223,2,Ravi Sharma,Bharatiya Janata Party,147604,658
2022,Assembly,UP,JHANSI NAGAR,223,3,Rahul Richhariya,Indian National Congress,8797,44
2022,Assembly,UP,JHANSI NAGAR,223,4,Sita Ram Kushwaha,Samajwadi Party,71348,561
2022,Assembly,UP,JHANSI NAGAR,223,5,Dhirendra Kumar Mahor,Rashtriya Sarvajan Party,639,1
2022,Assembly,UP,JHANSI NAGAR,223,6,B.L. Bhaskar,Aam Aadmi Party,666,4
2022,Assembly,UP,JHANSI NAGAR,223,7,Sharad Pratap Singh,Bundelkhand Kranti Dal,275,3
2022,Assembly,UP,JHANSI NAGAR,223,8,Sadik Ali,All India Majlis-E-Ittehadul Muslimeen,2320,5
2022,Assembly,UP,JHANSI NAGAR,223,9,Sanjeev Kumar Singh,Right to Recall Party,265,1
2022,Assembly,UP,JHANSI NAGAR,223,10,Anoop Singh,Independent,402,1
2022,Assembly,UP,JHANSI NAGAR,223,11,NOTA,None of the Above,1349,4
2022,Assembly,UP,MAURANIPUR,224,1,Tilak Chandra Ahirwar,Samajwadi Party,84594,388
2022,Assembly,UP,MAURANIPUR,224,2,Bhagwandas,Indian National Congress,3313,10
2022,Assembly,UP,MAURANIPUR,224,3,Rohit Ratan,Bahujan Samaj Party,32561,80
2022,Assembly,UP,MAURANIPUR,224,4,Ghanashyam Das,Swatantra Jantaraj Party,1101,4
2022,Assembly,UP,MAURANIPUR,224,5,Brajkuwar,Jan Adhikar Party,2464,1
2022,Assembly,UP,MAURANIPUR,224,6,Manohar,Bhartiya Shakti Chetna Party,495,3
2022,Assembly,UP,MAURANIPUR,224,7,Meena Kumari,Shiv Sena,781,2
2022,Assembly,UP,MAURANIPUR,224,8,Mohan Lal Singarya,Aam Aadmi Party,1499,2
2022,Assembly,UP,MAURANIPUR,224,9,Rashmi Arya,Apna Dal (Soneylal),143226,351
2022,Assembly,UP,MAURANIPUR,224,10,Jitendra Kumar,Independent,2650,3
2022,Assembly,UP,MAURANIPUR,224,11,NOTA,None of the Above,3467,4
2022,Assembly,UP,GARAUTHA,225,1,Jawahar Lal Rajput,Bharatiya Janata Party,113652,407
2022,Assembly,UP,GARAUTHA,225,2,Deep Narayan Singh (Deepak Yadav),Samajwadi Party,80047,350
2022,Assembly,UP,GARAUTHA,225,3,Neha,Indian National Congress,3289,14
2022,Assembly,UP,GARAUTHA,225,4,Bira Singh,Bahujan Samaj Party,29244,89
2022,Assembly,UP,GARAUTHA,225,5,Gauri Shankar Bidua,"Kisan Raksha Party,",490,1
2022,Assembly,UP,GARAUTHA,225,6,Pushpendra Lodha Chandar,Aam Aadmi Party,354,1
2022,Assembly,UP,GARAUTHA,225,7,Poonam Singh,Akhil Bharatiya Socialist Party,234,0
2022,Assembly,UP,GARAUTHA,225,8,Rajendra Pal,Jan Adhikar Party,2042,4
2022,Assembly,UP,GARAUTHA,225,9,Arun Kumar,Independent,244,0
2022,Assembly,UP,GARAUTHA,225,10,Krishna Kumar,Independent,232,1
2022,Assembly,UP,GARAUTHA,225,11,Gyadeen,Independent,300,0
2022,Assembly,UP,GARAUTHA,225,12,Pushpendra Singh,Independent,510,0
2022,Assembly,UP,GARAUTHA,225,13,Prem Kumari Khangar,Independent,605,0
2022,Assembly,UP,GARAUTHA,225,14,Manvendra Singh,Independent,1095,0
2022,Assembly,UP,GARAUTHA,225,15,NOTA,None of the Above,2766,1
2022,Assembly,UP,LALITPUR,226,1,Chandra Bhusan Singh Bundela (Guddu Raja),Bahujan Samaj Party,69172,163
2022,Assembly,UP,LALITPUR,226,2,Balwant Singh Rajpoot,Indian National Congress,3910,10
2022,Assembly,UP,LALITPUR,226,3,Ramesh Prasad,Samajwadi Party,68338,259
2022,Assembly,UP,LALITPUR,226,4,Ramratan Kushwaha,Bharatiya Janata Party,176307,243
2022,Assembly,UP,LALITPUR,226,5,Vandana,Jan Adhikar Party,4474,1
2022,Assembly,UP,LALITPUR,226,6,Sanjay Khan,Aam Aadmi Party,857,0
2022,Assembly,UP,LALITPUR,226,7,Hariom,Bhartiya Lok Satta Party,713,2
2022,Assembly,UP,LALITPUR,226,8,Akhilesh  Kumar,Independent,778,1
2022,Assembly,UP,LALITPUR,226,9,Anil,Independent,1106,1
2022,Assembly,UP,LALITPUR,226,10,Pradip Kumar Gupta,Independent,1384,0
2022,Assembly,UP,LALITPUR,226,11,Rahul Kushwaha,Independent,1556,0
2022,Assembly,UP,LALITPUR,226,12,NOTA,None of the Above,3877,3
2022,Assembly,UP,MEHRONI,227,1,Kiran Ramesh Khatik,Bahujan Samaj Party,74135,192
2022,Assembly,UP,MEHRONI,227,2,Chandrabhan,Communist Party of India,2106,2
2022,Assembly,UP,MEHRONI,227,3,Brijlal Khabri,Indian National Congress,4327,17
2022,Assembly,UP,MEHRONI,227,4,Manohar Lal,Bharatiya Janata Party,184396,382
2022,Assembly,UP,MEHRONI,227,5,Ram Vilas,Samajwadi Party,58069,312
2022,Assembly,UP,MEHRONI,227,6,Kailash,Janata Dal  (United),997,0
2022,Assembly,UP,MEHRONI,227,7,Ganesh Ram Rajak,Aam Aadmi Party,574,1
2022,Assembly,UP,MEHRONI,227,8,Motilal,Aazad Samaj Party (Kanshi Ram),954,0
2022,Assembly,UP,MEHRONI,227,9,Monika,Bahujan Mukti Party,583,2
2022,Assembly,UP,MEHRONI,227,10,Vijay Kumar,Jan Adhikar Party,1009,6
2022,Assembly,UP,MEHRONI,227,11,Gorelal,Independent,693,3
2022,Assembly,UP,MEHRONI,227,12,Jitendra,Independent,1271,11
2022,Assembly,UP,MEHRONI,227,13,Jugal Kishor,Independent,1612,2
2022,Assembly,UP,MEHRONI,227,14,Ravi Kumar,Independent,1018,0
2022,Assembly,UP,MEHRONI,227,15,Lakhan,Independent,829,0
2022,Assembly,UP,MEHRONI,227,16,NOTA,None of the Above,3294,1
2022,Assembly,UP,HAMIRPUR,228,1,JAMAL ALAM,Communist Party of India,3005,4
2022,Assembly,UP,HAMIRPUR,228,2,DR. MANOJ KUMAR,Bharatiya Janata Party,105063,369
2022,Assembly,UP,HAMIRPUR,228,3,RAJKUMARI SINGH,Indian National Congress,16373,64
2022,Assembly,UP,HAMIRPUR,228,4,RAM PRAKASH,Samajwadi Party,79233,714
2022,Assembly,UP,HAMIRPUR,228,5,RAM PHOOL NISHAD,Bahujan Samaj Party,47157,142
2022,Assembly,UP,HAMIRPUR,228,6,ANANTRAM,Bhartiya Shakti Chetna Party,1873,2
2022,Assembly,UP,HAMIRPUR,228,7,BHAVANEEDEEN,Rashtriya Shoshit Samaj Party,1012,0
2022,Assembly,UP,HAMIRPUR,228,8,RAJENDRA KUMAR,Desh Shakti Party,999,1
2022,Assembly,UP,HAMIRPUR,228,9,VIJAY DWIVEDI,Jan Adhikar Party,4192,12
2022,Assembly,UP,HAMIRPUR,228,10,NOTA,None of the Above,2449,10
2022,Assembly,UP,RATH,229,1,KAMLESH KUMAR VERMA,Indian National Congress,5159,5
2022,Assembly,UP,RATH,229,2,CHANDRAWATI VERMA,Samajwadi Party,76746,648
2022,Assembly,UP,RATH,229,3,PRASANNA BHUSHAN,Bahujan Samaj Party,24221,45
2022,Assembly,UP,RATH,229,4,MANISHA,Bharatiya Janata Party,139105,268
2022,Assembly,UP,RATH,229,5,DHARMENDRA SINGH GAUTAM,Bhartiya Shakti Chetna Party,3021,0
2022,Assembly,UP,RATH,229,6,MATADEEN,Bahujan Mukti Party,2075,2
2022,Assembly,UP,RATH,229,7,NARENDRA KUMAR,Independent,1584,1
2022,Assembly,UP,RATH,229,8,PREETI KANNOJEYA,Independent,1960,0
2022,Assembly,UP,RATH,229,9,NOTA,None of the Above,4258,10
2022,Assembly,UP,MAHOBA,230,1,MANOJ TIWARI,Samajwadi Party,50405,638
2022,Assembly,UP,MAHOBA,230,2,RAKESH KUMAR GOSWAMI,Bharatiya Janata Party,94077,413
2022,Assembly,UP,MAHOBA,230,3,SAGAR,Indian National Congress,9385,38
2022,Assembly,UP,MAHOBA,230,4,SANJAY KUMAR SAHU,Bahujan Samaj Party,38049,247
2022,Assembly,UP,MAHOBA,230,5,EHSAN,Bahujan Mukti Party,960,1
2022,Assembly,UP,MAHOBA,230,6,KAMLESH KUMAR,Bhartiya Shakti Chetna Party,1097,5
2022,Assembly,UP,MAHOBA,230,7,KULDEEP KUSHWAHA,Jan Adhikar Party,4541,15
2022,Assembly,UP,MAHOBA,230,8,DEV PRATAP SINGH,Aazad Samaj Party (Kanshi Ram),693,1
2022,Assembly,UP,MAHOBA,230,9,Mahesh Kumar,Aam Aadmi Party,648,1
2022,Assembly,UP,MAHOBA,230,10,ANIL KUMAR,Independent,836,5
2022,Assembly,UP,MAHOBA,230,11,ANIL SINGH,Independent,431,1
2022,Assembly,UP,MAHOBA,230,12,ARJUN KUMAR,Independent,548,7
2022,Assembly,UP,MAHOBA,230,13,DEVRAJ,Independent,842,1
2022,Assembly,UP,MAHOBA,230,14,DEVENDRA KUMAR NAGAICH,Independent,635,0
2022,Assembly,UP,MAHOBA,230,15,MAHESH,Independent,1144,1
2022,Assembly,UP,MAHOBA,230,16,NOTA,None of the Above,1513,1
2022,Assembly,UP,CHARKHARI,231,1,NIRDOSH KUMAR DIXIT,Indian National Congress,7156,31
2022,Assembly,UP,CHARKHARI,231,2,BRIJBHUSHAN RAJPUT,Bharatiya Janata Party,101734,317
2022,Assembly,UP,CHARKHARI,231,3,RAMJEEVAN,Samajwadi Party,59644,526
2022,Assembly,UP,CHARKHARI,231,4,VINOD KUMAR,Bahujan Samaj Party,40974,113
2022,Assembly,UP,CHARKHARI,231,5,KUNVARLAL,Right to Recall Party,1057,1
2022,Assembly,UP,CHARKHARI,231,6,PREMNARAYAN,Aam Aadmi Party,1245,0
2022,Assembly,UP,CHARKHARI,231,7,SANTOSH SINGH,Jan Adhikar Party,5061,13
2022,Assembly,UP,CHARKHARI,231,8,ANIL KUMAR SINGH GOUR,Independent,1976,1
2022,Assembly,UP,CHARKHARI,231,9,BHUVANENDRA NARAYAN SINGH,Independent,973,0
2022,Assembly,UP,CHARKHARI,231,10,NOTA,None of the Above,2253,3
2022,Assembly,UP,TINDWARI,232,1,ADISHAKTI,Indian National Congress,2579,7
2022,Assembly,UP,TINDWARI,232,2,JAYRAM SINGH,Bahujan Samaj Party,39267,183
2022,Assembly,UP,TINDWARI,232,3,BRAJESH KUMAR PRAJAPATI,Samajwadi Party,57916,471
2022,Assembly,UP,TINDWARI,232,4,RAMKESH NISHAD,Bharatiya Janata Party,86600,212
2022,Assembly,UP,TINDWARI,232,5,RAMCHANDRA,Communist Party of India,2867,1
2022,Assembly,UP,TINDWARI,232,6,MOOLCHANDRA,Bhartiya Shakti Chetna Party,912,1
2022,Assembly,UP,TINDWARI,232,7,ARVIND KUMAR,Independent,1035,0
2022,Assembly,UP,TINDWARI,232,8,UTTAM,Independent,821,0
2022,Assembly,UP,TINDWARI,232,9,MADHURAJ,Independent,1082,0
2022,Assembly,UP,TINDWARI,232,10,NOTA,None of the Above,2264,3
2022,Assembly,UP,BABERU,233,1,AJAY KUMAR,Bharatiya Janata Party,72057,164
2022,Assembly,UP,BABERU,233,2,GAJENDRA SINGH  PATEL,Indian National Congress,2105,7
2022,Assembly,UP,BABERU,233,3,Dr. RAM CHANDRA SARAS,Communist Party of India,1588,1
2022,Assembly,UP,BABERU,233,4,RAMSEVAK SHUKLA,Bahujan Samaj Party,36892,117
2022,Assembly,UP,BABERU,233,5,VISHAMBHAR SINGH YADAV,Samajwadi Party,79093,521
2022,Assembly,UP,BABERU,233,6,ASHOK KUMAR,Jan Adhikar Party,4449,9
2022,Assembly,UP,BABERU,233,7,JAGROOP BHASKAR,Ambedkar Samaj Party,585,0
2022,Assembly,UP,BABERU,233,8,JAYPAL,Bharat Swabhiman Party,504,0
2022,Assembly,UP,BABERU,233,9,JIYALAL DHURIYA,Bhartiya Shakti Chetna Party,803,1
2022,Assembly,UP,BABERU,233,10,RAJBAHADUR KUSHWAHA,RASHTRIYA VIKLANG PARTY,748,1
2022,Assembly,UP,BABERU,233,11,SAMTA DEVI,Bahujan Mukti Party,817,0
2022,Assembly,UP,BABERU,233,12,SIMMI BURMAN,Aazad Samaj Party (Kanshi Ram),1942,2
2022,Assembly,UP,BABERU,233,13,NOTA,None of the Above,3044,3
2022,Assembly,UP,NARAINI,234,1,Ommani  Varma,Bharatiya Janata Party,83042,221
2022,Assembly,UP,NARAINI,234,2,Kiran Verma,Samajwadi Party,75978,566
2022,Assembly,UP,NARAINI,234,3,GAYACHARAN DINKAR,Bahujan Samaj Party,36746,125
2022,Assembly,UP,NARAINI,234,4,DAYARAM,Communist Party of India,2550,0
2022,Assembly,UP,NARAINI,234,5,PAWAN DEVI,Indian National Congress,1800,6
2022,Assembly,UP,NARAINI,234,6,RADHE SHYAM,Aam Aadmi Party,660,2
2022,Assembly,UP,NARAINI,234,7,RITESH KUMAR,Aazad Samaj Party (Kanshi Ram),972,1
2022,Assembly,UP,NARAINI,234,8,Lavlesh Kumar,Ambedkar Samaj Party,1320,0
2022,Assembly,UP,NARAINI,234,9,SHANKAR LAL,Jan Adhikar Party,6528,30
2022,Assembly,UP,NARAINI,234,10,NOTA,None of the Above,3420,0
2022,Assembly,UP,BANDA,235,1,DEVNATH YADAV,Communist Party of India,1550,0
2022,Assembly,UP,BANDA,235,2,DHEERAJ PRAKASH,Bahujan Samaj Party,38073,211
2022,Assembly,UP,BANDA,235,3,PRAKASH DWIVEDI,Bharatiya Janata Party,81131,426
2022,Assembly,UP,BANDA,235,4,MANJULA SINGH,Samajwadi Party,65429,914
2022,Assembly,UP,BANDA,235,5,LAXMINARAYAN,Indian National Congress,1879,15
2022,Assembly,UP,BANDA,235,6,GULAB CHANDRA KUSHWAHA,Bhartiya Shakti Chetna Party,990,0
2022,Assembly,UP,BANDA,235,7,RAM PRASAD SINGH,Aam Janta Party (India),913,2
2022,Assembly,UP,BANDA,235,8,HANUMAN DAS,Jan Adhikar Party,3750,26
2022,Assembly,UP,BANDA,235,9,NOTA,None of the Above,1987,4
2022,Assembly,UP,CHITRAKOOT,236,1,ANIL KUMAR ANIL PRADHAN,Samajwadi Party,103887,884
2022,Assembly,UP,CHITRAKOOT,236,2,AMIT YADAV,Communist Party of India,2147,4
2022,Assembly,UP,CHITRAKOOT,236,3,CHANDRIKA PRASAD UPADHYAY,Bharatiya Janata Party,83593,302
2022,Assembly,UP,CHITRAKOOT,236,4,NIRMALA,Indian National Congress,2145,3
2022,Assembly,UP,CHITRAKOOT,236,5,PUSHPENDRA SINGH,Bahujan Samaj Party,38563,148
2022,Assembly,UP,CHITRAKOOT,236,6,AVINASH CHANDRA TRIPATHI,Jan Adhikar Party,2408,12
2022,Assembly,UP,CHITRAKOOT,236,7,RAMBHAROSA,Bundelkhand Kranti Dal,1746,2
2022,Assembly,UP,CHITRAKOOT,236,8,SHIVSHARAN,Ambedkar Samaj Party,655,0
2022,Assembly,UP,CHITRAKOOT,236,9,SANTOSHILAL alias PINTU,Aam Aadmi Party,1077,0
2022,Assembly,UP,CHITRAKOOT,236,10,HRIDAYESH KUMAR VERMA,Independent,1488,3
2022,Assembly,UP,CHITRAKOOT,236,11,NOTA,None of the Above,3286,4
2022,Assembly,UP,MANIKPUR,237,1,BALVEER PAL,Bahujan Samaj Party,45248,119
2022,Assembly,UP,MANIKPUR,237,2,RANJANA BARATI LAL PANDEY,Indian National Congress,4081,29
2022,Assembly,UP,MANIKPUR,237,3,VEER SINGH PATEL,Samajwadi Party,71679,405
2022,Assembly,UP,MANIKPUR,237,4,AVINASH CHANDRA TRIPATHI,Aam Aadmi Party,2039,15
2022,Assembly,UP,MANIKPUR,237,5,AVINASH CHANDRA DWIVEDI,Apna Dal (Soneylal),72906,226
2022,Assembly,UP,MANIKPUR,237,6,PUSHPENDRA KUMAR TRIPATHI,Bundelkhand Vikas  Dal,1350,1
2022,Assembly,UP,MANIKPUR,237,7,RAMSURAT,Ambedkar Samaj Party,1625,0
2022,Assembly,UP,MANIKPUR,237,8,SHIVPOOJAN,Jan Adhikar Party,2847,2
2022,Assembly,UP,MANIKPUR,237,9,ALI HUSAIN,Independent,1216,0
2022,Assembly,UP,MANIKPUR,237,10,RAJPRATAP,Independent,815,2
2022,Assembly,UP,MANIKPUR,237,11,NOTA,None of the Above,3319,6
2022,Assembly,UP,JAHANABAD,238,1,ADITYA PANDEY,Bahujan Samaj Party,39090,115
2022,Assembly,UP,JAHANABAD,238,2,KAMLA DEVI,Indian National Congress,3540,10
2022,Assembly,UP,JAHANABAD,238,3,MADAN GOPAL,Samajwadi Party,59943,368
2022,Assembly,UP,JAHANABAD,238,4,RAJENDRA SINGH PATEL,Bharatiya Janata Party,78320,183
2022,Assembly,UP,JAHANABAD,238,5,ANOOP SACHAN,Jan Adhikar Party,2250,0
2022,Assembly,UP,JAHANABAD,238,6,AMAR SINGH,Bhartiya Vanchitsamaj Party,514,0
2022,Assembly,UP,JAHANABAD,238,7,BRIJENDRA KUMAR,Bharatiya Samta Samaj Party,243,0
2022,Assembly,UP,JAHANABAD,238,8,RAM SARAN SAHU,Sabhi Jan Party,326,0
2022,Assembly,UP,JAHANABAD,238,9,RAM KHELAVAN,Aazad Samaj Party (Kanshi Ram),595,0
2022,Assembly,UP,JAHANABAD,238,10,RAMGOPAL UTTAM,Arjak Adhikar Dal,667,1
2022,Assembly,UP,JAHANABAD,238,11,VIKAS PAL,Rashtra Uday Party,1291,1
2022,Assembly,UP,JAHANABAD,238,12,VINIT KUMAR,Aam Aadmi Party,667,9
2022,Assembly,UP,JAHANABAD,238,13,SANTOSH SAHNI,Vikassheel Insaan Party,838,0
2022,Assembly,UP,JAHANABAD,238,14,NOTA,None of the Above,1529,0
2022,Assembly,UP,BINDKI,239,1,Abhimanyu Singh,Indian National Congress,5612,25
2022,Assembly,UP,BINDKI,239,2,Ganga Vishun,Communist Party of India,1980,9
2022,Assembly,UP,BINDKI,239,3,Rameshwar Dayal,Samajwadi Party,73823,545
2022,Assembly,UP,BINDKI,239,4,Sushil Kumar,Bahujan Samaj Party,23290,68
2022,Assembly,UP,BINDKI,239,5,Jay Kumar  Singh  Jaiki,Apna Dal (Soneylal),77973,192
2022,Assembly,UP,BINDKI,239,6,MANOJ KUMAR,Aam Aadmi Party,1178,8
2022,Assembly,UP,BINDKI,239,7,MAHENDRA PAL KEWAT,Desh Bachao Party,905,0
2022,Assembly,UP,BINDKI,239,8,Laxmi Sagar,Jan Adhikar Party,2068,2
2022,Assembly,UP,BINDKI,239,9,Roshani Rajpoot,Sabka Dal United,756,4
2022,Assembly,UP,BINDKI,239,10,Shivbali,Independent,653,4
2022,Assembly,UP,BINDKI,239,11,NOTA,None of the Above,1719,7
2022,Assembly,UP,FATEHPUR,240,1,AYUV AHMAD,Bahujan Samaj Party,20281,82
2022,Assembly,UP,FATEHPUR,240,2,Chandra Prakash,Samajwadi Party,95708,1131
2022,Assembly,UP,FATEHPUR,240,3,MOHSIN AHMAD,Indian National Congress,1798,5
2022,Assembly,UP,FATEHPUR,240,4,VIKRAM SINGH,Bharatiya Janata Party,87724,514
2022,Assembly,UP,FATEHPUR,240,5,AVINASH RAO,Peoples Party of India (Democratic),1247,2
2022,Assembly,UP,FATEHPUR,240,6,PHOOL SINGH LODHI,Bahujan Mukti Party,307,3
2022,Assembly,UP,FATEHPUR,240,7,BRAJBHAAN,Aam Aadmi Party,375,1
2022,Assembly,UP,FATEHPUR,240,8,BHOLA SINGH,Jan Adhikar Party,470,1
2022,Assembly,UP,FATEHPUR,240,9,RATNA SINGH,Bhartiya Shakti Chetna Party,488,1
2022,Assembly,UP,FATEHPUR,240,10,VIMAL KUMAR,Apni Zindgi Apna Dal,674,1
2022,Assembly,UP,FATEHPUR,240,11,KULDEEP SINGH,Independent,1443,1
2022,Assembly,UP,FATEHPUR,240,12,NOTA,None of the Above,1786,7
2022,Assembly,UP,AYAH SHAH,241,1,CHANDAN SINGH,Bahujan Samaj Party,21990,55
2022,Assembly,UP,AYAH SHAH,241,2,Vikas Gupta,Bharatiya Janata Party,71073,158
2022,Assembly,UP,AYAH SHAH,241,3,VISHAMBHAR PRASAD NISHAD,Samajwadi Party,57815,410
2022,Assembly,UP,AYAH SHAH,241,4,SUSHIL SINGH PATEL,Communist Party of India,1605,0
2022,Assembly,UP,AYAH SHAH,241,5,HEMLATA,Indian National Congress,1743,10
2022,Assembly,UP,AYAH SHAH,241,6,NARENDARA KUMAR,Lok Jan Shakti Party,297,0
2022,Assembly,UP,AYAH SHAH,241,7,LAL SINGH,Peoples Party of India (Democratic),645,0
2022,Assembly,UP,AYAH SHAH,241,8,VINOD KUMAR,Rashtriya Krantikari Samajwadi Party,344,0
2022,Assembly,UP,AYAH SHAH,241,9,SHEELAM DEVI,Bhartiya Shakti Chetna Party,518,5
2022,Assembly,UP,AYAH SHAH,241,10,ANURAG SINGH,Independent,1083,1
2022,Assembly,UP,AYAH SHAH,241,11,SHYAMRANI,Independent,782,1
2022,Assembly,UP,AYAH SHAH,241,12,NOTA,None of the Above,1884,0
2022,Assembly,UP,HUSAINGANJ,242,1,USHA MAURYA,Samajwadi Party,91497,387
2022,Assembly,UP,HUSAINGANJ,242,2,FAREED AHMAD,Bahujan Samaj Party,20958,51
2022,Assembly,UP,HUSAINGANJ,242,3,RANVENDRA PRATAP SINGH,Bharatiya Janata Party,66602,101
2022,Assembly,UP,HUSAINGANJ,242,4,SHIVAKANT TIWARI,Indian National Congress,5036,6
2022,Assembly,UP,HUSAINGANJ,242,5,RAMESH SINGH,Sabka Dal United,615,0
2022,Assembly,UP,HUSAINGANJ,242,6,ABDUL RAJIK,Aam Aadmi Party,691,0
2022,Assembly,UP,HUSAINGANJ,242,7,MOHAMMAD HARIS,Independent,650,0
2022,Assembly,UP,HUSAINGANJ,242,8,NOTA,None of the Above,1765,0
2022,Assembly,UP,KHAGA,243,1,OMPRAKASH GIHAR,Indian National Congress,3764,9
2022,Assembly,UP,KHAGA,243,2,KRISHNA PASWAN,Bharatiya Janata Party,83556,179
2022,Assembly,UP,KHAGA,243,3,DASHARATH LAL,Bahujan Samaj Party,22067,48
2022,Assembly,UP,KHAGA,243,4,RAM KRISHNA HEGDE,Communist Party of India,2170,1
2022,Assembly,UP,KHAGA,243,5,RAMTHIRTH PARAMHANS,Samajwadi Party,77617,609
2022,Assembly,UP,KHAGA,243,6,AJAY KUMAR,Shiv Sena,827,1
2022,Assembly,UP,KHAGA,243,7,AJAY CHAODHARY,Bhartiya Shakti Chetna Party,461,0
2022,Assembly,UP,KHAGA,243,8,ARVIND KUMAR,Sabka Dal United,909,0
2022,Assembly,UP,KHAGA,243,9,NILAM SONI,Vikassheel Insaan Party,909,0
2022,Assembly,UP,KHAGA,243,10,RAM BARAN GAUTAM,Peoples Party of India (Democratic),996,0
2022,Assembly,UP,KHAGA,243,11,VIJAY KUMAR,Aam Aadmi Party,629,0
2022,Assembly,UP,KHAGA,243,12,KESHAN LAL,Independent,589,0
2022,Assembly,UP,KHAGA,243,13,MAIKOO LAL,Independent,1190,0
2022,Assembly,UP,KHAGA,243,14,SURENDRA,Independent,1293,0
2022,Assembly,UP,KHAGA,243,15,NOTA,None of the Above,2161,1
2022,Assembly,UP,RAMPUR KHAS,244,1,"Aradhana Mishra, Mona",Indian National Congress,83652,682
2022,Assembly,UP,RAMPUR KHAS,244,2,NAGESH PRATAP SINGH URF CHHOTE SARKAR,Bharatiya Janata Party,69346,247
2022,Assembly,UP,RAMPUR KHAS,244,3,BANKELAL PATEL,Bahujan Samaj Party,4870,44
2022,Assembly,UP,RAMPUR KHAS,244,4,AJEET,Aam Aadmi Party,343,4
2022,Assembly,UP,RAMPUR KHAS,244,5,AWADHESH,Apana Dal Balihari Party,239,0
2022,Assembly,UP,RAMPUR KHAS,244,6,KARAN ALIS KARAN BAHADUR SINGH,Rashtriya Rashtrawadi Party,232,0
2022,Assembly,UP,RAMPUR KHAS,244,7,DURGESH KUMAR,Lok Dal,284,0
2022,Assembly,UP,RAMPUR KHAS,244,8,Ravindra Kumar,Sarvodaya Bharat Party,406,0
2022,Assembly,UP,RAMPUR KHAS,244,9,RAMRAJ SAROJ,Bahujan Mukti Party,1371,12
2022,Assembly,UP,RAMPUR KHAS,244,10,Lalji,Janata Dal  (United),300,1
2022,Assembly,UP,RAMPUR KHAS,244,11,SAMAY NATH,Moulik Adhikar Party,639,1
2022,Assembly,UP,RAMPUR KHAS,244,12,Surendra Singh,Shiv Sena,485,0
2022,Assembly,UP,RAMPUR KHAS,244,13,KULDEEP SINGH,Independent,649,0
2022,Assembly,UP,RAMPUR KHAS,244,14,DEVENDR PRATAP,Independent,1509,0
2022,Assembly,UP,RAMPUR KHAS,244,15,NOTA,None of the Above,2436,2
2022,Assembly,UP,BABAGANJ,245,1,KESHAV PRASAD,Bharatiya Janata Party,30259,132
2022,Assembly,UP,BABAGANJ,245,2,GIRISH CHANDRA,Samajwadi Party,51108,407
2022,Assembly,UP,BABAGANJ,245,3,VEENA RANI,Indian National Congress,1492,9
2022,Assembly,UP,BABAGANJ,245,4,SUSHIL KUMAR,Bahujan Samaj Party,8691,32
2022,Assembly,UP,BABAGANJ,245,5,RAM PRATAP SAROJ,Bahujan Mukti Party,1242,3
2022,Assembly,UP,BABAGANJ,245,6,VIJAY PAL SAROJ,Lok Janshakti Party(Ram Vilas),2016,2
2022,Assembly,UP,BABAGANJ,245,7,VINOD KUMAR,Jansatta Dal Loktantrik,66996,286
2022,Assembly,UP,BABAGANJ,245,8,VINOD KUMAR,Independent,1050,0
2022,Assembly,UP,BABAGANJ,245,9,SITA RAM,Independent,1120,0
2022,Assembly,UP,BABAGANJ,245,10,NOTA,None of the Above,1955,4
2022,Assembly,UP,KUNDA,246,1,GULSHAN YADAV,Samajwadi Party,68843,454
2022,Assembly,UP,KUNDA,246,2,MU PHAHEEM,Bahujan Samaj Party,3321,24
2022,Assembly,UP,KUNDA,246,3,YOGESH KUMAR,Indian National Congress,542,7
2022,Assembly,UP,KUNDA,246,4,SINDHUJA MISHRA SENANI,Bharatiya Janata Party,16347,108
2022,Assembly,UP,KUNDA,246,5,DHARMARAJ,Bahujan Mukti Party,1984,1
2022,Assembly,UP,KUNDA,246,6,RAGHURAJ PRATAP SINGH,Jansatta Dal Loktantrik,99261,351
2022,Assembly,UP,KUNDA,246,7,JAYESH SINGH,Independent,1368,0
2022,Assembly,UP,KUNDA,246,8,TANVEER,Independent,493,0
2022,Assembly,UP,KUNDA,246,9,DHIRENDRA KUMAR,Independent,400,0
2022,Assembly,UP,KUNDA,246,10,SEEMA,Independent,380,0
2022,Assembly,UP,KUNDA,246,11,HARIVANSH KUMAR,Independent,895,0
2022,Assembly,UP,KUNDA,246,12,NOTA,None of the Above,2158,3
2022,Assembly,UP,VISHWANATH GANJ,247,1,PRASHANT SINGH,Indian National Congress,1895,15
2022,Assembly,UP,VISHWANATH GANJ,247,2,MAHARANI DEEN,Communist Party of India,1867,4
2022,Assembly,UP,VISHWANATH GANJ,247,3,SAURABH SINGH,Samajwadi Party,38207,570
2022,Assembly,UP,VISHWANATH GANJ,247,4,SANJAY,Bahujan Samaj Party,16520,113
2022,Assembly,UP,VISHWANATH GANJ,247,5,AJAY SHARMA,Bharatiya Sarvjan Vikas Party,1537,6
2022,Assembly,UP,VISHWANATH GANJ,247,6,ANIL KUMAR,Log Party,634,2
2022,Assembly,UP,VISHWANATH GANJ,247,7,MOHD  ASHFAQ,Jan Adhikar Party,20249,22
2022,Assembly,UP,VISHWANATH GANJ,247,8,JEET LAL,Apna Dal (Soneylal),86493,336
2022,Assembly,UP,VISHWANATH GANJ,247,9,PANKAJ PAL,Aam Aadmi Party,1484,10
2022,Assembly,UP,VISHWANATH GANJ,247,10,RAMDARASH SAROJ,Bahujan Mukti Party,837,4
2022,Assembly,UP,VISHWANATH GANJ,247,11,VINOD,Rashtriya Janshanti Party,321,2
2022,Assembly,UP,VISHWANATH GANJ,247,12,SHIV MURAT RAM SMUJ SHARMA,Moulik Adhikar Party,651,4
2022,Assembly,UP,VISHWANATH GANJ,247,13,SARITA PAL,Rashtra Uday Party,1266,1
2022,Assembly,UP,VISHWANATH GANJ,247,14,SUSHIL KUMAR,Shiv Sena,556,4
2022,Assembly,UP,VISHWANATH GANJ,247,15,SUSHIL KUMAR TIWARI,Subhashwadi Bhartiya Samajwadi Party (Subhas Party),556,0
2022,Assembly,UP,VISHWANATH GANJ,247,16,MOHD KHALID,Independent,1023,0
2022,Assembly,UP,VISHWANATH GANJ,247,17,RAJESH,Independent,464,0
2022,Assembly,UP,VISHWANATH GANJ,247,18,VISHNUDATT,Independent,415,0
2022,Assembly,UP,VISHWANATH GANJ,247,19,SANJAY PANDEY,Independent,22717,245
2022,Assembly,UP,VISHWANATH GANJ,247,20,NOTA,None of the Above,1894,6
2022,Assembly,UP,PRATAPGARH,248,1,ASHUTOSH TRIPATHI,Bahujan Samaj Party,19106,143
2022,Assembly,UP,PRATAPGARH,248,2,NEERAJ TRIPATHI,Indian National Congress,6219,107
2022,Assembly,UP,PRATAPGARH,248,3,RAJENDRA KUMAR,Bharatiya Janata Party,89224,538
2022,Assembly,UP,PRATAPGARH,248,4,ISRAR AHMAD,All India Majlis-E-Ittehadul Muslimeen,6469,11
2022,Assembly,UP,PRATAPGARH,248,5,KRISHNA PATEL,Apna Dal (Kamerawadi),64049,650
2022,Assembly,UP,PRATAPGARH,248,6,DINESH KUMAR UPADHYAY,Aam Aadmi Party,953,7
2022,Assembly,UP,PRATAPGARH,248,7,Bajrangi Lal,Kisan Party (Loktantrik),560,0
2022,Assembly,UP,PRATAPGARH,248,8,MOHAMMAD IRSHAD,Apana Dal Balihari Party,315,1
2022,Assembly,UP,PRATAPGARH,248,9,RAM AJOR,Bahujan Mukti Party,915,5
2022,Assembly,UP,PRATAPGARH,248,10,Ram Bahadur Sharma,Moulik Adhikar Party,1532,1
2022,Assembly,UP,PRATAPGARH,248,11,ASHOK KUMAR,Independent,1322,2
2022,Assembly,UP,PRATAPGARH,248,12,Paritosh Kumar,Independent,1309,3
2022,Assembly,UP,PRATAPGARH,248,13,HARIKESH KUMAR,Independent,1201,3
2022,Assembly,UP,PRATAPGARH,248,14,NOTA,None of the Above,1328,8
2022,Assembly,UP,PATTI,249,1,FULCHANDRA,Bahujan Samaj Party,21413,69
2022,Assembly,UP,PATTI,249,2,RAJENDRA PRATAP SINGH URF MOTI,Bharatiya Janata Party,85691,328
2022,Assembly,UP,PATTI,249,3,RAM SINGH,Samajwadi Party,107221,849
2022,Assembly,UP,PATTI,249,4,SUNITA,Indian National Congress,1453,2
2022,Assembly,UP,PATTI,249,5,AJAY YADAV,Aam Aadmi Party,294,2
2022,Assembly,UP,PATTI,249,6,NAND LAL,Bahujan Mukti Party,234,2
2022,Assembly,UP,PATTI,249,7,MUJAMMIL HUSSAIN,Jan Adhikar Party,832,1
2022,Assembly,UP,PATTI,249,8,Rajmani,SOCIALIST UNITY CENTRE OF INDIA (COMMUNIST),412,1
2022,Assembly,UP,PATTI,249,9,RAM ABHILASH,Apana Dal Balihari Party,888,2
2022,Assembly,UP,PATTI,249,10,KAUSHALENDRA PANDEY,Independent,710,0
2022,Assembly,UP,PATTI,249,11,NOTA,None of the Above,1353,5
2022,Assembly,UP,SIRATHU,251,1,KESHAV PRASAD MAURYA,Bharatiya Janata Party,98727,214
2022,Assembly,UP,SIRATHU,251,2,DR. PALLAVI PATEL,Samajwadi Party,105568,710
2022,Assembly,UP,SIRATHU,251,3,MUNSAB ALI,Bahujan Samaj Party,10034,39
2022,Assembly,UP,SIRATHU,251,4,SEEMA DEVI,Indian National Congress,843,2
2022,Assembly,UP,SIRATHU,251,5,DHIRAJ KUMAR,Bahujan Mukti Party,393,2
2022,Assembly,UP,SIRATHU,251,6,RAJENDRA SONKAR (PANNA BHAI),Lok Dal,244,1
2022,Assembly,UP,SIRATHU,251,7,RAJESH KUMAR,Shiv Sena,317,0
2022,Assembly,UP,SIRATHU,251,8,VIJAY KUMAR,Samarth Kisan Party,691,2
2022,Assembly,UP,SIRATHU,251,9,VISHNU KUMAR,Aam Aadmi Party,353,0
2022,Assembly,UP,SIRATHU,251,10,SHATRUJEET PAL,Rashtriya Samaj Paksha,422,0
2022,Assembly,UP,SIRATHU,251,11,SHER MOHAMMAD,All India Majlis-E-Ittehadul Muslimeen,863,0
2022,Assembly,UP,SIRATHU,251,12,SANJIV KUMAR PANDA,Rashtra Uday Party,367,0
2022,Assembly,UP,SIRATHU,251,13,GYAN SINGH,Sabka Dal United,885,0
2022,Assembly,UP,SIRATHU,251,14,ARVIND SINGH,Independent,699,0
2022,Assembly,UP,SIRATHU,251,15,CHHEDDU,Independent,1201,0
2022,Assembly,UP,SIRATHU,251,16,JEETENDRA KUMAR,Independent,2686,0
2022,Assembly,UP,SIRATHU,251,17,PRADEEP KUMAR,Independent,1632,0
2022,Assembly,UP,SIRATHU,251,18,VIRENDRA KUMAR SAHU,Independent,1003,1
2022,Assembly,UP,SIRATHU,251,19,NOTA,None of the Above,727,0
2022,Assembly,UP,MANJHANPUR,252,1,Arun Vidyarthi Advocate,Indian National Congress,3522,2
2022,Assembly,UP,MANJHANPUR,252,2,Indrajeet Saroj,Samajwadi Party,120913,593
2022,Assembly,UP,MANJHANPUR,252,3,Neetu Kanojia,Bahujan Samaj Party,25393,37
2022,Assembly,UP,MANJHANPUR,252,4,Lal Bahadur,Bharatiya Janata Party,97473,155
2022,Assembly,UP,MANJHANPUR,252,5,Laakhan Singh Rajpasi,Jan Adhikar Party,2826,0
2022,Assembly,UP,MANJHANPUR,252,6,Balchandra,Independent,1115,0
2022,Assembly,UP,MANJHANPUR,252,7,Radheshyam Chaudhari,Independent,1148,0
2022,Assembly,UP,MANJHANPUR,252,8,Harilal,Independent,1419,0
2022,Assembly,UP,MANJHANPUR,252,9,NOTA,None of the Above,2812,3
2022,Assembly,UP,CHAIL,253,1,Atul Kumar Dwivedi,Bahujan Samaj Party,31283,79
2022,Assembly,UP,CHAIL,253,2,Talat Azim,Indian National Congress,4040,15
2022,Assembly,UP,CHAIL,253,3,Pooja Pal,Samajwadi Party,88191,627
2022,Assembly,UP,CHAIL,253,4,Anil Kumar Kesharwani,Jansatta Dal Loktantrik,5074,15
2022,Assembly,UP,CHAIL,253,5,Danish Ali,Bahujan Mukti Party,2776,19
2022,Assembly,UP,CHAIL,253,6,Nagendra Pratap Singh Patel,Apna Dal (Soneylal),75472,137
2022,Assembly,UP,CHAIL,253,7,Mohibbul Haque,All India Majlis-E-Ittehadul Muslimeen,3201,7
2022,Assembly,UP,CHAIL,253,8,Rajeev Kumar,Lok Janshakti Party(Ram Vilas),648,1
2022,Assembly,UP,CHAIL,253,9,Rajendra Kumar Singh Patel,Aazad Samaj Party (Kanshi Ram),1959,1
2022,Assembly,UP,CHAIL,253,10,Shashibhushan,Akhil Bharatiya Socialist Party,1161,5
2022,Assembly,UP,CHAIL,253,11,Archana Gautam,Independent,1239,2
2022,Assembly,UP,CHAIL,253,12,Amrawati,Independent,2868,1
2022,Assembly,UP,CHAIL,253,13,Vijay Kumar Ramdas Ravidas,Independent,1189,0
2022,Assembly,UP,CHAIL,253,14,Sushil Chauhan,Independent,1408,0
2022,Assembly,UP,CHAIL,253,15,Sanjay Singh,Independent,606,0
2022,Assembly,UP,CHAIL,253,16,NOTA,None of the Above,1957,3
2022,Assembly,UP,PHAPHAMAU,254,1,OM PRAKASH,Bahujan Samaj Party,27204,82
2022,Assembly,UP,PHAPHAMAU,254,2,ANSAR AHMAD,Samajwadi Party,76343,519
2022,Assembly,UP,PHAPHAMAU,254,3,GURU PRASAD MAURYA,Bharatiya Janata Party,90829,357
2022,Assembly,UP,PHAPHAMAU,254,4,DURGESH PANDEY,Indian National Congress,2379,12
2022,Assembly,UP,PHAPHAMAU,254,5,JITENDRA KUMAR BHARTIYA,Lok Janshakti Party(Ram Vilas),448,0
2022,Assembly,UP,PHAPHAMAU,254,6,PANKAJ PANDEY,Akhil Bharatiya Socialist Party,376,4
2022,Assembly,UP,PHAPHAMAU,254,7,MANGLA PRASAD PAL,Rashtra Uday Party,513,1
2022,Assembly,UP,PHAPHAMAU,254,8,RAJESWARI PATEL,Jan Jan (United) Party,302,0
2022,Assembly,UP,PHAPHAMAU,254,9,LAKSHMI NARAYAN,Jansatta Dal Loktantrik,2893,4
2022,Assembly,UP,PHAPHAMAU,254,10,VINOD KUMAR,Yuva Vikas Party,572,0
2022,Assembly,UP,PHAPHAMAU,254,11,SUBHASH CHANDRA,Samyak Party,211,0
2022,Assembly,UP,PHAPHAMAU,254,12,SANJAYA KUMAR YADAV,Right to Recall Party,307,1
2022,Assembly,UP,PHAPHAMAU,254,13,SANJAY PRAKASH SHUKLA,Aam Aadmi Party,465,2
2022,Assembly,UP,PHAPHAMAU,254,14,GYAN PRAKASH MOURYA,Jan Adhikar Party,1618,4
2022,Assembly,UP,PHAPHAMAU,254,15,UDAIBHAN SINGH YADEV,Independent,513,1
2022,Assembly,UP,PHAPHAMAU,254,16,DILIP KUMAR KUSHWAHA,Independent,1264,0
2022,Assembly,UP,PHAPHAMAU,254,17,PARUL JAISWAL,Independent,635,0
2022,Assembly,UP,PHAPHAMAU,254,18,PRAVEEN KUMAR,Independent,560,0
2022,Assembly,UP,PHAPHAMAU,254,19,MITHLESH KUMAR PRAJAPATI,Independent,1172,3
2022,Assembly,UP,PHAPHAMAU,254,20,VINOD KUMAR PANDEY,Independent,418,0
2022,Assembly,UP,PHAPHAMAU,254,21,SHIVENDRA KUMAR,Independent,244,0
2022,Assembly,UP,PHAPHAMAU,254,22,NOTA,None of the Above,515,2
2022,Assembly,UP,SORAON,255,1,Anand Bharti,Bahujan Samaj Party,29168,82
2022,Assembly,UP,SORAON,255,2,Geeta Shastri (Pasi),Samajwadi Party,90825,649
2022,Assembly,UP,SORAON,255,3,Manoj Kumar Pasi,Indian National Congress,2020,7
2022,Assembly,UP,SORAON,255,4,Anil Kumar Gautam,Aazad Samaj Party (Kanshi Ram),1618,4
2022,Assembly,UP,SORAON,255,5,Dr. Jamuna Prasad Saroj,Apna Dal (Soneylal),85660,224
2022,Assembly,UP,SORAON,255,6,Pradeep Kumar Jatav,Ambedkarite Party of India,1055,1
2022,Assembly,UP,SORAON,255,7,Ratnesh Kumar Chaudhari,Pragatisheel Samaj Party,952,3
2022,Assembly,UP,SORAON,255,8,Rakesh Kumar,Lok Samaj Party,746,4
2022,Assembly,UP,SORAON,255,9,Lallan,Aam Aadmi Party,1011,3
2022,Assembly,UP,SORAON,255,10,Sita Ram,All India Majlis-E-Ittehadul Muslimeen,5121,7
2022,Assembly,UP,SORAON,255,11,Sudhir Kumar,Jansatta Dal Loktantrik,1180,9
2022,Assembly,UP,SORAON,255,12,Rakesh Kumar Gautam,Independent,1108,0
2022,Assembly,UP,SORAON,255,13,NOTA,None of the Above,1709,3
2022,Assembly,UP,PHULPUR,256,1,Praveen Patel,Bharatiya Janata Party,103014,543
2022,Assembly,UP,PHULPUR,256,2,Mohd.Mujataba Siddiqui,Samajwadi Party,99920,905
2022,Assembly,UP,PHULPUR,256,3,Ram Taulan Yadav,Bahujan Samaj Party,32869,167
2022,Assembly,UP,PHULPUR,256,4,Siddhanath Maurya,Indian National Congress,1600,26
2022,Assembly,UP,PHULPUR,256,5,Dr.Ashok Maurya,Peoples Party of India (Democratic),835,2
2022,Assembly,UP,PHULPUR,256,6,Tahseen Ahmad,Akhil Bharatiya Socialist Party,205,1
2022,Assembly,UP,PHULPUR,256,7,Mridula Singh,Jan Adhikar Party,801,4
2022,Assembly,UP,PHULPUR,256,8,Rakesh Kumar,Loktantrik Janwadi Party,313,0
2022,Assembly,UP,PHULPUR,256,9,Ram Surat,Aam Aadmi Party,394,4
2022,Assembly,UP,PHULPUR,256,10,Shyam Sundar Pal,Rashtriya Samaj Paksha,678,4
2022,Assembly,UP,PHULPUR,256,11,Salik Ram,Bhartiya Kamgar Party,506,0
2022,Assembly,UP,PHULPUR,256,12,Sandeep Kumar,Bharat Vaibhav Party,244,0
2022,Assembly,UP,PHULPUR,256,13,Bhanu Pratap Singh,Independent,522,0
2022,Assembly,UP,PHULPUR,256,14,Vimal Kumar Gupta,Independent,683,0
2022,Assembly,UP,PHULPUR,256,15,Hari Lal Sahu,Independent,800,0
2022,Assembly,UP,PHULPUR,256,16,NOTA,None of the Above,1543,5
2022,Assembly,UP,PRATAPPUR,257,1,GHANSHYAM PANDEY,Bahujan Samaj Party,34813,99
2022,Assembly,UP,PRATAPPUR,257,2,VIJAMA YADAV,Samajwadi Party,90582,560
2022,Assembly,UP,PRATAPPUR,257,3,SANJAY TIWARI,Indian National Congress,2957,14
2022,Assembly,UP,PRATAPPUR,257,4,ARVIND KUMAR VISHWAKARMA,Samyak Party,413,0
2022,Assembly,UP,PRATAPPUR,257,5,MOHD AHMAD ANSARI,Peace Party,2140,3
2022,Assembly,UP,PRATAPPUR,257,6,AFATAB ALAM,Aazad Samaj Party (Kanshi Ram),1373,0
2022,Assembly,UP,PRATAPPUR,257,7,KAMAL,Vikassheel Insaan Party,1162,1
2022,Assembly,UP,PRATAPPUR,257,8,GITA DEVI,Bhartiya Kamgar Party,420,3
2022,Assembly,UP,PRATAPPUR,257,9,GHANSHYAM,Shiv Sena,264,0
2022,Assembly,UP,PRATAPPUR,257,10,DURVIJAY SINGH,Pragatisheel Manav Samaj Party,536,1
2022,Assembly,UP,PRATAPPUR,257,11,NAREND KUMAR,Peoples Party of India (Democratic),1281,1
2022,Assembly,UP,PRATAPPUR,257,12,MANJU MAURYA,Jan Adhikar Party,3099,7
2022,Assembly,UP,PRATAPPUR,257,13,RAKESH DHAR TRIPATHI,Apna Dal (Soneylal),80009,177
2022,Assembly,UP,PRATAPPUR,257,14,VINOD KUMAR,Janadhar Shakti Party,547,3
2022,Assembly,UP,PRATAPPUR,257,15,SUJEET KUMAR,Bharat Vaibhav Party,692,1
2022,Assembly,UP,PRATAPPUR,257,16,SANJU DEVI,Pragatisheel Samaj Party,1939,0
2022,Assembly,UP,PRATAPPUR,257,17,HARISHCHANDRA,Aam Aadmi Party,779,0
2022,Assembly,UP,PRATAPPUR,257,18,KRIPA SHANKAR YADAV,Independent,672,0
2022,Assembly,UP,PRATAPPUR,257,19,ZIAOUL HAQUE,Independent,413,0
2022,Assembly,UP,PRATAPPUR,257,20,DHARMENDRA KUMAR,Independent,155,1
2022,Assembly,UP,PRATAPPUR,257,21,FAZLUR RAHMAN,Independent,180,0
2022,Assembly,UP,PRATAPPUR,257,22,RAMESH CHANDRA,Independent,340,0
2022,Assembly,UP,PRATAPPUR,257,23,RAM KAILASH,Independent,231,0
2022,Assembly,UP,PRATAPPUR,257,24,VIKASH YADAV,Independent,512,0
2022,Assembly,UP,PRATAPPUR,257,25,HIRA MANI,Independent,329,0
2022,Assembly,UP,PRATAPPUR,257,26,NOTA,None of the Above,653,1
2022,Assembly,UP,HANDIA,258,1,NARENDRA KUMAR URF MUNNA TRIPATHI,Bahujan Samaj Party,33710,167
2022,Assembly,UP,HANDIA,258,2,REENA KUMARI BIND,Indian National Congress,1440,13
2022,Assembly,UP,HANDIA,258,3,HAKIM LAL BIND,Samajwadi Party,83819,598
2022,Assembly,UP,HANDIA,258,4,AVANISH KUMAR,Akhil Bharatiya Socialist Party,1027,1
2022,Assembly,UP,HANDIA,258,5,GULAB CHANDRA,Jan Adhikar Party,4340,9
2022,Assembly,UP,HANDIA,258,6,PAWAN KUMAR TIWARI,Aam Aadmi Party,1355,14
2022,Assembly,UP,HANDIA,258,7,PRASHANT KUMAR SINGH RAHUL,Nirbal Indian Shoshit Hamara Aam Dal,80655,219
2022,Assembly,UP,HANDIA,258,8,MADAN CHANDRA,Pragatisheel Manav Samaj Party,1006,4
2022,Assembly,UP,HANDIA,258,9,RAVI DHAR TRIPATHI,Independent,432,4
2022,Assembly,UP,HANDIA,258,10,RAJ BAHADUR,Independent,1052,1
2022,Assembly,UP,HANDIA,258,11,LAL SAHAB,Independent,1984,0
2022,Assembly,UP,HANDIA,258,12,SHASHANK SHEKHAR SINGH,Independent,640,1
2022,Assembly,UP,HANDIA,258,13,NOTA,None of the Above,1960,0
2022,Assembly,UP,MEJA,259,1,NEELAM KARVARIYA,Bharatiya Janata Party,74869,247
2022,Assembly,UP,MEJA,259,2,SHALINI DWIVEDI,Indian National Congress,1547,6
2022,Assembly,UP,MEJA,259,3,SARVESH CHANDRA TIWARI,Bahujan Samaj Party,22839,94
2022,Assembly,UP,MEJA,259,4,SANDEEP SINGH,Samajwadi Party,78164,391
2022,Assembly,UP,MEJA,259,5,AWADHESH KUMAR,Aazad Samaj Party (Kanshi Ram),734,0
2022,Assembly,UP,MEJA,259,6,DAYASHANKAR,Vikassheel Insaan Party,1059,1
2022,Assembly,UP,MEJA,259,7,DHIRENDRA PRATAP,Bhartiya Shakti Chetna Party,199,0
2022,Assembly,UP,MEJA,259,8,PRAVEEN KUMAR,Samyak Party,358,0
2022,Assembly,UP,MEJA,259,9,BABALOO KUMAR,Jan Adhikar Party,872,3
2022,Assembly,UP,MEJA,259,10,RAM KUMAR MISHRA,Aam Aadmi Party,342,0
2022,Assembly,UP,MEJA,259,11,RAMPAL,Parivartan Samaj Party,757,0
2022,Assembly,UP,MEJA,259,12,VIVEKANAND,Bharat Vaibhav Party,824,0
2022,Assembly,UP,MEJA,259,13,SHRIKANT,Pragatisheel Manav Samaj Party,883,1
2022,Assembly,UP,MEJA,259,14,HAIDER ABBAS,Lok Janshakti Party(Ram Vilas),539,0
2022,Assembly,UP,MEJA,259,15,NOTA,None of the Above,1768,0
2022,Assembly,UP,KARACHHANA,260,1,ARVIND KUMAR SHUKLA,Bahujan Samaj Party,21878,72
2022,Assembly,UP,KARACHHANA,260,2,UJJWAL RAMAN SINGH,Samajwadi Party,79753,446
2022,Assembly,UP,KARACHHANA,260,3,PIYUSH RANJAN NISHAD,Bharatiya Janata Party,89337,190
2022,Assembly,UP,KARACHHANA,260,4,RINKI PATEL,Indian National Congress,4330,13
2022,Assembly,UP,KARACHHANA,260,5,AJEET KUMAR PATEL,Pragatisheel Samaj Party,768,1
2022,Assembly,UP,KARACHHANA,260,6,ANIL KUMAR SINGH,Bahujan Mukti Party,754,4
2022,Assembly,UP,KARACHHANA,260,7,OM GURU CHARAN DAS,Sanatan Sanskriti Raksha Dal,479,0
2022,Assembly,UP,KARACHHANA,260,8,JAGANNATH PATEL,Aam Aadmi Party,541,2
2022,Assembly,UP,KARACHHANA,260,9,DHANRAJ SINGH,Yuva Vikas Party,332,0
2022,Assembly,UP,KARACHHANA,260,10,RAJUPAL,Rashtriya Shoshit Samaj Party,595,1
2022,Assembly,UP,KARACHHANA,260,11,PRAMOD KUMAR,Independent,888,0
2022,Assembly,UP,KARACHHANA,260,12,VINAY KUMAR,Independent,914,0
2022,Assembly,UP,KARACHHANA,260,13,NOTA,None of the Above,1890,1
2022,Assembly,UP,ALLAHABAD WEST,261,1,RICHA SINGH,Samajwadi Party,88372,454
2022,Assembly,UP,ALLAHABAD WEST,261,2,GULAM QADIR,Bahujan Samaj Party,7575,51
2022,Assembly,UP,ALLAHABAD WEST,261,3,TASLEEM UDDIN,Indian National Congress,2288,7
2022,Assembly,UP,ALLAHABAD WEST,261,4,SIDHARTH NATH SINGH,Bharatiya Janata Party,118383,376
2022,Assembly,UP,ALLAHABAD WEST,261,5,AJEET KUMAR CHAUDHARY,Peoples Party of India (Democratic),1085,1
2022,Assembly,UP,ALLAHABAD WEST,261,6,KAMLESH KUMAR SINGH,Parivartan Samaj Party,360,0
2022,Assembly,UP,ALLAHABAD WEST,261,7,DILSHAD AHMAD,National Democratic Peoples Front,260,0
2022,Assembly,UP,ALLAHABAD WEST,261,8,ADV. SUSHMITA RAGHAV,Aam Aadmi Party,595,6
2022,Assembly,UP,ALLAHABAD WEST,261,9,AJAY KUMAR GUPTA,Independent,459,1
2022,Assembly,UP,ALLAHABAD WEST,261,10,KAMAR JAHAN,Independent,358,0
2022,Assembly,UP,ALLAHABAD WEST,261,11,GANESH JI TRIPATHi,Independent,337,1
2022,Assembly,UP,ALLAHABAD WEST,261,12,SAKLAIN MUSHTAK,Independent,374,0
2022,Assembly,UP,ALLAHABAD WEST,261,13,NOTA,None of the Above,1514,4
2022,Assembly,UP,ALLAHABAD NORTH,262,1,ANUGRAH NARAIN SINGH,Indian National Congress,23362,209
2022,Assembly,UP,ALLAHABAD NORTH,262,2,SANJAY GOSWAMI,Bahujan Samaj Party,9491,123
2022,Assembly,UP,ALLAHABAD NORTH,262,3,SANDEEP YADAV,Samajwadi Party,41108,899
2022,Assembly,UP,ALLAHABAD NORTH,262,4,HARSHVARDHAN BAJPAI,Bharatiya Janata Party,96039,851
2022,Assembly,UP,ALLAHABAD NORTH,262,5,Mo. ALI,All India Majlis-E-Ittehadul Muslimeen,858,2
2022,Assembly,UP,ALLAHABAD NORTH,262,6,RATAN SRIVASTAVA,Rashtravadi Vikas Party,353,4
2022,Assembly,UP,ALLAHABAD NORTH,262,7,RAJEEV KUMAR PANDEY,Akhil Bharatiya Socialist Party,255,4
2022,Assembly,UP,ALLAHABAD NORTH,262,8,SANJIV MISHRA,Aam Aadmi Party,1245,4
2022,Assembly,UP,ALLAHABAD NORTH,262,9,ANIL,Independent,215,0
2022,Assembly,UP,ALLAHABAD NORTH,262,10,NOTA,None of the Above,910,9
2022,Assembly,UP,ALLAHABAD SOUTH,263,1,SANTOSH PAL,Bhartiya Shakti Chetna Party,183,0
2022,Assembly,UP,ALLAHABAD SOUTH,263,2,"NAND GOPAL GUPTA ""NANDI""",Bharatiya Janata Party,97487,377
2022,Assembly,UP,ALLAHABAD SOUTH,263,3,GOPAL SWAROOP JOSHI,Independent,254,0
2022,Assembly,UP,ALLAHABAD SOUTH,263,4,"""DEVENDRA MISHRA NAGRAHA""",Bahujan Samaj Party,4141,67
2022,Assembly,UP,ALLAHABAD SOUTH,263,5,RAISH CHANDRA SHUKLA,Samajwadi Party,71070,612
2022,Assembly,UP,ALLAHABAD SOUTH,263,6,ALTAF AHMAD,Aam Aadmi Party,1109,6
2022,Assembly,UP,ALLAHABAD SOUTH,263,7,ALPANA NISHAD,Indian National Congress,2091,7
2022,Assembly,UP,ALLAHABAD SOUTH,263,8,KAMALA PRASAD,Ambedkar Yug Party,128,1
2022,Assembly,UP,ALLAHABAD SOUTH,263,9,KAILASH CHANDRA KESARWANI,Samyak Party,110,0
2022,Assembly,UP,ALLAHABAD SOUTH,263,10,MOHAMMAD FARHAN,All India Majlis-E-Ittehadul Muslimeen,1530,3
2022,Assembly,UP,ALLAHABAD SOUTH,263,11,KAMALA KANT,Independent,214,0
2022,Assembly,UP,ALLAHABAD SOUTH,263,12,NAMAN JEET SINGH,Jansatta Dal Loktantrik,269,1
2022,Assembly,UP,ALLAHABAD SOUTH,263,13,TARUN SRIVASTAVA,Independent,254,0
2022,Assembly,UP,ALLAHABAD SOUTH,263,14,NOTA,None of the Above,828,3
2022,Assembly,UP,BARA,264,1,AJAY,Samajwadi Party,76210,469
2022,Assembly,UP,BARA,264,2,DR AJAY KUMAR,Bahujan Samaj Party,22656,63
2022,Assembly,UP,BARA,264,3,AYODHYA PRASAD KOL,Communist Party of India,1344,3
2022,Assembly,UP,BARA,264,4,MANJU SANT,Indian National Congress,3431,12
2022,Assembly,UP,BARA,264,5,Kanhaiya Lal,Aam Aadmi Party,1047,8
2022,Assembly,UP,BARA,264,6,RAVITA DEVI,Jan Kalyan Party,1023,1
2022,Assembly,UP,BARA,264,7,Ram Kumar Vidyarthi,Peoples Party of India (Democratic),2572,3
2022,Assembly,UP,BARA,264,8,VACHASPATI,Apna Dal (Soneylal),89003,200
2022,Assembly,UP,BARA,264,9,Sumitra  Varun,Akhil Bharatiya Socialist Party,1197,1
2022,Assembly,UP,BARA,264,10,AJEET BHASKAR,Independent,1660,2
2022,Assembly,UP,BARA,264,11,RAJENDRA PRASAD,Independent,762,0
2022,Assembly,UP,BARA,264,12,VIVEK KUMAR,Independent,731,0
2022,Assembly,UP,BARA,264,13,NOTA,None of the Above,2728,3
2022,Assembly,UP,KORAON,265,1,Chiraunji Lal,Communist Party of India  (Marxist),1654,0
2022,Assembly,UP,KORAON,265,2,Rajbali Jaisal,Bahujan Samaj Party,26307,76
2022,Assembly,UP,KORAON,265,3,Raj Mani,Bharatiya Janata Party,84418,169
2022,Assembly,UP,KORAON,265,4,Ramkripal,Indian National Congress,21450,12
2022,Assembly,UP,KORAON,265,5,Ram Deo,Samajwadi Party,59697,403
2022,Assembly,UP,KORAON,265,6,Akabal Bahadur,Rashtriya Samaj Dal (R),873,0
2022,Assembly,UP,KORAON,265,7,Ashok Dhuriya,Jan Adhikar Party,1592,1
2022,Assembly,UP,KORAON,265,8,Arati Devi,Shiv Sena,3089,1
2022,Assembly,UP,KORAON,265,9,Dharmadas,Vikassheel Insaan Party,1103,1
2022,Assembly,UP,KORAON,265,10,Santosh Kumar,Sanatan Sanskriti Raksha Dal,1244,0
2022,Assembly,UP,KORAON,265,11,Siya Ram,Samyak Party,1127,0
2022,Assembly,UP,KORAON,265,12,Harish Chandra,Aam Aadmi Party,1764,2
2022,Assembly,UP,KORAON,265,13,NOTA,None of the Above,2627,1
2022,Assembly,UP,KURSI,266,1,SHRIMATI URMILA PATEL,Indian National Congress,2797,6
2022,Assembly,UP,KURSI,266,2,KUMARI MEETA GAUTAM,Bahujan Samaj Party,35472,89
2022,Assembly,UP,KURSI,266,3,Rakesh Kumar Verma,Samajwadi Party,118094,409
2022,Assembly,UP,KURSI,266,4,Sakendra Pratap,Bharatiya Janata Party,118614,106
2022,Assembly,UP,KURSI,266,5,KUMAIL ASHARAF KHAN,All India Majlis-E-Ittehadul Muslimeen,8533,8
2022,Assembly,UP,KURSI,266,6,DINESH CHANDRA SAINI,Pichhra Samaj Party,561,0
2022,Assembly,UP,KURSI,266,7,Neeraj Kumar Rawat,Aam Aadmi Party,889,0
2022,Assembly,UP,KURSI,266,8,MOHD. MAKSOOD ANSARI,Peace Party,671,0
2022,Assembly,UP,KURSI,266,9,SANTOSH KUMAR,Independent,547,0
2022,Assembly,UP,KURSI,266,10,NOTA,None of the Above,1723,0
2022,Assembly,UP,RAM NAGAR,267,1,FAREED MAHFOOZ KIDWAI,Samajwadi Party,98239,560
2022,Assembly,UP,RAM NAGAR,267,2,RAM KISHOR,Bahujan Samaj Party,23173,86
2022,Assembly,UP,RAM NAGAR,267,3,SHARAD KUMAR AWASTHI,Bharatiya Janata Party,98303,235
2022,Assembly,UP,RAM NAGAR,267,4,GYANESH SHUKLA,Indian National Congress,4424,6
2022,Assembly,UP,RAM NAGAR,267,5,ARUN KUMAR,All India Majlis-E-Ittehadul Muslimeen,4935,5
2022,Assembly,UP,RAM NAGAR,267,6,USHA DWIVEDI,"Bhartiya Drishtigochar Party,",318,0
2022,Assembly,UP,RAM NAGAR,267,7,DHARAMVEER SINGH,Aam Aadmi Party,694,0
2022,Assembly,UP,RAM NAGAR,267,8,VIRENDRA KUMAR PATEL,Aazad Samaj Party (Kanshi Ram),465,1
2022,Assembly,UP,RAM NAGAR,267,9,SUBHASH CHANDRA,Shiv Sena,554,1
2022,Assembly,UP,RAM NAGAR,267,10,NEERAJ SHARMA,Independent,1053,1
2022,Assembly,UP,RAM NAGAR,267,11,RAM DAYAL,Independent,586,0
2022,Assembly,UP,RAM NAGAR,267,12,NOTA,None of the Above,1820,2
2022,Assembly,UP,BARABANKI,268,1,Dharmraj Singh Yadav,Samajwadi Party,124756,744
2022,Assembly,UP,BARABANKI,268,2,Dr. Ramkumari Maurya,Bharatiya Janata Party,90196,254
2022,Assembly,UP,BARABANKI,268,3,Roohi Arshad,Indian National Congress,4552,8
2022,Assembly,UP,BARABANKI,268,4,Dr. Vivek Singh Verma,Bahujan Samaj Party,42265,241
2022,Assembly,UP,BARABANKI,268,5,Er. Pradeep Singh Verma,Aam Aadmi Party,755,2
2022,Assembly,UP,BARABANKI,268,6,Raj Parikshit Singh,Shiv Sena,453,0
2022,Assembly,UP,BARABANKI,268,7,Shyam G,Pichhra Samaj Party,644,0
2022,Assembly,UP,BARABANKI,268,8,NOTA,None of the Above,1524,2
2022,Assembly,UP,ZAIDPUR,269,1,Ambrish Rawat,Bharatiya Janata Party,110446,130
2022,Assembly,UP,ZAIDPUR,269,2,Usha Singh,Bahujan Samaj Party,18343,57
2022,Assembly,UP,ZAIDPUR,269,3,Gaurav Kumar,Samajwadi Party,112874,684
2022,Assembly,UP,ZAIDPUR,269,4,Tanuj Punia,Indian National Congress,28643,46
2022,Assembly,UP,ZAIDPUR,269,5,Arvind Singh Rawat,Aazad Samaj Party (Kanshi Ram),1120,1
2022,Assembly,UP,ZAIDPUR,269,6,Akash Kumar Diwan,All India Majlis-E-Ittehadul Muslimeen,3069,3
2022,Assembly,UP,ZAIDPUR,269,7,Bhagirath,Aam Aadmi Party,731,0
2022,Assembly,UP,ZAIDPUR,269,8,NOTA,None of the Above,1761,0
2022,Assembly,UP,DARIYABAD,270,1,Arvind Kumar Singh Gope,Samajwadi Party,95366,451
2022,Assembly,UP,DARIYABAD,270,2,Chitra Verma,Indian National Congress,2296,5
2022,Assembly,UP,DARIYABAD,270,3,Jagprasad Rawat,Bahujan Samaj Party,28288,73
2022,Assembly,UP,DARIYABAD,270,4,Satish Chandra Sharma,Bharatiya Janata Party,127983,236
2022,Assembly,UP,DARIYABAD,270,5,Kunwar Mukesh Pratap Singh,Aam Aadmi Party,2002,0
2022,Assembly,UP,DARIYABAD,270,6,Gopi Chandra,Aazad Samaj Party (Kanshi Ram),919,0
2022,Assembly,UP,DARIYABAD,270,7,Deepak Rajput,Sabka Dal United,719,0
2022,Assembly,UP,DARIYABAD,270,8,Mubashshir Ahmad,All India Majlis-E-Ittehadul Muslimeen,2637,5
2022,Assembly,UP,DARIYABAD,270,9,Ram Ji Tiwari,Rashtrawadi Kisan Kranti Dal,836,0
2022,Assembly,UP,DARIYABAD,270,10,Ritesh Kumar Singh,Independent,9337,41
2022,Assembly,UP,DARIYABAD,270,11,NOTA,None of the Above,2363,0
2022,Assembly,UP,RUDAULI,271,1,Abbas Ali Zaidi Alias Rushdi,Bahujan Samaj Party,52070,111
2022,Assembly,UP,RUDAULI,271,2,Anand Sen,Samajwadi Party,53189,226
2022,Assembly,UP,RUDAULI,271,3,Dayanand Shukla,Indian National Congress,3270,0
2022,Assembly,UP,RUDAULI,271,4,Ram Chandra Yadav,Bharatiya Janata Party,93892,139
2022,Assembly,UP,RUDAULI,271,5,Kumud Kumari,"Rashtrawadi Party of India,",1526,0
2022,Assembly,UP,RUDAULI,271,6,Manoj Kumar Mishra,Aam Aadmi Party,563,0
2022,Assembly,UP,RUDAULI,271,7,Mo. Munsaf,Peace Party,611,2
2022,Assembly,UP,RUDAULI,271,8,Mohammad Sher Afgan,All India Majlis-E-Ittehadul Muslimeen,9954,7
2022,Assembly,UP,RUDAULI,271,9,Raj Karan,Sabka Dal United,743,2
2022,Assembly,UP,RUDAULI,271,10,Kusum Kumar,Independent,657,0
2022,Assembly,UP,RUDAULI,271,11,NOTA,None of the Above,1957,1
2022,Assembly,UP,HAIDERGARH,272,1,Dinesh Rawat,Bharatiya Janata Party,116919,194
2022,Assembly,UP,HAIDERGARH,272,2,Nirmla Chaudhri,Indian National Congress,3985,8
2022,Assembly,UP,HAIDERGARH,272,3,Ram Magan,Samajwadi Party,90950,472
2022,Assembly,UP,HAIDERGARH,272,4,Shri Chandra,Bahujan Samaj Party,12193,46
2022,Assembly,UP,HAIDERGARH,272,5,Ramhet,Aazad Samaj Party (Kanshi Ram),1432,0
2022,Assembly,UP,HAIDERGARH,272,6,Shivani,Aam Aadmi Party,741,1
2022,Assembly,UP,HAIDERGARH,272,7,Sanjay Gautam,Independent,670,0
2022,Assembly,UP,HAIDERGARH,272,8,NOTA,None of the Above,2483,0
2022,Assembly,UP,MILKIPUR,273,1,AWADHESH PRASAD,Samajwadi Party,103191,714
2022,Assembly,UP,MILKIPUR,273,2,Baba Gorakhnath,Bharatiya Janata Party,90278,289
2022,Assembly,UP,MILKIPUR,273,3,BRIJESH KUMAR,Indian National Congress,3160,6
2022,Assembly,UP,MILKIPUR,273,4,Mira Devi,Bahujan Samaj Party,14393,34
2022,Assembly,UP,MILKIPUR,273,5,RADHESHYAM,Moulik Adhikar Party,854,0
2022,Assembly,UP,MILKIPUR,273,6,HASH BARDHAN,Aam Aadmi Party,887,2
2022,Assembly,UP,MILKIPUR,273,7,Shiv Murti,Independent,747,0
2022,Assembly,UP,MILKIPUR,273,8,NOTA,None of the Above,1959,1
2022,Assembly,UP,BIKAPUR,274,1,AKHILESH YADAV,Indian National Congress,4384,10
2022,Assembly,UP,BIKAPUR,274,2,AMIT SINGH CHAUHAN,Bharatiya Janata Party,106907,361
2022,Assembly,UP,BIKAPUR,274,3,FIROZ KHAN,Samajwadi Party,101052,656
2022,Assembly,UP,BIKAPUR,274,4,MADHU DWIVEDI,Communist Party of India,1592,0
2022,Assembly,UP,BIKAPUR,274,5,SUNIL,Bahujan Samaj Party,21299,86
2022,Assembly,UP,BIKAPUR,274,6,JANG BAHADUR,Moulik Adhikar Party,676,1
2022,Assembly,UP,BIKAPUR,274,7,DISHA PATEL,Apana Dal Balihari Party,755,2
2022,Assembly,UP,BIKAPUR,274,8,RAJ KUMAR,Jan Adhikar Party,389,2
2022,Assembly,UP,BIKAPUR,274,9,SUNIL KUMAR,Aam Aadmi Party,616,2
2022,Assembly,UP,BIKAPUR,274,10,HAJARI LAL,Rashtriya Bhagidari Party,1140,4
2022,Assembly,UP,BIKAPUR,274,11,BHUPENDRA PRATAP,Independent,621,0
2022,Assembly,UP,BIKAPUR,274,12,NOTA,None of the Above,1379,3
2022,Assembly,UP,AYODHYA,275,1,TEJ NARAYAN,Samajwadi Party,92460,964
2022,Assembly,UP,AYODHYA,275,2,RAVI PRAKASH,Bahujan Samaj Party,17604,102
2022,Assembly,UP,AYODHYA,275,3,REETA,Indian National Congress,2001,10
2022,Assembly,UP,AYODHYA,275,4,VED PRAKASH,Bharatiya Janata Party,112785,629
2022,Assembly,UP,AYODHYA,275,5,SURYAKANT PANDEY,Communist Party of India,992,3
2022,Assembly,UP,AYODHYA,275,6,BRAJENDRA DUTT TRIPATHI,Adarshwaadi Congress Party,236,0
2022,Assembly,UP,AYODHYA,275,7,RAMESH KUMAR CHAUBEY,Bhartiya Shakti Chetna Party,267,1
2022,Assembly,UP,AYODHYA,275,8,RAJESH KUMAR,Jan Adhikar Party (Loktantrik),800,1
2022,Assembly,UP,AYODHYA,275,9,SUBHAM SRIVASTAV,Aam Aadmi Party,485,5
2022,Assembly,UP,AYODHYA,275,10,SANJAY SHARMA,Moulik Adhikar Party,672,1
2022,Assembly,UP,AYODHYA,275,11,NOTA,None of the Above,1238,2
2022,Assembly,UP,GOSHAINGANJ,276,1,ABHAY SINGH,Samajwadi Party,105187,676
2022,Assembly,UP,GOSHAINGANJ,276,2,ARTI TIWARI,Bharatiya Janata Party,92413,371
2022,Assembly,UP,GOSHAINGANJ,276,3,RAM SAGAR,Bahujan Samaj Party,37139,132
2022,Assembly,UP,GOSHAINGANJ,276,4,SHARADA DEVI,Indian National Congress,1315,4
2022,Assembly,UP,GOSHAINGANJ,276,5,ALOK DWIVEDI,Aam Aadmi Party,465,5
2022,Assembly,UP,GOSHAINGANJ,276,6,BED PRAKASH,Vikassheel Insaan Party,621,0
2022,Assembly,UP,GOSHAINGANJ,276,7,SAVITA,Kisan Party (Loktantrik),561,0
2022,Assembly,UP,GOSHAINGANJ,276,8,SARVESH KUMAR,Independent,662,0
2022,Assembly,UP,GOSHAINGANJ,276,9,NOTA,None of the Above,1747,0
2022,Assembly,UP,KATEHARI,277,1,Nishat Fatima,Indian National Congress,2043,6
2022,Assembly,UP,KATEHARI,277,2,Prateek Pandey,Bahujan Samaj Party,58186,296
2022,Assembly,UP,KATEHARI,277,3,Lalji Verma,Samajwadi Party,92808,716
2022,Assembly,UP,KATEHARI,277,4,Avadhesh  Kumar,Nirbal Indian Shoshit Hamara Aam Dal,85548,280
2022,Assembly,UP,KATEHARI,277,5,Ashok Kumar Sen,Jan Adhikar Party,1309,3
2022,Assembly,UP,KATEHARI,277,6,Ekalakh,Peace Party,542,0
2022,Assembly,UP,KATEHARI,277,7,Omaveer,Bahujan Mukti Party,1041,2
2022,Assembly,UP,KATEHARI,277,8,Raghupati,Moulik Adhikar Party,1385,4
2022,Assembly,UP,KATEHARI,277,9,Ram Baran Prajapati,Aam Aadmi Party,910,12
2022,Assembly,UP,KATEHARI,277,10,Rinka Gautam,Aazad Samaj Party (Kanshi Ram),976,1
2022,Assembly,UP,KATEHARI,277,11,NOTA,None of the Above,1486,6
2022,Assembly,UP,TANDA,278,1,Kapil Deo,Bharatiya Janata Party,62951,215
2022,Assembly,UP,TANDA,278,2,Merajuddhin,Indian National Congress,1967,5
2022,Assembly,UP,TANDA,278,3,Ram Murti Verma,Samajwadi Party,94442,821
2022,Assembly,UP,TANDA,278,4,Shabana Khatoon,Bahujan Samaj Party,45016,206
2022,Assembly,UP,TANDA,278,5,Irfan Ahmad,All India Majlis-E-Ittehadul Muslimeen,7431,11
2022,Assembly,UP,TANDA,278,6,Javed Ahmad Siddiqui,Bahujan Mukti Party,870,4
2022,Assembly,UP,TANDA,278,7,Daya Ram,Vikassheel Insaan Party,753,0
2022,Assembly,UP,TANDA,278,8,Mewalal Yadav,Moulik Adhikar Party,463,3
2022,Assembly,UP,TANDA,278,9,Rakesh Verma,Aam Aadmi Party,772,6
2022,Assembly,UP,TANDA,278,10,Ram Saran,Voters Party  International,247,4
2022,Assembly,UP,TANDA,278,11,Mohd.  Sagheer,Aazad Samaj Party (Kanshi Ram),760,8
2022,Assembly,UP,TANDA,278,12,Khurshed Ahmad,Independent,497,0
2022,Assembly,UP,TANDA,278,13,Shiv Poojan,Independent,386,1
2022,Assembly,UP,TANDA,278,14,NOTA,None of the Above,1209,2
2022,Assembly,UP,ALAPUR,279,1,Keshradevi Gautam,Bahujan Samaj Party,52851,210
2022,Assembly,UP,ALAPUR,279,2,Tribhuwan Dutt,Samajwadi Party,73407,758
2022,Assembly,UP,ALAPUR,279,3,Triveniram,Bharatiya Janata Party,64478,304
2022,Assembly,UP,ALAPUR,279,4,Sattyambada,Indian National Congress,1744,4
2022,Assembly,UP,ALAPUR,279,5,Kheladi,Moulik Adhikar Party,651,0
2022,Assembly,UP,ALAPUR,279,6,R.C. Gond,Lok Dal,492,2
2022,Assembly,UP,ALAPUR,279,7,Ghanshyam,Jan Adhikar Party,1693,2
2022,Assembly,UP,ALAPUR,279,8,Nikesh,Aam Aadmi Party,540,4
2022,Assembly,UP,ALAPUR,279,9,Nikhil Kumar,Aazad Samaj Party (Kanshi Ram),980,0
2022,Assembly,UP,ALAPUR,279,10,Premlata,Vikassheel Insaan Party,6762,16
2022,Assembly,UP,ALAPUR,279,11,Ram Chet,Bahujan Mukti Party,704,2
2022,Assembly,UP,ALAPUR,279,12,Shailendra Kumar,Voters Party  International,634,0
2022,Assembly,UP,ALAPUR,279,13,Ram Bachan,Independent,871,0
2022,Assembly,UP,ALAPUR,279,14,NOTA,None of the Above,1533,5
2022,Assembly,UP,JALALPUR,280,1,Rakesh Pandey,Samajwadi Party,92450,1218
2022,Assembly,UP,JALALPUR,280,2,Dr. Ragini Pathak,Indian National Congress,1714,17
2022,Assembly,UP,JALALPUR,280,3,Dr. Rajesh Singh,Bahujan Samaj Party,79678,360
2022,Assembly,UP,JALALPUR,280,4,Subash Chandra rai,Bharatiya Janata Party,71005,231
2022,Assembly,UP,JALALPUR,280,5,Upendra Nath,Voters Party  International,1913,0
2022,Assembly,UP,JALALPUR,280,6,Jay Singh Rana,Bahujan Mukti Party,1132,7
2022,Assembly,UP,JALALPUR,280,7,Nitesh Kumar,Vikassheel Insaan Party,2409,1
2022,Assembly,UP,JALALPUR,280,8,Ramesh Kumar Mishra,Janata Dal  (United),246,0
2022,Assembly,UP,JALALPUR,280,9,Rajendra  Kumar,Aam Aadmi Party,944,7
2022,Assembly,UP,JALALPUR,280,10,Ram Boojh Maurya,Moulik Adhikar Party,1274,3
2022,Assembly,UP,JALALPUR,280,11,Vinay Kumar Maurya,Jan Adhikar Party,1617,10
2022,Assembly,UP,JALALPUR,280,12,Raghvendra Mohan,Independent,1255,7
2022,Assembly,UP,JALALPUR,280,13,NOTA,None of the Above,1398,1
2022,Assembly,UP,AKBARPUR,281,1,CHANDRA PRAKASH VERMA,Bahujan Samaj Party,53121,277
2022,Assembly,UP,AKBARPUR,281,2,DHARMRAJ NISHAD,Bharatiya Janata Party,69397,198
2022,Assembly,UP,AKBARPUR,281,3,PRIYANKA,Indian National Congress,2729,6
2022,Assembly,UP,AKBARPUR,281,4,RAM ACHAL RAJBHAR,Samajwadi Party,81215,716
2022,Assembly,UP,AKBARPUR,281,5,CHANDRESH,Aazad Samaj Party (Kanshi Ram),869,1
2022,Assembly,UP,AKBARPUR,281,6,JITENDRA KUMAR,Bahujan Mukti Party,1078,4
2022,Assembly,UP,AKBARPUR,281,7,DURVIJAY PAL,Voters Party  International,449,0
2022,Assembly,UP,AKBARPUR,281,8,MANOJ KUMAR,Rashtriya Jan Sahyog Party,308,0
2022,Assembly,UP,AKBARPUR,281,9,MOOL CHAND JAISWAL,Aam Aadmi Party,476,1
2022,Assembly,UP,AKBARPUR,281,10,SURESH KUMAR,Moulik Adhikar Party,896,1
2022,Assembly,UP,AKBARPUR,281,11,BRIJESH KUMAR,Independent,661,0
2022,Assembly,UP,AKBARPUR,281,12,BHANU PRATAP,Independent,784,0
2022,Assembly,UP,AKBARPUR,281,13,NOTA,None of the Above,1655,1
2022,Assembly,UP,BALHA,282,1,AKSHAYBAR NATH KANAUJIYA,Samajwadi Party,83571,339
2022,Assembly,UP,BALHA,282,2,KIRAN BHARTI,Indian National Congress,2121,4
2022,Assembly,UP,BALHA,282,3,RAMCHANDRA,Bahujan Samaj Party,15516,62
2022,Assembly,UP,BALHA,282,4,SAROJ SONKAR,Bharatiya Janata Party,100359,124
2022,Assembly,UP,BALHA,282,5,KANTI,Aam Aadmi Party,2650,0
2022,Assembly,UP,BALHA,282,6,Jitendra kumar,Jan Adhikar Party,2489,2
2022,Assembly,UP,BALHA,282,7,Deepak,Vikassheel Insaan Party,2240,2
2022,Assembly,UP,BALHA,282,8,Rinku Sahani,Shiv Sena,691,0
2022,Assembly,UP,BALHA,282,9,Raj Sri,Independent,617,0
2022,Assembly,UP,BALHA,282,10,VIJAY,Independent,573,0
2022,Assembly,UP,BALHA,282,11,SHIV CHARAN,Independent,763,0
2022,Assembly,UP,BALHA,282,12,NOTA,None of the Above,2687,2
2022,Assembly,UP,NANPARA,283,1,Kuleraj Yadav(Munshi ji),Communist Party of India,2382,1
2022,Assembly,UP,NANPARA,283,2,Madhuri Verma,Samajwadi Party,75174,331
2022,Assembly,UP,NANPARA,283,3,Dr.A.M. Siddiquie,Indian National Congress,2150,4
2022,Assembly,UP,NANPARA,283,4,Hakikat Ali,Bahujan Samaj Party,17905,44
2022,Assembly,UP,NANPARA,283,5,Tanveer Afsar,Aam Aadmi Party,664,2
2022,Assembly,UP,NANPARA,283,6,Pradeep Kumar,Sabka Dal United,1057,0
2022,Assembly,UP,NANPARA,283,7,Faujdar,Vikassheel Insaan Party,1209,2
2022,Assembly,UP,NANPARA,283,8,Ram Niwas Verma,Apna Dal (Soneylal),87546,143
2022,Assembly,UP,NANPARA,283,9,Maulana Laik Ahmad Shah,All India Majlis-E-Ittehadul Muslimeen,3952,13
2022,Assembly,UP,NANPARA,283,10,Amarjeet,Independent,798,0
2022,Assembly,UP,NANPARA,283,11,Pradeep,Independent,816,0
2022,Assembly,UP,NANPARA,283,12,Brijesh Kumar,Independent,826,0
2022,Assembly,UP,NANPARA,283,13,Ram Sharan,Independent,862,0
2022,Assembly,UP,NANPARA,283,14,Santosh Kumar,Independent,1410,0
2022,Assembly,UP,NANPARA,283,15,NOTA,None of the Above,2403,0
2022,Assembly,UP,MATERA,284,1,ARUN VEER SINGH,Bharatiya Janata Party,91688,139
2022,Assembly,UP,MATERA,284,2,ALI AKBAR,Indian National Congress,2963,1
2022,Assembly,UP,MATERA,284,3,AQIB ULLA KHAN,Bahujan Samaj Party,8888,30
2022,Assembly,UP,MATERA,284,4,MARIYA,Samajwadi Party,101918,337
2022,Assembly,UP,MATERA,284,5,KRIPA SHANKAR,Lok Dal,1132,0
2022,Assembly,UP,MATERA,284,6,GAUHAR,Independent,754,2
2022,Assembly,UP,MATERA,284,7,RAHUL,Independent,668,1
2022,Assembly,UP,MATERA,284,8,LAL BAHADUR,Independent,501,0
2022,Assembly,UP,MATERA,284,9,SANTOSH KUMAR ARYA,Independent,590,1
2022,Assembly,UP,MATERA,284,10,NOTA,None of the Above,2758,1
2022,Assembly,UP,BAHRAICH,286,1,ANUPMA JAISWAL,Bharatiya Janata Party,107457,171
2022,Assembly,UP,BAHRAICH,286,2,JAI PRAKASH MISHRA,Indian National Congress,3269,6
2022,Assembly,UP,BAHRAICH,286,3,NAEEM,Bahujan Samaj Party,10275,24
2022,Assembly,UP,BAHRAICH,286,4,YASAR SHAH,Samajwadi Party,103201,349
2022,Assembly,UP,BAHRAICH,286,5,RAJAT CHAURASIYA,Aam Aadmi Party,1132,0
2022,Assembly,UP,BAHRAICH,286,6,RAJWANT SINGH,Shiv Sena,502,0
2022,Assembly,UP,BAHRAICH,286,7,RASHID JAMIL,All India Majlis-E-Ittehadul Muslimeen,2238,2
2022,Assembly,UP,BAHRAICH,286,8,RAJEEV SINGH,Independent,405,0
2022,Assembly,UP,BAHRAICH,286,9,DR. RAM DULARE MISHRA,Independent,601,0
2022,Assembly,UP,BAHRAICH,286,10,NOTA,None of the Above,2072,4
2022,Assembly,UP,PAYAGPUR,287,1,Geeta,Bahujan Samaj Party,11212,20
2022,Assembly,UP,PAYAGPUR,287,2,Mukesh Srivastava,Samajwadi Party,97834,272
2022,Assembly,UP,PAYAGPUR,287,3,Rana Shivam Singh,Indian National Congress,2953,4
2022,Assembly,UP,PAYAGPUR,287,4,Subhash Tripathi,Bharatiya Janata Party,109923,239
2022,Assembly,UP,PAYAGPUR,287,5,Raise Ahmad,All India Majlis-E-Ittehadul Muslimeen,3586,0
2022,Assembly,UP,PAYAGPUR,287,6,CHHOTE LAL,Independent,810,1
2022,Assembly,UP,PAYAGPUR,287,7,Ram Swaroop,Independent,1437,0
2022,Assembly,UP,PAYAGPUR,287,8,NOTA,None of the Above,2320,2
2022,Assembly,UP,SHRAWASTI,290,1,Neetu Mishra,Bahujan Samaj Party,40856,170
2022,Assembly,UP,SHRAWASTI,290,2,Muhammad Ramjan,Indian National Congress,4640,15
2022,Assembly,UP,SHRAWASTI,290,3,Mohhamad Aslam Rainee,Samajwadi Party,96689,494
2022,Assembly,UP,SHRAWASTI,290,4,Ram Feran,Bharatiya Janata Party,98448,192
2022,Assembly,UP,SHRAWASTI,290,5,Ahtishamul Haque Khan,Peace Party,3478,0
2022,Assembly,UP,SHRAWASTI,290,6,Dayaram Das,Rashtriya Jantantrik Bharat Vikas Party,843,1
2022,Assembly,UP,SHRAWASTI,290,7,Molhu Ram Rajbhar,Jan Adhikar Party,934,0
2022,Assembly,UP,SHRAWASTI,290,8,Ratnesh,Aam Aadmi Party,601,0
2022,Assembly,UP,SHRAWASTI,290,9,Rajan Singh,Samyak Party,733,0
2022,Assembly,UP,SHRAWASTI,290,10,Rajendra,Bharatiya Subhash Sena,980,2
2022,Assembly,UP,SHRAWASTI,290,11,Vijay Kumar,Independent,803,0
2022,Assembly,UP,SHRAWASTI,290,12,NOTA,None of the Above,3194,4
2022,Assembly,UP,TULSIPUR,291,1,KAILASH NATH,Bharatiya Janata Party,86902,130
2022,Assembly,UP,TULSIPUR,291,2,DIPENDRA SINGH DIPANKAR,Indian National Congress,4165,6
2022,Assembly,UP,TULSIPUR,291,3,BHUWAN PRATAP SINGH,Bahujan Samaj Party,8100,18
2022,Assembly,UP,TULSIPUR,291,4,ABDUL MASHHOOD KHAN,Samajwadi Party,42465,350
2022,Assembly,UP,TULSIPUR,291,5,ATMARAM,Bharatiya Subhash Sena,922,0
2022,Assembly,UP,TULSIPUR,291,6,SURESH,Jan Adhikar Party,538,0
2022,Assembly,UP,TULSIPUR,291,7,HIDAYTULLA,Aam Aadmi Party,761,0
2022,Assembly,UP,TULSIPUR,291,8,ZEBA RIZWAN,Independent,51211,40
2022,Assembly,UP,TULSIPUR,291,9,DHEERAJ KUMAR,Independent,1327,0
2022,Assembly,UP,TULSIPUR,291,10,MUJEEBURRAHMAN,Independent,626,0
2022,Assembly,UP,TULSIPUR,291,11,MOTEEN,Independent,730,0
2022,Assembly,UP,TULSIPUR,291,12,MOHAMMAD AAMIR SHAH,Independent,389,0
2022,Assembly,UP,TULSIPUR,291,13,RAKSHARAM,Independent,575,0
2022,Assembly,UP,TULSIPUR,291,14,VIJAY PRATAP,Independent,700,0
2022,Assembly,UP,TULSIPUR,291,15,SHUBHAM SINGH,Independent,604,0
2022,Assembly,UP,TULSIPUR,291,16,NOTA,None of the Above,2226,2
2022,Assembly,UP,GAINSARI,292,1,ALAUDDIN,Bahujan Samaj Party,31842,72
2022,Assembly,UP,GAINSARI,292,2,DR. ISHTIYAQ AHAMAD KHAN,Indian National Congress,3977,7
2022,Assembly,UP,GAINSARI,292,3,DR. SHIV PRATAP YADAV,Samajwadi Party,74931,414
2022,Assembly,UP,GAINSARI,292,4,"SHAILESH KUMAR SINGH  ""SHAILU""",Bharatiya Janata Party,69442,66
2022,Assembly,UP,GAINSARI,292,5,THANESHWAR NATH,Bharatiya Subhash Sena,1446,0
2022,Assembly,UP,GAINSARI,292,6,NAND KUMAR PANDEY,Lok Dal,444,0
2022,Assembly,UP,GAINSARI,292,7,RAM SARAN,Republican Sena,520,0
2022,Assembly,UP,GAINSARI,292,8,SHAHABUDDIN,All India Majlis-E-Ittehadul Muslimeen,3393,5
2022,Assembly,UP,GAINSARI,292,9,SATYA PRAKASH,Samyak Party,702,0
2022,Assembly,UP,GAINSARI,292,10,AYESHA,Independent,879,1
2022,Assembly,UP,GAINSARI,292,11,NOTA,None of the Above,1744,0
2022,Assembly,UP,UTRAULA,293,1,DHIRENDRA PRATAP SINGH URF DHIRU SINGH,Indian National Congress,12907,37
2022,Assembly,UP,UTRAULA,293,2,RAM PRATAP,Bahujan Samaj Party,9623,46
2022,Assembly,UP,UTRAULA,293,3,RAMPRATAP VERMA URF SHASHIKANT VERMA,Bharatiya Janata Party,87027,135
2022,Assembly,UP,UTRAULA,293,4,HASIB KHAN,Samajwadi Party,64993,400
2022,Assembly,UP,UTRAULA,293,5,AJAY KUMAR CHATURVEDI,Republican Sena,1083,0
2022,Assembly,UP,UTRAULA,293,6,ABDUL MANNAN,All India Majlis-E-Ittehadul Muslimeen,12287,16
2022,Assembly,UP,UTRAULA,293,7,MUSTAQEEM AHMAD,Aam Aadmi Party,316,0
2022,Assembly,UP,UTRAULA,293,8,PREMLAL,Independent,298,0
2022,Assembly,UP,UTRAULA,293,9,SAHBAJ FARAZ KHAN,Independent,779,0
2022,Assembly,UP,UTRAULA,293,10,SANCHIT,Independent,993,0
2022,Assembly,UP,UTRAULA,293,11,GYAN CHANDRA,Independent,2911,0
2022,Assembly,UP,UTRAULA,293,12,GYANENDRA KUMAR MISHRA,Independent,720,0
2022,Assembly,UP,UTRAULA,293,13,NOTA,None of the Above,1609,0
2022,Assembly,UP,BALRAMPUR,294,1,JAGRAM PASWAN,Samajwadi Party,89673,502
2022,Assembly,UP,BALRAMPUR,294,2,PALTOO RAM,Bharatiya Janata Party,100896,250
2022,Assembly,UP,BALRAMPUR,294,3,BABITA,Indian National Congress,2574,2
2022,Assembly,UP,BALRAMPUR,294,4,HARI RAM,Bahujan Samaj Party,5331,40
2022,Assembly,UP,BALRAMPUR,294,5,UDAY CHAND,Aam Aadmi Party,407,1
2022,Assembly,UP,BALRAMPUR,294,6,UMA DEVI,Bahujan Mukti Party,376,0
2022,Assembly,UP,BALRAMPUR,294,7,MADAN LAL,Peace Party,706,0
2022,Assembly,UP,BALRAMPUR,294,8,LAL JI,Aazad Samaj Party (Kanshi Ram),717,0
2022,Assembly,UP,BALRAMPUR,294,9,SANTOSH KUMARI,India Janshakti Party,378,0
2022,Assembly,UP,BALRAMPUR,294,10,HARIRAM,Bharatiya Subhash Sena,686,0
2022,Assembly,UP,BALRAMPUR,294,11,JAY MANGAL,Independent,721,0
2022,Assembly,UP,BALRAMPUR,294,12,RAVINDRA KUMAR,Independent,1095,0
2022,Assembly,UP,BALRAMPUR,294,13,NOTA,None of the Above,2365,0
2022,Assembly,UP,MEHNAUN,295,1,QUTUBUDDIN KHAN DIAMOND,Indian National Congress,5492,7
2022,Assembly,UP,MEHNAUN,295,2,NANDITA SHUKLA,Samajwadi Party,83605,504
2022,Assembly,UP,MEHNAUN,295,3,VINAY KUMAR,Bharatiya Janata Party,107109,218
2022,Assembly,UP,MEHNAUN,295,4,SHIV KUMAR,Bahujan Samaj Party,10851,32
2022,Assembly,UP,MEHNAUN,295,5,DEEP NARAYAN,Jan Adhikar Party,714,2
2022,Assembly,UP,MEHNAUN,295,6,RAJESH TIWARI,Aam Aadmi Party,581,2
2022,Assembly,UP,MEHNAUN,295,7,SITA RAM,Bharatiya Subhash Sena,464,0
2022,Assembly,UP,MEHNAUN,295,8,SUHEL DEV PATHAK,Right to Recall Party,550,1
2022,Assembly,UP,MEHNAUN,295,9,AVINASH,Independent,541,0
2022,Assembly,UP,MEHNAUN,295,10,OM PRAKASH,Independent,997,0
2022,Assembly,UP,MEHNAUN,295,11,RAJBAHADUR,Independent,796,2
2022,Assembly,UP,MEHNAUN,295,12,NOTA,None of the Above,1968,3
2022,Assembly,UP,RAMPUR MANIHARAN,6,1,OMPAL SINGH,Indian National Congress,1539,5
2022,Assembly,UP,RAMPUR MANIHARAN,6,2,Devender Kumar Nim,Bharatiya Janata Party,88653,456
2022,Assembly,UP,RAMPUR MANIHARAN,6,3,RAVINDRA KUMAR,Bahujan Samaj Party,68227,289
2022,Assembly,UP,RAMPUR MANIHARAN,6,4,VIVEK KANT,Rashtriya Lok Dal,64710,154
2022,Assembly,UP,RAMPUR MANIHARAN,6,5,ARVIND KUMAR,Aam Aadmi Party,567,6
2022,Assembly,UP,RAMPUR MANIHARAN,6,6,JAI PAL SINGH,Lok Dal,248,0
2022,Assembly,UP,RAMPUR MANIHARAN,6,7,BRIJPAL SINGH,Aazad Samaj Party (Kanshi Ram),4597,9
2022,Assembly,UP,RAMPUR MANIHARAN,6,8,SACHIN KUMAR,India Janshakti Party,928,1
2022,Assembly,UP,RAMPUR MANIHARAN,6,9,D. P. SINGH,Bahujan Mukti Party,1173,1
2022,Assembly,UP,RAMPUR MANIHARAN,6,10,NOTA,None of the Above,669,1
2022,Assembly,UP,KAIRANA,8,1,AKHLAK,Indian National Congress,1517,5
2022,Assembly,UP,KAIRANA,8,2,Nahid Hasan,Samajwadi Party,130802,233
2022,Assembly,UP,KAIRANA,8,3,MRIGANKA SINGH,Bharatiya Janata Party,104705,443
2022,Assembly,UP,KAIRANA,8,4,RAJENDERA,Bahujan Samaj Party,2067,10
2022,Assembly,UP,KAIRANA,8,5,DEVI SINGH,Aazad Samaj Party (Kanshi Ram),247,1
2022,Assembly,UP,KAIRANA,8,6,SANGEETA,Aam Aadmi Party,138,4
2022,Assembly,UP,KAIRANA,8,7,ISRAR,Independent,272,0
2022,Assembly,UP,KAIRANA,8,8,VIJAY KUMAR,Independent,186,0
2022,Assembly,UP,KAIRANA,8,9,SETHPAL,Independent,409,0
2022,Assembly,UP,KAIRANA,8,10,HARUN ALI,Independent,315,0
2022,Assembly,UP,KAIRANA,8,11,NOTA,None of the Above,592,1
2022,Assembly,UP,THANA BHAWAN,9,1,Ashraf Ali Khan,Rashtriya Lok Dal,103325,426
2022,Assembly,UP,THANA BHAWAN,9,2,Zaheer Malik,Bahujan Samaj Party,11010,29
2022,Assembly,UP,THANA BHAWAN,9,3,Satya Sanyam Bhuryan,Indian National Congress,787,6
2022,Assembly,UP,THANA BHAWAN,9,4,Suresh Kumar,Bharatiya Janata Party,92472,473
2022,Assembly,UP,THANA BHAWAN,9,5,Arvind Deshwal,Aam Aadmi Party,668,6
2022,Assembly,UP,THANA BHAWAN,9,6,Ikram,All India Majlis-E-Ittehadul Muslimeen,325,0
2022,Assembly,UP,THANA BHAWAN,9,7,Rakesh Kumar,Aazad Samaj Party (Kanshi Ram),3177,11
2022,Assembly,UP,THANA BHAWAN,9,8,Saddam,SOCIAL DEMOCRATIC PARTY OF INDIA,702,1
2022,Assembly,UP,THANA BHAWAN,9,9,Rama Adil,Independent,358,1
2022,Assembly,UP,THANA BHAWAN,9,10,Sherpal Urf Sudhir Urf Sher Singh,Independent,3965,10
2022,Assembly,UP,THANA BHAWAN,9,11,NOTA,None of the Above,789,0
2022,Assembly,UP,MUZAFFAR NAGAR,14,1,Kapil Dev Agarwal,Bharatiya Janata Party,111149,645
2022,Assembly,UP,MUZAFFAR NAGAR,14,2,PUSPANKAR DEEPAK,Bahujan Samaj Party,10650,83
2022,Assembly,UP,MUZAFFAR NAGAR,14,3,SUBHODH SHARMA,Indian National Congress,1682,12
2022,Assembly,UP,MUZAFFAR NAGAR,14,4,SAURABH,Rashtriya Lok Dal,92566,534
2022,Assembly,UP,MUZAFFAR NAGAR,14,5,Abha Sharma,Aam Aadmi Party,494,1
2022,Assembly,UP,MUZAFFAR NAGAR,14,6,Krishan Pal,Bharat Lok Sewak Party,170,1
2022,Assembly,UP,MUZAFFAR NAGAR,14,7,Parvez Alam,Aazad Samaj Party (Kanshi Ram),723,2
2022,Assembly,UP,MUZAFFAR NAGAR,14,8,MOHAMMED INTEZAR,All India Majlis-E-Ittehadul Muslimeen,3740,10
2022,Assembly,UP,MUZAFFAR NAGAR,14,9,RAJNISH,Rashtriya Samaj Paksha,389,5
2022,Assembly,UP,MUZAFFAR NAGAR,14,10,Dharmendra Kumar,Independent,847,1
2022,Assembly,UP,MUZAFFAR NAGAR,14,11,Neeraj Goyal,Independent,141,0
2022,Assembly,UP,MUZAFFAR NAGAR,14,12,Raj Kishor Garg,Independent,410,0
2022,Assembly,UP,MUZAFFAR NAGAR,14,13,Rahul Kumar Jain,Independent,301,0
2022,Assembly,UP,MUZAFFAR NAGAR,14,14,LALIT KUMAR,Independent,102,0
2022,Assembly,UP,MUZAFFAR NAGAR,14,15,SAMEY SINGH,Independent,210,0
2022,Assembly,UP,MUZAFFAR NAGAR,14,16,NOTA,None of the Above,674,1
2022,Assembly,UP,NAGINA,18,1,BRAJPAL,Bahujan Samaj Party,39993,171
2022,Assembly,UP,NAGINA,18,2,MANOJ KUMAR PARAS,Samajwadi Party,96680,475
2022,Assembly,UP,NAGINA,18,3,DR YASHWANT SINGH,Bharatiya Janata Party,70342,362
2022,Assembly,UP,NAGINA,18,4,SHRIMATI HENREITA,Indian National Congress,1680,5
2022,Assembly,UP,NAGINA,18,5,ABHINAY KUMAR,Peoples Party of India (Democratic),362,4
2022,Assembly,UP,NAGINA,18,6,ARJUN SINGH,Aam Aadmi Party,221,3
2022,Assembly,UP,NAGINA,18,7,TEJ SINGH,Ambedkar Samaj Party,225,1
2022,Assembly,UP,NAGINA,18,8,LALITA,All India Majlis-E-Ittehadul Muslimeen,9495,20
2022,Assembly,UP,NAGINA,18,9,VIKAS KUMAR,Aazad Samaj Party (Kanshi Ram),307,1
2022,Assembly,UP,NAGINA,18,10,CHANDRAVEER SINGH,Independent,367,0
2022,Assembly,UP,NAGINA,18,11,BRIJPAL SINGH,Independent,851,2
2022,Assembly,UP,NAGINA,18,12,SUNIL KUMAR,Independent,531,1
2022,Assembly,UP,NAGINA,18,13,NOTA,None of the Above,1180,3
2022,Assembly,UP,DHAMPUR,20,1,ASHOK KUMAR RANA,Bharatiya Janata Party,81194,597
2022,Assembly,UP,DHAMPUR,20,2,NAIM UL HASAN,Samajwadi Party,81310,278
2022,Assembly,UP,DHAMPUR,20,3,THAKUR MOOLCHAND CHAUHAN,Bahujan Samaj Party,38735,258
2022,Assembly,UP,DHAMPUR,20,4,HUSSAIN AHMAD,Indian National Congress,788,2
2022,Assembly,UP,DHAMPUR,20,5,ARUN KUMAR GAHLOT,Aam Aadmi Party,189,2
2022,Assembly,UP,DHAMPUR,20,6,MEETAN,Pichhra Samaj Party,306,0
2022,Assembly,UP,DHAMPUR,20,7,VIVEK KUMAR,Aazad Samaj Party (Kanshi Ram),571,3
2022,Assembly,UP,DHAMPUR,20,8,NOTA,None of the Above,830,4
2022,Assembly,UP,MORADABAD NAGAR,28,1,IRSHAD HUSSAIN,Bahujan Samaj Party,13814,199
2022,Assembly,UP,MORADABAD NAGAR,28,2,MOHD YUSUF ANSARI,Samajwadi Party,147069,533
2022,Assembly,UP,MORADABAD NAGAR,28,3,RIZWAN QURESHI,Indian National Congress,5337,14
2022,Assembly,UP,MORADABAD NAGAR,28,4,RITESH KUMAR GUPTA,Bharatiya Janata Party,147784,600
2022,Assembly,UP,MORADABAD NAGAR,28,5,Avinash Chandra,SOCIALIST UNITY CENTRE OF INDIA (COMMUNIST),557,1
2022,Assembly,UP,MORADABAD NAGAR,28,6,MOHD DANISH,Aazad Samaj Party (Kanshi Ram),256,3
2022,Assembly,UP,MORADABAD NAGAR,28,7,WAQI RASHEED,All India Majlis-E-Ittehadul Muslimeen,2658,3
2022,Assembly,UP,MORADABAD NAGAR,28,8,VIPIN,Shiv Sena,355,0
2022,Assembly,UP,MORADABAD NAGAR,28,9,ARUN PRAKASH SINGH,Aam Aadmi Party,790,8
2022,Assembly,UP,MORADABAD NAGAR,28,10,SHAMSHAD AHMAD,Independent,323,0
2022,Assembly,UP,MORADABAD NAGAR,28,11,NOTA,None of the Above,1395,5
2022,Assembly,UP,BILARI,30,1,ANIL KUMAR,Bahujan Samaj Party,42310,101
2022,Assembly,UP,BILARI,30,2,KALPANA SINGH,Indian National Congress,1406,5
2022,Assembly,UP,BILARI,30,3,PARMESHWAR LAL,Bharatiya Janata Party,87503,225
2022,Assembly,UP,BILARI,30,4,MOHAMMAD FAHEEM IRFAN,Samajwadi Party,94983,355
2022,Assembly,UP,BILARI,30,5,KHALID ZAMAN,All India Majlis-E-Ittehadul Muslimeen,9233,2
2022,Assembly,UP,BILARI,30,6,PRAKASH CHANDRA,Aam Aadmi Party,836,1
2022,Assembly,UP,BILARI,30,7,SHAKIL AHAMAD SABRI,Peace Party,467,0
2022,Assembly,UP,BILARI,30,8,NOTA,None of the Above,1416,1
2022,Assembly,UP,MILAK,38,1,Kumar Eklavya,Indian National Congress,2829,7
2022,Assembly,UP,MILAK,38,2,Rajbala Singh,Bharatiya Janata Party,97821,127
2022,Assembly,UP,MILAK,38,3,Vijay Singh,Samajwadi Party,91750,286
2022,Assembly,UP,MILAK,38,4,Surendra Singh Sagar,Bahujan Samaj Party,31430,62
2022,Assembly,UP,MILAK,38,5,Babita Rani,Lok Shakti,803,0
2022,Assembly,UP,MILAK,38,6,Ankur Sagar,Independent,635,1
2022,Assembly,UP,MILAK,38,7,NOTA,None of the Above,1475,4
2022,Assembly,UP,NAUGAWAN SADAT,40,1,DEVENDER NAGPAL,Bharatiya Janata Party,101085,872
2022,Assembly,UP,NAUGAWAN SADAT,40,2,REKHA RANI,Indian National Congress,1603,10
2022,Assembly,UP,NAUGAWAN SADAT,40,3,SHADAB KHAN,Bahujan Samaj Party,28526,162
2022,Assembly,UP,NAUGAWAN SADAT,40,4,SAMARPAL SINGH,Samajwadi Party,107641,856
2022,Assembly,UP,NAUGAWAN SADAT,40,5,AJIT KUMAR,Rashtrawadi Janlok Party (Satya),687,1
2022,Assembly,UP,NAUGAWAN SADAT,40,6,MOHD ADIL,All India Majlis-E-Ittehadul Muslimeen,1035,1
2022,Assembly,UP,NAUGAWAN SADAT,40,7,HEMENDER SINGH CHAUHAN,Aam Aadmi Party,199,2
2022,Assembly,UP,NAUGAWAN SADAT,40,8,AKRAM KHAN,Independent,128,0
2022,Assembly,UP,NAUGAWAN SADAT,40,9,KALLU,Independent,262,1
2022,Assembly,UP,NAUGAWAN SADAT,40,10,DUSHYANT KHARE,Independent,530,0
2022,Assembly,UP,NAUGAWAN SADAT,40,11,PRATEEK CHAUDHARY,Independent,298,0
2022,Assembly,UP,NAUGAWAN SADAT,40,12,NOTA,None of the Above,937,1
2022,Assembly,UP,MEERUT,48,1,KAMAL DUTT SHARMA,Bharatiya Janata Party,79930,400
2022,Assembly,UP,MEERUT,48,2,DILSHAD,Bahujan Samaj Party,4913,26
2022,Assembly,UP,MEERUT,48,3,RAFIQ ANSARI,Samajwadi Party,106212,183
2022,Assembly,UP,MEERUT,48,4,RANJAN SHARMA,Indian National Congress,5294,39
2022,Assembly,UP,MEERUT,48,5,AFZAL,Sabse Achchhi Party,78,0
2022,Assembly,UP,MEERUT,48,6,ALI SHER,Aazad Samaj Party (Kanshi Ram),132,0
2022,Assembly,UP,MEERUT,48,7,IMRAN AHMAD,All India Majlis-E-Ittehadul Muslimeen,3036,2
2022,Assembly,UP,MEERUT,48,8,KANAK JAIN,Mihir Sena,49,0
2022,Assembly,UP,MEERUT,48,9,KAPIL KUMAR SHARMA,Aam Aadmi Party,321,2
2022,Assembly,UP,MEERUT,48,10,SUSHIL VERMA,Lok Janshakti Party(Ram Vilas),88,0
2022,Assembly,UP,MEERUT,48,11,ASHOK,Independent,183,0
2022,Assembly,UP,MEERUT,48,12,ANKIT SHARMA,Independent,128,2
2022,Assembly,UP,MEERUT,48,13,NOTA,None of the Above,617,3
2022,Assembly,UP,KOIL,75,1,ANIL PARASHAR,Bharatiya Janata Party,107495,572
2022,Assembly,UP,KOIL,75,2,MOHD BILAL,Bahujan Samaj Party,22880,136
2022,Assembly,UP,KOIL,75,3,VIVEK BANSAL,Indian National Congress,15452,98
2022,Assembly,UP,KOIL,75,4,SHAZ ISHAQ,Samajwadi Party,101968,1071
2022,Assembly,UP,KOIL,75,5,MANOJ SHARMA,Aam Aadmi Party,675,8
2022,Assembly,UP,KOIL,75,6,SAHAB SINGH,Bharatiya Subhash Sena,164,0
2022,Assembly,UP,KOIL,75,7,NAIM KHAN,Independent,242,1
2022,Assembly,UP,KOIL,75,8,M L PAPA,Independent,199,1
2022,Assembly,UP,KOIL,75,9,SHAMS TABREZ KHAN,Independent,300,0
2022,Assembly,UP,KOIL,75,10,NOTA,None of the Above,1141,3
2022,Assembly,UP,CHHATA,81,1,KULBHANU KUMAR,Communist Party of India,1222,3
2022,Assembly,UP,CHHATA,81,2,TEJPAL SINGH,Rashtriya Lok Dal,75224,242
2022,Assembly,UP,CHHATA,81,3,POONAM  DEVI,Indian National Congress,1474,7
2022,Assembly,UP,CHHATA,81,4,LAXMI NARAYAN,Bharatiya Janata Party,123976,438
2022,Assembly,UP,CHHATA,81,5,SONPAL,Bahujan Samaj Party,30131,83
2022,Assembly,UP,CHHATA,81,6,PRAHALAD SINGH CHAUDHRY,Aam Aadmi Party,613,4
2022,Assembly,UP,CHHATA,81,7,SUBRATI KHAN,Aazad Samaj Party (Kanshi Ram),454,1
2022,Assembly,UP,CHHATA,81,8,ATUL,Independent,184,0
2022,Assembly,UP,CHHATA,81,9,KARAN SINGH,Independent,369,1
2022,Assembly,UP,CHHATA,81,10,TEJ SINGH,Independent,663,0
2022,Assembly,UP,CHHATA,81,11,RAJIV SHARMA,Independent,493,1
2022,Assembly,UP,CHHATA,81,12,LAKSHMINARAYAN,Independent,1858,1
2022,Assembly,UP,CHHATA,81,13,NOTA,None of the Above,975,2
2022,Assembly,UP,AGRA CANTT.,87,1,Kunwar  Chand,Samajwadi Party,68803,296
2022,Assembly,UP,AGRA CANTT.,87,2,Dr. G S Dharmesh,Bharatiya Janata Party,117352,444
2022,Assembly,UP,AGRA CANTT.,87,3,Dr.  Bhartendra Kumar Arun,Bahujan Samaj Party,54216,193
2022,Assembly,UP,AGRA CANTT.,87,4,Sikandar Singh,Indian National Congress,5548,42
2022,Assembly,UP,AGRA CANTT.,87,5,Prem Singh,Aam Aadmi Party,1114,11
2022,Assembly,UP,AGRA CANTT.,87,6,Mona,Peace Party,419,1
2022,Assembly,UP,AGRA CANTT.,87,7,Sundar Singh,Bharatiya Majdoor Janta Party,420,1
2022,Assembly,UP,AGRA CANTT.,87,8,Akash Soni,Independent,363,2
2022,Assembly,UP,AGRA CANTT.,87,9,Prakash Indiver,Independent,617,2
2022,Assembly,UP,AGRA CANTT.,87,10,Hari Kishan,Independent,552,0
2022,Assembly,UP,AGRA CANTT.,87,11,NOTA,None of the Above,1414,6
2022,Assembly,UP,FATEHABAD,93,1,Chhotey Lal Verma,Bharatiya Janata Party,108577,234
2022,Assembly,UP,FATEHABAD,93,2,Roopali Dixit,Samajwadi Party,55185,391
2022,Assembly,UP,FATEHABAD,93,3,Shailendra Singh,Bahujan Samaj Party,40896,62
2022,Assembly,UP,FATEHABAD,93,4,Hotam Singh Nishad,Indian National Congress,683,0
2022,Assembly,UP,FATEHABAD,93,5,Ajay Kumar,Log Party,217,0
2022,Assembly,UP,FATEHABAD,93,6,Pt. Dinesh Chand Sharma,Saman Adhikar Party,301,0
2022,Assembly,UP,FATEHABAD,93,7,Narendra Singh,Bhartiya Veer Dal,257,0
2022,Assembly,UP,FATEHABAD,93,8,Purushottam Das Fauzi Bhai,Aam Aadmi Party,248,2
2022,Assembly,UP,FATEHABAD,93,9,Rajesh Singh Kushwah,Jan Adhikar Party,3578,7
2022,Assembly,UP,FATEHABAD,93,10,Vijay Singh Dhangar,Rashtriya Shoshit Samaj Party,266,1
2022,Assembly,UP,FATEHABAD,93,11,Pramod Kumari Kushwah,Independent,307,0
2022,Assembly,UP,FATEHABAD,93,12,Bhuri,Independent,611,0
2022,Assembly,UP,FATEHABAD,93,13,Mahinder Singh Verma,Independent,1331,0
2022,Assembly,UP,FATEHABAD,93,14,NOTA,None of the Above,2471,1
2022,Assembly,UP,BAH,94,1,Nitin Verma,Bahujan Samaj Party,50455,163
2022,Assembly,UP,BAH,94,2,Rani Pakshalika Singh,Bharatiya Janata Party,77961,399
2022,Assembly,UP,BAH,94,3,Madhusudan Sharma,Samajwadi Party,53780,345
2022,Assembly,UP,BAH,94,4,Manoj Dixit,Indian National Congress,1218,11
2022,Assembly,UP,BAH,94,5,Neeraj Kumar Karauria,Aam Aadmi Party,956,3
2022,Assembly,UP,BAH,94,6,Styendra Baghel,Rashtriya Samaj Paksha,119,0
2022,Assembly,UP,BAH,94,7,Sarvesh Kumar,Bharatiya Majdoor Janta Party,166,0
2022,Assembly,UP,BAH,94,8,Ashok Kumar,Independent,161,0
2022,Assembly,UP,BAH,94,9,Kaushal Kishor,Independent,154,0
2022,Assembly,UP,BAH,94,10,Naresh,Independent,283,0
2022,Assembly,UP,BAH,94,11,Brijendra Singh,Independent,576,0
2022,Assembly,UP,BAH,94,12,Rambaran,Independent,348,0
2022,Assembly,UP,BAH,94,13,Vijay Pratap Singh,Independent,663,0
2022,Assembly,UP,BAH,94,14,Sukhram,Independent,784,0
2022,Assembly,UP,BAH,94,15,NOTA,None of the Above,1836,1
2022,Assembly,UP,TUNDLA,95,1,AMAR SINGH,Bahujan Samaj Party,40841,136
2022,Assembly,UP,TUNDLA,95,2,PREM PAL SINGH DHANGAR,Bharatiya Janata Party,122547,334
2022,Assembly,UP,TUNDLA,95,3,SMT. YOGESH DIWAKAR,Indian National Congress,1941,8
2022,Assembly,UP,TUNDLA,95,4,RAKESH BABU,Samajwadi Party,74762,428
2022,Assembly,UP,TUNDLA,95,5,OM PRAKASH,Bahujan Mukti Party,487,0
2022,Assembly,UP,TUNDLA,95,6,DEEPAK KUMAR,Apni Janta Party,250,1
2022,Assembly,UP,TUNDLA,95,7,NARESH KUMAR,Aazad Samaj Party (Kanshi Ram),348,1
2022,Assembly,UP,TUNDLA,95,8,BABLU SINGH,Aam Aadmi Party,401,4
2022,Assembly,UP,TUNDLA,95,9,MAN IRATNAM GAUTAM,Peoples Party of India (Democratic),507,0
2022,Assembly,UP,TUNDLA,95,10,YATENDRA KUMAR,Vikassheel Insaan Party,2167,1
2022,Assembly,UP,TUNDLA,95,11,SATIHS KUMAR KAMAL,Bharatiya Kisan Parivartan Party,584,1
2022,Assembly,UP,TUNDLA,95,12,ANIL SINGH,Independent,288,0
2022,Assembly,UP,TUNDLA,95,13,SATYENDRA KUMAR,Independent,1304,0
2022,Assembly,UP,TUNDLA,95,14,NOTA,None of the Above,1109,1
2022,Assembly,UP,KISHNI,109,1,PRABHU DAYAL,Bahujan Samaj Party,16674,81
2022,Assembly,UP,KISHNI,109,2,DR. PRIYA RANJAN ASHU DIWAKAR,Bharatiya Janata Party,77720,199
2022,Assembly,UP,KISHNI,109,3,ENG. BRAJESH KATHERIYA,Samajwadi Party,96491,579
2022,Assembly,UP,KISHNI,109,4,DR. VIJAY NARAIN SINGH ASST. PROFESSOR,Indian National Congress,1563,7
2022,Assembly,UP,KISHNI,109,5,PAPPU,Aam Aadmi Party,795,4
2022,Assembly,UP,KISHNI,109,6,RAMANAND,Independent,497,0
2022,Assembly,UP,KISHNI,109,7,NOTA,None of the Above,1185,0
2022,Assembly,UP,DADRAUL,136,1,Chandraketu Maurya,Bahujan Samaj Party,21636,35
2022,Assembly,UP,DADRAUL,136,2,Tanveer Khan,Indian National Congress,1436,0
2022,Assembly,UP,DADRAUL,136,3,MANVENDRA SINGH,Bharatiya Janata Party,100800,157
2022,Assembly,UP,DADRAUL,136,4,Rajesh Kumar Verma,Samajwadi Party,90986,270
2022,Assembly,UP,DADRAUL,136,5,Jitendra Pal Singh,Lok Janshakti Party(Ram Vilas),668,0
2022,Assembly,UP,DADRAUL,136,6,Nirmala Gupta,Shiv Sena,317,0
2022,Assembly,UP,DADRAUL,136,7,Pradeep Kumar Singh,Jan Adhikar Party,735,0
2022,Assembly,UP,DADRAUL,136,8,Pradeep Singh,Rashtriya Samaj Paksha,246,0
2022,Assembly,UP,DADRAUL,136,9,MUKESH,Rashtriya mahan Gantantra Party,373,1
2022,Assembly,UP,DADRAUL,136,10,Rajeev Singh,Aam Aadmi Party,714,2
2022,Assembly,UP,DADRAUL,136,11,Surpati,Voters Party  International,780,1
2022,Assembly,UP,DADRAUL,136,12,Akhilesh Kumar,Independent,2013,1
2022,Assembly,UP,DADRAUL,136,13,Anil Kumar Bharti,Independent,1470,0
2022,Assembly,UP,DADRAUL,136,14,RAM RAHISH,Independent,420,1
2022,Assembly,UP,DADRAUL,136,15,NOTA,None of the Above,992,1
2022,Assembly,UP,SADAR,189,1,ABHISHEK SINGH RANA,Indian National Congress,4125,8
2022,Assembly,UP,SADAR,189,2,ARUN VERMA,Samajwadi Party,69022,473
2022,Assembly,UP,SADAR,189,3,OM PRAKASH SINGH (O.P. SINGH),Bahujan Samaj Party,39827,93
2022,Assembly,UP,SADAR,189,4,RAJ PRASAD UPADHYAY,Bharatiya Janata Party,85011,238
2022,Assembly,UP,SADAR,189,5,ANIL KUMAR,Most Backward Classes Of India,1443,0
2022,Assembly,UP,SADAR,189,6,ANEES AHMAD,Aazad Samaj Party (Kanshi Ram),1088,0
2022,Assembly,UP,SADAR,189,7,BRIJESH KUMAR,Aam Aadmi Party,726,3
2022,Assembly,UP,SADAR,189,8,NOTA,None of the Above,1439,0
2022,Assembly,UP,RANIGANJ,250,1,AJAY YADAV,Bahujan Samaj Party,21301,110
2022,Assembly,UP,RANIGANJ,250,2,ABDUL WAHID,Indian National Congress,1079,6
2022,Assembly,UP,RANIGANJ,250,3,ABHAY KUMAR ALIAS DHIRAJ OJHA,Bharatiya Janata Party,72571,363
2022,Assembly,UP,RANIGANJ,250,4,RAKESH KUMAR VERMA ALIAS DR. R. K. VERMA,Samajwadi Party,74940,643
2022,Assembly,UP,RANIGANJ,250,5,ANIL KUMAR,All India Majlis-E-Ittehadul Muslimeen,11719,29
2022,Assembly,UP,RANIGANJ,250,6,ANURAG MISHRA,Aam Aadmi Party,684,8
2022,Assembly,UP,RANIGANJ,250,7,DHARMENDRA KUMAR,Aazad Samaj Party (Kanshi Ram),564,0
2022,Assembly,UP,RANIGANJ,250,8,BRIJLAL,Bahujan Mukti Party,304,2
2022,Assembly,UP,RANIGANJ,250,9,RAMFER PANDEY,Meydhaa Party,293,0
2022,Assembly,UP,RANIGANJ,250,10,SATYA PRAKASH,Atal Janshakti Party,528,1
2022,Assembly,UP,RANIGANJ,250,11,SANJAY KUMAR ALIAS SANJAY RAJ PATEL,Janata Dal  (United),525,1
2022,Assembly,UP,RANIGANJ,250,12,HARISHANKAR PRAJAPATI,Bharatrashtra Democratic Party,678,1
2022,Assembly,UP,RANIGANJ,250,13,RAJESH KUMAR,Independent,745,1
2022,Assembly,UP,RANIGANJ,250,14,LAL BAHADUR,Independent,480,0
2022,Assembly,UP,RANIGANJ,250,15,NOTA,None of the Above,1138,1
2022,Assembly,UP,MAHASI,285,1,KRISHNA KUMAR OJHA,Samajwadi Party,74936,263
2022,Assembly,UP,MAHASI,285,2,DINESH KUMAR SHUKLA,Bahujan Samaj Party,10631,20
2022,Assembly,UP,MAHASI,285,3,DR. RAJESH TIWARI,Indian National Congress,4821,9
2022,Assembly,UP,MAHASI,285,4,SURESHWAR SINGH,Bharatiya Janata Party,117724,159
2022,Assembly,UP,MAHASI,285,5,DILEEP KUMAR,Sarvajan Hitay Party,3282,0
2022,Assembly,UP,MAHASI,285,6,BUDHARAM,Aam Aadmi Party,771,1
2022,Assembly,UP,MAHASI,285,7,LEKHRAJ,Sabka Dal United,519,0
2022,Assembly,UP,MAHASI,285,8,GOPAL,Independent,578,0
2022,Assembly,UP,MAHASI,285,9,NOTA,None of the Above,2264,0
2022,Assembly,UP,KAISERGANJ,288,1,ANAND KUMAR,Samajwadi Party,102759,376
2022,Assembly,UP,KAISERGANJ,288,2,GEETA DEVI,Indian National Congress,1789,1
2022,Assembly,UP,KAISERGANJ,288,3,GAURAV VERMA,Bharatiya Janata Party,95285,139
2022,Assembly,UP,KAISERGANJ,288,4,BAQAULLAH,Bahujan Samaj Party,13817,33
2022,Assembly,UP,KAISERGANJ,288,5,MOHMMAD ASLAM,SOCIAL DEMOCRATIC PARTY OF INDIA,988,0
2022,Assembly,UP,KAISERGANJ,288,6,MO BILAL ANSARI,All India Majlis-E-Ittehadul Muslimeen,4758,4
2022,Assembly,UP,KAISERGANJ,288,7,SRIKANT GUPTA,Rashtriya Bhagidari Party,443,0
2022,Assembly,UP,KAISERGANJ,288,8,MOHD. SALMAN,Aam Aadmi Party,370,0
2022,Assembly,UP,KAISERGANJ,288,9,HAJRATDEEN ANSARI,Jansatta Dal Loktantrik,336,0
2022,Assembly,UP,KAISERGANJ,288,10,HARISHCHANDRA VISHWAKARMA,Moulik Adhikar Party,277,0
2022,Assembly,UP,KAISERGANJ,288,11,BABU LAL,Independent,482,0
2022,Assembly,UP,KAISERGANJ,288,12,MUNNI,Independent,532,0
2022,Assembly,UP,KAISERGANJ,288,13,LALLI RAM,Independent,968,0
2022,Assembly,UP,KAISERGANJ,288,14,VINOD KUMAR,Independent,795,0
2022,Assembly,UP,KAISERGANJ,288,15,NOTA,None of the Above,2464,1
2022,Assembly,UP,BHINGA,289,1,Alimuddin,Bahujan Samaj Party,21469,78
2022,Assembly,UP,BHINGA,289,2,Indrani Devi,Samajwadi Party,103237,424
2022,Assembly,UP,BHINGA,289,3,Gajala Chaudhary,Indian National Congress,3130,1
2022,Assembly,UP,BHINGA,289,4,Padam Sen Chaudhary,Bharatiya Janata Party,89825,262
2022,Assembly,UP,BHINGA,289,5,Aasiya,All India Majlis-E-Ittehadul Muslimeen,4071,2
2022,Assembly,UP,BHINGA,289,6,Prabhakar Pandey,Bahujan Maha Party,730,2
2022,Assembly,UP,BHINGA,289,7,Manoj Kumar Pathak,Lok Janshakti Party(Ram Vilas),522,1
2022,Assembly,UP,BHINGA,289,8,Ram Kishor,Vikassheel Insaan Party,615,0
2022,Assembly,UP,BHINGA,289,9,Ram Rup,Samyak Party,563,2
2022,Assembly,UP,BHINGA,289,10,Sunil Kumar,Aam Aadmi Party,695,0
2022,Assembly,UP,BHINGA,289,11,Jhaloose,Independent,725,1
2022,Assembly,UP,BHINGA,289,12,Moti,Independent,1198,0
2022,Assembly,UP,BHINGA,289,13,NOTA,None of the Above,3550,1
2022,Assembly,UP,GONDA,296,1,MOHD. ZAKI,Bahujan Samaj Party,5725,33
2022,Assembly,UP,GONDA,296,2,PRATEEK BHUSHAN SINGH,Bharatiya Janata Party,96016,512
2022,Assembly,UP,GONDA,296,3,RAMA KASHYAP,Indian National Congress,2695,6
2022,Assembly,UP,GONDA,296,4,SURAJ SINGH,Samajwadi Party,88961,868
2022,Assembly,UP,GONDA,296,5,AJAY KUMAR PRABHAKAR,Aam Aadmi Party,636,4
2022,Assembly,UP,GONDA,296,6,KALPRAM,Lok Janshakti Party(Ram Vilas),190,0
2022,Assembly,UP,GONDA,296,7,JAMAL AHMAD,Republican Sena,245,0
2022,Assembly,UP,GONDA,296,8,SANTOSH KUMAR,Naitik Party,353,0
2022,Assembly,UP,GONDA,296,9,KANHAIYA LAL,Independent,699,2
2022,Assembly,UP,GONDA,296,10,RAZIA BANO,Independent,388,0
2022,Assembly,UP,GONDA,296,11,RAM BHAWAN,Independent,227,0
2022,Assembly,UP,GONDA,296,12,SUNDARI PANDEY,Independent,277,0
2022,Assembly,UP,GONDA,296,13,SURAJ SINGH,Independent,414,1
2022,Assembly,UP,GONDA,296,14,SURYA MANI,Independent,358,0
2022,Assembly,UP,GONDA,296,15,SANJAY KUMAR,Independent,616,0
2022,Assembly,UP,GONDA,296,16,NOTA,None of the Above,980,9
2022,Assembly,UP,KATRA BAZAR,297,1,Tahir Vano,Indian National Congress,2718,1
2022,Assembly,UP,KATRA BAZAR,297,2,Bawan Singh,Bharatiya Janata Party,112080,211
2022,Assembly,UP,KATRA BAZAR,297,3,Baijnath,Samajwadi Party,93465,369
2022,Assembly,UP,KATRA BAZAR,297,4,Vinod Kumar,Bahujan Samaj Party,18182,36
2022,Assembly,UP,KATRA BAZAR,297,5,Vijay Pra,Aam Aadmi Party,725,1
2022,Assembly,UP,KATRA BAZAR,297,6,Umakant,Independent,213,0
2022,Assembly,UP,KATRA BAZAR,297,7,Kapil Dev,Independent,309,0
2022,Assembly,UP,KATRA BAZAR,297,8,Pradeep Kumar,Independent,470,0
2022,Assembly,UP,KATRA BAZAR,297,9,Bhagauti,Independent,567,0
2022,Assembly,UP,KATRA BAZAR,297,10,Retindra Pal Singh,Independent,1098,0
2022,Assembly,UP,KATRA BAZAR,297,11,Renu Devi,Independent,1151,0
2022,Assembly,UP,KATRA BAZAR,297,12,Vivek,Independent,1041,1
2022,Assembly,UP,KATRA BAZAR,297,13,NOTA,None of the Above,2001,3
2022,Assembly,UP,COLONELGANJ,298,1,AJAY,Bharatiya Janata Party,107886,223
2022,Assembly,UP,COLONELGANJ,298,2,TRILOKI NATH TIWARI,Indian National Congress,3750,6
2022,Assembly,UP,COLONELGANJ,298,3,YOGESH PRATAP SINGH URF YOGESH BHAIYA,Samajwadi Party,72251,386
2022,Assembly,UP,COLONELGANJ,298,4,Ranjeet,Bahujan Samaj Party,3753,11
2022,Assembly,UP,COLONELGANJ,298,5,RAM KRIPAL,Jan Adhikar Party,444,0
2022,Assembly,UP,COLONELGANJ,298,6,VISHAL SINGH,Aam Aadmi Party,467,1
2022,Assembly,UP,COLONELGANJ,298,7,ARUN KUMAR SINGH,Independent,283,1
2022,Assembly,UP,COLONELGANJ,298,8,ASHOK SINGH,Independent,585,0
2022,Assembly,UP,COLONELGANJ,298,9,OM PRAKASH,Independent,678,0
2022,Assembly,UP,COLONELGANJ,298,10,NAND KUMAR URF MAGAN KUMAR SINGH,Independent,637,0
2022,Assembly,UP,COLONELGANJ,298,11,NOTA,None of the Above,2399,0
2022,Assembly,UP,TARABGANJ,299,1,TVARITA SINGH,Indian National Congress,2684,0
2022,Assembly,UP,TARABGANJ,299,2,PREM NRAYAN PANDEY,Bharatiya Janata Party,125206,119
2022,Assembly,UP,TARABGANJ,299,3,RAM BHAJAN CHAUBEY,Samajwadi Party,71590,45
2022,Assembly,UP,TARABGANJ,299,4,LALJI,Bahujan Samaj Party,3749,2
2022,Assembly,UP,TARABGANJ,299,5,JASWANT SINGH,Aam Aadmi Party,443,2
2022,Assembly,UP,TARABGANJ,299,6,PRAMOD KUMAR,Samrat Ashok Sena Party,414,0
2022,Assembly,UP,TARABGANJ,299,7,OM PRAKESH,Independent,770,0
2022,Assembly,UP,TARABGANJ,299,8,RAVI KESH,Independent,1333,0
2022,Assembly,UP,TARABGANJ,299,9,SANJAI KUMAR SHUKLA,Independent,905,0
2022,Assembly,UP,TARABGANJ,299,10,SANDEEP KUMAR,Independent,1342,0
2022,Assembly,UP,TARABGANJ,299,11,NOTA,None of the Above,2408,0
2022,Assembly,UP,MANKAPUR,300,1,Ramapati Shastri,Bharatiya Janata Party,105428,249
2022,Assembly,UP,MANKAPUR,300,2,Ramesh Chandra,Samajwadi Party,62812,516
2022,Assembly,UP,MANKAPUR,300,3,Shyam Narayan,Bahujan Samaj Party,6564,15
2022,Assembly,UP,MANKAPUR,300,4,Santosh,Indian National Congress,1198,3
2022,Assembly,UP,MANKAPUR,300,5,Kusuma,Bharatiya Subhash Sena,372,1
2022,Assembly,UP,MANKAPUR,300,6,Chander Mani Kumar,Peoples Party of India (Democratic),865,1
2022,Assembly,UP,MANKAPUR,300,7,Jai Ram Suman,Aam Aadmi Party,429,2
2022,Assembly,UP,MANKAPUR,300,8,Alakhram,Independent,533,0
2022,Assembly,UP,MANKAPUR,300,9,Ram Jiyawan,Independent,379,0
2022,Assembly,UP,MANKAPUR,300,10,Ram Narayan,Independent,721,0
2022,Assembly,UP,MANKAPUR,300,11,Santosh,Independent,813,0
2022,Assembly,UP,MANKAPUR,300,12,NOTA,None of the Above,2290,1
2022,Assembly,UP,GAURA,301,1,Nigar Fatma,Bahujan Samaj Party,10997,19
2022,Assembly,UP,GAURA,301,2,Prabhat Kumar Verma,Bharatiya Janata Party,73377,168
2022,Assembly,UP,GAURA,301,3,Ram Pratap Singh,Indian National Congress,31496,93
2022,Assembly,UP,GAURA,301,4,Sanjay Kumar,Samajwadi Party,50138,433
2022,Assembly,UP,GAURA,301,5,Ram Vilas,Jan Adhikar Party,934,0
2022,Assembly,UP,GAURA,301,6,Vijay Prakash,Shiv Sena,560,1
2022,Assembly,UP,GAURA,301,7,Shaym Narayan,Jansatta Dal Loktantrik,333,0
2022,Assembly,UP,GAURA,301,8,Sanjay Kumar Pathak,Aam Aadmi Party,363,1
2022,Assembly,UP,GAURA,301,9,Pramod Kumar,Independent,422,0
2022,Assembly,UP,GAURA,301,10,Shiv Kumar,Independent,1078,0
2022,Assembly,UP,GAURA,301,11,Shiv Baran,Independent,783,0
2022,Assembly,UP,GAURA,301,12,NOTA,None of the Above,1358,3
2022,Assembly,UP,SHOHRATGARH,302,1,CHAUDHARY RAVINDRA PRATAP,Indian National Congress,20154,88
2022,Assembly,UP,SHOHRATGARH,302,2,RADHARAMAN TRIPATHI,Bahujan Samaj Party,22099,201
2022,Assembly,UP,SHOHRATGARH,302,3,AMAR SINGH CHAUDHARY,Aazad Samaj Party (Kanshi Ram),13031,49
2022,Assembly,UP,SHOHRATGARH,302,4,OMPRAKASH,Janata Dal  (United),1679,5
2022,Assembly,UP,SHOHRATGARH,302,5,JILAJEET,Nationalist Janshakti Party,1016,0
2022,Assembly,UP,SHOHRATGARH,302,6,PREM CHANDRA,Suheldev Bharatiya Samaj Party,46340,259
2022,Assembly,UP,SHOHRATGARH,302,7,Vidhyanand alias Vidyanand,Bahujan Maha Party,2025,0
2022,Assembly,UP,SHOHRATGARH,302,8,VINAY VERMA,Apna Dal (Soneylal),70900,162
2022,Assembly,UP,SHOHRATGARH,302,9,BAXI SHARAD KUMAR SRIVASTAVA,Aam Aadmi Party,1778,4
2022,Assembly,UP,SHOHRATGARH,302,10,DIVAKAR VIKRAM SINGH,Independent,1140,3
2022,Assembly,UP,SHOHRATGARH,302,11,SHIV SAGAR,Independent,1479,0
2022,Assembly,UP,SHOHRATGARH,302,12,Dr. Mohd. SARFARAZ ANSARI,Independent,5344,7
2022,Assembly,UP,SHOHRATGARH,302,13,NOTA,None of the Above,1948,2
2022,Assembly,UP,KAPILVASTU,303,1,KANHAIYA PRASAD,Bahujan Samaj Party,26416,246
2022,Assembly,UP,KAPILVASTU,303,2,DEVENDRA KUMAR GUDDU,Indian National Congress,2469,15
2022,Assembly,UP,KAPILVASTU,303,3,VIJAY KUMAR,Samajwadi Party,91160,841
2022,Assembly,UP,KAPILVASTU,303,4,SHYAMDHANI RAHI,Bharatiya Janata Party,122466,474
2022,Assembly,UP,KAPILVASTU,303,5,BHAGGAN,Sabka Dal United,2697,1
2022,Assembly,UP,KAPILVASTU,303,6,BHALU ALIAS  SANJAY,Samajhdar Party,510,0
2022,Assembly,UP,KAPILVASTU,303,7,MAHESH KUMAR RAO,Aam Aadmi Party,527,2
2022,Assembly,UP,KAPILVASTU,303,8,SHAMBHOO PRASAD,Bahujan Mukti Party,614,3
2022,Assembly,UP,KAPILVASTU,303,9,SANJAY KUMAR,Bahujan Maha Party,766,0
2022,Assembly,UP,KAPILVASTU,303,10,PINGAL PRASAD,Independent,867,3
2022,Assembly,UP,KAPILVASTU,303,11,NOTA,None of the Above,2278,1
2022,Assembly,UP,BANSI,304,1,Kiran Shukla,Indian National Congress,2930,1
2022,Assembly,UP,BANSI,304,2,Jai Pratap Singh,Bharatiya Janata Party,84532,64
2022,Assembly,UP,BANSI,304,3,Naveen,Samajwadi Party,64185,71
2022,Assembly,UP,BANSI,304,4,Radheshyam,Bahujan Samaj Party,22069,2
2022,Assembly,UP,BANSI,304,5,Dinesh,Bharatiya Eklavya Party,818,0
2022,Assembly,UP,BANSI,304,6,Pradeep Kumar,Aam Aadmi Party,2080,0
2022,Assembly,UP,BANSI,304,7,Roonamati,Abhay Samaj Party,645,0
2022,Assembly,UP,BANSI,304,8,Shakuntala,Sabka Dal United,4048,1
2022,Assembly,UP,BANSI,304,9,Saimuhammad,All India Majlis-E-Ittehadul Muslimeen,3443,0
2022,Assembly,UP,BANSI,304,10,Hari Shankar,Bahujan Maha Party,545,0
2022,Assembly,UP,BANSI,304,11,Fakhruddin,Independent,704,0
2022,Assembly,UP,BANSI,304,12,Serveshwer Tripathi,Independent,1018,0
2022,Assembly,UP,BANSI,304,13,NOTA,None of the Above,1598,0
2022,Assembly,UP,ITWA,305,1,ARSHAD KHURSHEED,Indian National Congress,10313,13
2022,Assembly,UP,ITWA,305,2,MATA PRASAD PANDEY,Samajwadi Party,63871,382
2022,Assembly,UP,ITWA,305,3,SATISH CHANDRA,Bharatiya Janata Party,62456,135
2022,Assembly,UP,ITWA,305,4,HARI SHANKAR SINGH,Bahujan Samaj Party,24829,115
2022,Assembly,UP,ITWA,305,5,AMIT KUMAR MISHRA,Peace Party,971,0
2022,Assembly,UP,ITWA,305,6,KARAM HUSSAIN,Aam Aadmi Party,418,0
2022,Assembly,UP,ITWA,305,7,RAMESH KUMAR GAUTAM,Jan Adhikar Party,535,1
2022,Assembly,UP,ITWA,305,8,RAM PRAKASH,Bahujan Mukti Party,760,1
2022,Assembly,UP,ITWA,305,9,RAM SINGH MANAI,Independent,765,0
2022,Assembly,UP,ITWA,305,10,NOTA,None of the Above,1135,0
2022,Assembly,UP,DOMARIYAGANJ,306,1,ASHOK KUMAR TEWARI,Bahujan Samaj Party,20246,170
2022,Assembly,UP,DOMARIYAGANJ,306,2,KANTI,Indian National Congress,2446,7
2022,Assembly,UP,DOMARIYAGANJ,306,3,RAGHVENDRA PRATAP SINGH,Bharatiya Janata Party,84095,232
2022,Assembly,UP,DOMARIYAGANJ,306,4,SAIYADA KHATOON,Samajwadi Party,84586,512
2022,Assembly,UP,DOMARIYAGANJ,306,5,ABDUL HANNAN CHAUDHARY,Republican Bahujan Sena,826,1
2022,Assembly,UP,DOMARIYAGANJ,306,6,Er. QAZI IMRAN LATEEF,Aam Aadmi Party,411,2
2022,Assembly,UP,DOMARIYAGANJ,306,7,IRFAN AHMAD MALIK,All India Majlis-E-Ittehadul Muslimeen,4325,27
2022,Assembly,UP,DOMARIYAGANJ,306,8,PAWAN KUMAR,Janata Dal  (United),541,1
2022,Assembly,UP,DOMARIYAGANJ,306,9,SHAILENDRA URF RAJU SRIVASTAV,Shiv Sena,3698,4
2022,Assembly,UP,DOMARIYAGANJ,306,10,SAILENDRA KUMAR,Bahujan Maha Party,398,0
2022,Assembly,UP,DOMARIYAGANJ,306,11,RAJESH KUMAR AGRAHARI,Independent,1236,0
2022,Assembly,UP,DOMARIYAGANJ,306,12,RAM UGRH,Independent,978,2
2022,Assembly,UP,DOMARIYAGANJ,306,13,SHIV KUMAR,Independent,718,0
2022,Assembly,UP,DOMARIYAGANJ,306,14,NOTA,None of the Above,1123,1
2022,Assembly,UP,HARRAIYA,307,1,AJAY SINGH,Bharatiya Janata Party,87931,269
2022,Assembly,UP,HARRAIYA,307,2,TARAYAMBAK NATH,Samajwadi Party,69017,854
2022,Assembly,UP,HARRAIYA,307,3,RAJ KISHOR SINGH,Bahujan Samaj Party,55440,257
2022,Assembly,UP,HARRAIYA,307,4,LABONI SINGH,Indian National Congress,2001,7
2022,Assembly,UP,HARRAIYA,307,5,DEEP KUMAR,Vikassheel Insaan Party,1341,1
2022,Assembly,UP,HARRAIYA,307,6,SURESH KUMAR SINGH,Aam Aadmi Party,428,1
2022,Assembly,UP,HARRAIYA,307,7,ADYA SHARAN CHAUDHARY,Independent,430,4
2022,Assembly,UP,HARRAIYA,307,8,CHANDRAMANI (SUDAMA JI),Independent,1045,1
2022,Assembly,UP,HARRAIYA,307,9,SHRAVAN KUMAR,Independent,603,0
2022,Assembly,UP,HARRAIYA,307,10,NOTA,None of the Above,1703,1
2022,Assembly,UP,KAPTANGANJ,308,1,AMBIKA SINGH,Indian National Congress,3513,14
2022,Assembly,UP,KAPTANGANJ,308,2,KAVINDRA CHAUDHARY,Samajwadi Party,93021,1252
2022,Assembly,UP,KAPTANGANJ,308,3,CHANDRA PRAKASH SHUKLA,Bharatiya Janata Party,69768,326
2022,Assembly,UP,KAPTANGANJ,308,4,ZAHEER AHMAD,Bahujan Samaj Party,40109,272
2022,Assembly,UP,KAPTANGANJ,308,5,OM PRAKASH,Atal Janshakti Party,882,1
2022,Assembly,UP,KAPTANGANJ,308,6,LAXMAN,Log Party,444,0
2022,Assembly,UP,KAPTANGANJ,308,7,SUNIL,Jan Adhikar Party,941,2
2022,Assembly,UP,KAPTANGANJ,308,8,SANJAY KUMAR,Aam Aadmi Party,574,0
2022,Assembly,UP,KAPTANGANJ,308,9,HRIDAYRAM,Bahujan Mukti Party,342,4
2022,Assembly,UP,KAPTANGANJ,308,10,KAPIL DEV,Independent,477,1
2022,Assembly,UP,KAPTANGANJ,308,11,DIGVIJAY SINGH,Independent,1710,4
2022,Assembly,UP,KAPTANGANJ,308,12,RAM JI,Independent,1045,2
2022,Assembly,UP,KAPTANGANJ,308,13,NOTA,None of the Above,1220,1
2022,Assembly,UP,RUDHAULI,309,1,Ashok Kumar,Bahujan Samaj Party,37361,257
2022,Assembly,UP,RUDHAULI,309,2,Basant Chaudhary,Indian National Congress,4439,12
2022,Assembly,UP,RUDHAULI,309,3,Rajendra Prasad Chaudhary,Samajwadi Party,85286,1074
2022,Assembly,UP,RUDHAULI,309,4,Sangeeta Devi Urf Sangeeta Pratap Jaiswal,Bharatiya Janata Party,70872,262
2022,Assembly,UP,RUDHAULI,309,5,Mohd. Kayoom,Atal Janshakti Party,1461,0
2022,Assembly,UP,RUDHAULI,309,6,Jai Govind Pandey,Akhil Bharatiya Socialist Party,949,4
2022,Assembly,UP,RUDHAULI,309,7,Nihaluddin,All India Majlis-E-Ittehadul Muslimeen,3231,7
2022,Assembly,UP,RUDHAULI,309,8,Neelam,Log Party,432,0
2022,Assembly,UP,RUDHAULI,309,9,Pushkaraditya  Singh,Aam Aadmi Party,24367,96
2022,Assembly,UP,RUDHAULI,309,10,Mahfooj Ali,Peace Party,660,2
2022,Assembly,UP,RUDHAULI,309,11,Ajay Pratap,Independent,534,2
2022,Assembly,UP,RUDHAULI,309,12,Prem Kumar,Independent,706,1
2022,Assembly,UP,RUDHAULI,309,13,Laxmikant Bhatt,Independent,866,0
2022,Assembly,UP,RUDHAULI,309,14,Sunil Kumar,Independent,510,0
2022,Assembly,UP,RUDHAULI,309,15,NOTA,None of the Above,1136,4
2022,Assembly,UP,BASTI SADAR,310,1,Alok Ranjan Verma,Bahujan Samaj Party,36177,252
2022,Assembly,UP,BASTI SADAR,310,2,Dayaram Chaudhary,Bharatiya Janata Party,83806,444
2022,Assembly,UP,BASTI SADAR,310,3,DEVENDRA KUMAR SRIVASTAVA,Indian National Congress,4071,34
2022,Assembly,UP,BASTI SADAR,310,4,Pradeep Kumar,Bahujan Mukti Party,264,2
2022,Assembly,UP,BASTI SADAR,310,5,Ramesh Kumar Singh,Aam Aadmi Party,502,4
2022,Assembly,UP,BASTI SADAR,310,6,Ram Prasad,Janhit Kisan Party,444,1
2022,Assembly,UP,BASTI SADAR,310,7,Mahendra Nath Yadav,Samajwadi Party,84655,1374
2022,Assembly,UP,BASTI SADAR,310,8,Babita,Independent,612,0
2022,Assembly,UP,BASTI SADAR,310,9,Ambrish Dev Gupta 'Sonu',Bharat Mahaparivar Party,1180,0
2022,Assembly,UP,BASTI SADAR,310,10,Gyan Prakash Tripathi,Atal Janshakti Party,534,3
2022,Assembly,UP,BASTI SADAR,310,11,Arbabul Haq,Aazad Samaj Party (Kanshi Ram),413,1
2022,Assembly,UP,BASTI SADAR,310,12,NOTA,None of the Above,1312,8
2022,Assembly,UP,MAHADEWA,311,1,Brijesh Kumar,Indian National Congress,2238,17
2022,Assembly,UP,MAHADEWA,311,2,Ravi,Bharatiya Janata Party,77506,349
2022,Assembly,UP,MAHADEWA,311,3,LAXMI CHANDRA KHARVAR,Bahujan Samaj Party,40003,204
2022,Assembly,UP,MAHADEWA,311,4,Dudhram,Suheldev Bharatiya Samaj Party,82316,1034
2022,Assembly,UP,MAHADEWA,311,5,PURNIMA,Jan Adhikar Party,2905,2
2022,Assembly,UP,MAHADEWA,311,6,Ram Karan,Bahujan Mukti Party,903,2
2022,Assembly,UP,MAHADEWA,311,7,SURESH,Aam Aadmi Party,1177,6
2022,Assembly,UP,MAHADEWA,311,8,Vijay Vikram,Independent,940,3
2022,Assembly,UP,MAHADEWA,311,9,NOTA,None of the Above,1580,2
2022,Assembly,UP,MENHDAWAL,312,1,JAY CHAND,Samajwadi Party,84150,820
2022,Assembly,UP,MENHDAWAL,312,2,MUHAMMAD TABISH KHAN,Bahujan Samaj Party,50301,253
2022,Assembly,UP,MENHDAWAL,312,3,RAFIQUA KHATOON,Indian National Congress,2365,5
2022,Assembly,UP,MENHDAWAL,312,4,AKHILESH,Aam Aadmi Party,1340,6
2022,Assembly,UP,MENHDAWAL,312,5,ANIL KUMAR TRIPATHI,Nirbal Indian Shoshit Hamara Aam Dal,89984,209
2022,Assembly,UP,MENHDAWAL,312,6,UDAYRAJ,Bahujan Mukti Party,1369,2
2022,Assembly,UP,MENHDAWAL,312,7,ZALALUDDIN,Jan Adhikar Party,518,0
2022,Assembly,UP,MENHDAWAL,312,8,BRIJESH KUMAR,Sarvjan Awaz Party,843,1
2022,Assembly,UP,MENHDAWAL,312,9,MEENU SINGH,Peace Party,1409,2
2022,Assembly,UP,MENHDAWAL,312,10,SHAKTI PRASAD,Lok Shakti,1789,2
2022,Assembly,UP,MENHDAWAL,312,11,SURENDRA MOHAN,Vikassheel Insaan Party,2435,5
2022,Assembly,UP,MENHDAWAL,312,12,RAMKRISHNA,Independent,1096,0
2022,Assembly,UP,MENHDAWAL,312,13,SHANKAR,Independent,1268,0
2022,Assembly,UP,MENHDAWAL,312,14,NOTA,None of the Above,2055,3
2022,Assembly,UP,KHALILABAD,313,1,AMRENDRA BHUSHAN,Indian National Congress,1605,5
2022,Assembly,UP,KHALILABAD,313,2,AFTAB ALAM,Bahujan Samaj Party,58036,332
2022,Assembly,UP,KHALILABAD,313,3,ANKUR TIWARI,Bharatiya Janata Party,75833,253
2022,Assembly,UP,KHALILABAD,313,4,DIGVIJAY NARAYAN,Samajwadi Party,62703,761
2022,Assembly,UP,KHALILABAD,313,5,DR MOHAMMAD AYUB,Peace Party,19350,14
2022,Assembly,UP,KHALILABAD,313,6,GIRIJA SHANKER,Rashtriya Bhagidari Party,1504,3
2022,Assembly,UP,KHALILABAD,313,7,MOHAMMAD ALI,Indian National League,690,0
2022,Assembly,UP,KHALILABAD,313,8,SUBODH CHANDRA,Aam Aadmi Party,25123,124
2022,Assembly,UP,KHALILABAD,313,9,AKHILESH,Independent,485,1
2022,Assembly,UP,KHALILABAD,313,10,IFTEKHAR AHMAD,Independent,340,0
2022,Assembly,UP,KHALILABAD,313,11,NIYAZ,Independent,486,3
2022,Assembly,UP,KHALILABAD,313,12,RAVINDRA KUMAR YADAV,Independent,922,0
2022,Assembly,UP,KHALILABAD,313,13,SHYAMLAL,Independent,795,0
2022,Assembly,UP,KHALILABAD,313,14,NOTA,None of the Above,1256,3
2022,Assembly,UP,DHANGHATA,314,1,GANESH CHANDRA,Bharatiya Janata Party,83013,228
2022,Assembly,UP,DHANGHATA,314,2,SHANTI DEVI,Indian National Congress,1965,6
2022,Assembly,UP,DHANGHATA,314,3,SANTOSH,Bahujan Samaj Party,40535,158
2022,Assembly,UP,DHANGHATA,314,4,AMRIT KUMAR,Vikassheel Insaan Party,2265,1
2022,Assembly,UP,DHANGHATA,314,5,ALAGU PRASAD,Suheldev Bharatiya Samaj Party,71965,723
2022,Assembly,UP,DHANGHATA,314,6,KUSUM,Sarvjan Awaz Party,751,0
2022,Assembly,UP,DHANGHATA,314,7,GIRAJESH,Aam Aadmi Party,804,6
2022,Assembly,UP,DHANGHATA,314,8,NARENDRA DEV,Jan Adhikar Party,3958,2
2022,Assembly,UP,DHANGHATA,314,9,BHAJURARAM URF BHAJURAM,Independent,1123,0
2022,Assembly,UP,DHANGHATA,314,10,YASHAVANT,Independent,5424,9
2022,Assembly,UP,DHANGHATA,314,11,LAUTAN PRASAD,Shoshit Samaj Dal,831,0
2022,Assembly,UP,DHANGHATA,314,12,HARILAL,Independent,539,1
2022,Assembly,UP,DHANGHATA,314,13,NOTA,None of the Above,1914,1
2022,Assembly,UP,PHARENDA,315,1,Ishoo Chaurasiya,Bahujan Samaj Party,21545,120
2022,Assembly,UP,PHARENDA,315,2,Bajrang Bahadur Singh,Bharatiya Janata Party,83668,267
2022,Assembly,UP,PHARENDA,315,3,Virendra Chaudhary,Indian National Congress,84755,426
2022,Assembly,UP,PHARENDA,315,4,Shankhlal,Samajwadi Party,16130,327
2022,Assembly,UP,PHARENDA,315,5,Jaili,Aam Janta Party (India),514,0
2022,Assembly,UP,PHARENDA,315,6,RAVI PRAKASH VISHWAKARMA,Lok Samaj Party,463,1
2022,Assembly,UP,PHARENDA,315,7,Rajan,Aam Aadmi Party,437,0
2022,Assembly,UP,PHARENDA,315,8,Suryaprakash,Akhil Bharatiya Socialist Party,720,0
2022,Assembly,UP,PHARENDA,315,9,Ashutosh,Independent,633,0
2022,Assembly,UP,PHARENDA,315,10,NOTA,None of the Above,1484,0
2022,Assembly,UP,NAUTANWA,316,1,AMAN MANI TRIPATHI,Bahujan Samaj Party,45963,165
2022,Assembly,UP,NAUTANWA,316,2,KUNWAR KAUSHAL SINGH,Samajwadi Party,74252,680
2022,Assembly,UP,NAUTANWA,316,3,SADA MOHAN,Indian National Congress,5051,20
2022,Assembly,UP,NAUTANWA,316,4,RISHI,Nirbal Indian Shoshit Hamara Aam Dal,90122,141
2022,Assembly,UP,NAUTANWA,316,5,NAGENDRA PRASAD,Jan Adhikar Party,3150,2
2022,Assembly,UP,NAUTANWA,316,6,PASHUPATI,Aam Janta Party (India),661,0
2022,Assembly,UP,NAUTANWA,316,7,BECHAN,Aam Aadmi Party,717,2
2022,Assembly,UP,NAUTANWA,316,8,VEERENDRA,Independent,871,1
2022,Assembly,UP,NAUTANWA,316,9,SHEWETA SINGH,Independent,814,3
2022,Assembly,UP,NAUTANWA,316,10,SONU SINGH,Independent,785,2
2022,Assembly,UP,NAUTANWA,316,11,NOTA,None of the Above,2060,1
2022,Assembly,UP,SISWA,317,1,Dhirendra Pratap Singh,Bahujan Samaj Party,33376,122
2022,Assembly,UP,SISWA,317,2,Premsagar Patel,Bharatiya Janata Party,127396,277
2022,Assembly,UP,SISWA,317,3,Raju Kumar Gupta,Indian National Congress,4244,16
2022,Assembly,UP,SISWA,317,4,Sushil Kumar Tibrewal,Samajwadi Party,64140,802
2022,Assembly,UP,SISWA,317,5,Gautam Lal Srivastva,Loktantrik Janta Dal,929,1
2022,Assembly,UP,SISWA,317,6,Deenanath,Vikassheel Insaan Party,323,0
2022,Assembly,UP,SISWA,317,7,Deepak Srivastava,Aam Janta Party (India),341,0
2022,Assembly,UP,SISWA,317,8,Rama Kumar,Aam Aadmi Party,518,3
2022,Assembly,UP,SISWA,317,9,Ajay Kumar Srivastava,Independent,10676,51
2022,Assembly,UP,SISWA,317,10,Rakesh Kumar Mishra,Independent,7489,23
2022,Assembly,UP,SISWA,317,11,Laldhari,Independent,957,0
2022,Assembly,UP,SISWA,317,12,Harishchandr,Independent,1445,1
2022,Assembly,UP,SISWA,317,13,NOTA,None of the Above,1948,1
2022,Assembly,UP,MAHARAJGANJ,318,1,ALOK PRASAD,Indian National Congress,5841,24
2022,Assembly,UP,MAHARAJGANJ,318,2,OMPRAKASH,Bahujan Samaj Party,20354,112
2022,Assembly,UP,MAHARAJGANJ,318,3,JAY MANGAL,Bharatiya Janata Party,135646,425
2022,Assembly,UP,MAHARAJGANJ,318,4,RAMKEVAL,Communist Party of India,2814,0
2022,Assembly,UP,MAHARAJGANJ,318,5,AMARNATH,Aam Aadmi Party,1520,1
2022,Assembly,UP,MAHARAJGANJ,318,6,GEETA RATNA,Suheldev Bharatiya Samaj Party,21750,645
2022,Assembly,UP,MAHARAJGANJ,318,7,JITENDRA,All India Majlis-E-Ittehadul Muslimeen,7744,7
2022,Assembly,UP,MAHARAJGANJ,318,8,MANOJ KUMAR,Aam Janta Party (India),677,0
2022,Assembly,UP,MAHARAJGANJ,318,9,VIRENDAR,Lok Jan Shakti Party,766,2
2022,Assembly,UP,MAHARAJGANJ,318,10,SHAILENDAR,Bahujan Mukti Party,1053,1
2022,Assembly,UP,MAHARAJGANJ,318,11,AWADHESH,Independent,1274,0
2022,Assembly,UP,MAHARAJGANJ,318,12,NIRMESH MANGAL,Independent,58846,322
2022,Assembly,UP,MAHARAJGANJ,318,13,NOTA,None of the Above,2840,8
2022,Assembly,UP,PANIYRA,319,1,Omprakash Chaurasia,Bahujan Samaj Party,34680,149
2022,Assembly,UP,PANIYRA,319,2,KRISHNABHAN,Samajwadi Party,73276,759
2022,Assembly,UP,PANIYRA,319,3,SHARDENDU KUMAR PANDEY,Indian National Congress,2980,12
2022,Assembly,UP,PANIYRA,319,4,GYANENDRA SINGH,Bharatiya Janata Party,135074,389
2022,Assembly,UP,PANIYRA,319,5,AWDHESH SINGH SAITHWAR,Aam Aadmi Party,1563,5
2022,Assembly,UP,PANIYRA,319,6,RAMCHANDRA,Aam Janta Party (India),263,4
2022,Assembly,UP,PANIYRA,319,7,SHATRUDHAN SINGH NISHAD,Abhay Samaj Party,601,5
2022,Assembly,UP,PANIYRA,319,8,SHAMSHAD AALAM,All India Majlis-E-Ittehadul Muslimeen,3453,4
2022,Assembly,UP,PANIYRA,319,9,SURESH CHAND,Bharatiya Apna Samaj Party,301,2
2022,Assembly,UP,PANIYRA,319,10,AJAY KUMAR DWIVEDI,Independent,381,1
2022,Assembly,UP,PANIYRA,319,11,CHHEDI MAJDOOR,Independent,394,1
2022,Assembly,UP,PANIYRA,319,12,PRAFULL,Independent,1632,0
2022,Assembly,UP,PANIYRA,319,13,PRAVEEN,Independent,1340,3
2022,Assembly,UP,PANIYRA,319,14,HARINARAYAN,Independent,1101,0
2022,Assembly,UP,PANIYRA,319,15,NOTA,None of the Above,1557,1
2022,Assembly,UP,CAIMPIYARGANJ,320,1,ATAL BIHARI SINGH,Communist Party of India,1630,2
2022,Assembly,UP,CAIMPIYARGANJ,320,2,KAJAL NISHAD,Samajwadi Party,78636,740
2022,Assembly,UP,CAIMPIYARGANJ,320,3,CHANDRA PRAKASH NISHAD,Bahujan Samaj Party,13096,57
2022,Assembly,UP,CAIMPIYARGANJ,320,4,FATEH BAHADUR,Bharatiya Janata Party,121505,527
2022,Assembly,UP,CAIMPIYARGANJ,320,5,SURENDRA KUMAR NISHAD,Indian National Congress,2588,4
2022,Assembly,UP,CAIMPIYARGANJ,320,6,KAUSHAL KUMAR SINGH,Aam Aadmi Party,378,2
2022,Assembly,UP,CAIMPIYARGANJ,320,7,JATASHANKAR,Jan Adhikar Party,308,1
2022,Assembly,UP,CAIMPIYARGANJ,320,8,MUNIB NISHAD,Bharatiya Eklavya Party,291,2
2022,Assembly,UP,CAIMPIYARGANJ,320,9,VINOD SINGH FAUZI,Bhartiya Kisan Union Samaj Party,633,2
2022,Assembly,UP,CAIMPIYARGANJ,320,10,VINDHYVASINI SINGH NISHAD,Indian National League,883,0
2022,Assembly,UP,CAIMPIYARGANJ,320,11,DHANUSHDHARI KUMAR,Independent,904,0
2022,Assembly,UP,CAIMPIYARGANJ,320,12,NAVIMUHAMAD,Independent,438,0
2022,Assembly,UP,CAIMPIYARGANJ,320,13,RAMPAL,Independent,611,0
2022,Assembly,UP,CAIMPIYARGANJ,320,14,NOTA,None of the Above,1149,6
2022,Assembly,UP,PIPRAICH,321,1,AMRENDRA NISHAD,Samajwadi Party,76007,416
2022,Assembly,UP,PIPRAICH,321,2,DR. ASHISH KUMAR SINGH,Communist Party of India,1237,3
2022,Assembly,UP,PIPRAICH,321,3,DEEPAK KUMAR AGARWAL,Bahujan Samaj Party,30871,83
2022,Assembly,UP,PIPRAICH,321,4,MAHENDRA PAL SINGH,Bharatiya Janata Party,141464,316
2022,Assembly,UP,PIPRAICH,321,5,SUMAN CHAUHAN,Indian National Congress,1967,4
2022,Assembly,UP,PIPRAICH,321,6,AVINASH PRATAP PRAJAPATI,Lokpriya Samaj Party,655,0
2022,Assembly,UP,PIPRAICH,321,7,AMOD KUMAR BHATT,Bharatiya Apna Samaj Party,221,0
2022,Assembly,UP,PIPRAICH,321,8,DHIRENDRA PRATAP JAISWAL,Aam Aadmi Party,329,1
2022,Assembly,UP,PIPRAICH,321,9,NAZIM,Jan Adhikar Party,514,0
2022,Assembly,UP,PIPRAICH,321,10,VIJAY KUMAR BHARTI,Rashtravadi Vikas Party,289,1
2022,Assembly,UP,PIPRAICH,321,11,ARUN KUMAR,Independent,416,0
2022,Assembly,UP,PIPRAICH,321,12,AZAD ALI,Independent,976,0
2022,Assembly,UP,PIPRAICH,321,13,NARENDRA NATH MAURYA,Independent,642,0
2022,Assembly,UP,PIPRAICH,321,14,SUBHASH CHANDRA GUPTA,Independent,716,1
2022,Assembly,UP,PIPRAICH,321,15,NOTA,None of the Above,1309,4
2022,Assembly,UP,GORAKHPUR URBAN,322,1,ADITYANATH,Bharatiya Janata Party,164170,1329
2022,Assembly,UP,GORAKHPUR URBAN,322,2,CHANDRA SHEKHAR,Aazad Samaj Party (Kanshi Ram),7543,97
2022,Assembly,UP,GORAKHPUR URBAN,322,3,AJAI SHANKER SRIVASTAVA,Anarakshit Samaj Party,466,2
2022,Assembly,UP,GORAKHPUR URBAN,322,4,SANT DHARAMVEER CHOTIWALA,Independent,207,0
2022,Assembly,UP,GORAKHPUR URBAN,322,5,RAM DAVAN MAURYA,Right to Recall Party,487,3
2022,Assembly,UP,GORAKHPUR URBAN,322,6,JASKARAN RAJ,Janta Rakshak Party,233,0
2022,Assembly,UP,GORAKHPUR URBAN,322,7,QAZI MOHD. RASHID,Independent,159,0
2022,Assembly,UP,GORAKHPUR URBAN,322,8,SURAJ KUMAR YADAV,Independent,186,1
2022,Assembly,UP,GORAKHPUR URBAN,322,9,Dr.  CHETNA PANDEY,Indian National Congress,2842,38
2022,Assembly,UP,GORAKHPUR URBAN,322,10,VIJAY KUMAR SRIVASTAVA,Aam Aadmi Party,832,21
2022,Assembly,UP,GORAKHPUR URBAN,322,11,KHWAJA SHAMSUDDIN,Bahujan Samaj Party,7940,83
2022,Assembly,UP,GORAKHPUR URBAN,322,12,SUBHAWATI UPENDRA DUTT SHUKLA,Samajwadi Party,60896,1213
2022,Assembly,UP,GORAKHPUR URBAN,322,13,YUVRAJ SHARMA,Bharatiya Jan Jagriti Party,125,0
2022,Assembly,UP,GORAKHPUR URBAN,322,14,NOTA,None of the Above,1187,7
2022,Assembly,UP,GORAKHPUR RURAL,323,1,DARA SINGH NISHAD,Bahujan Samaj Party,15888,94
2022,Assembly,UP,GORAKHPUR RURAL,323,2,DEVENDRA NISHAD MAHARA,Indian National Congress,1477,15
2022,Assembly,UP,GORAKHPUR RURAL,323,3,VIJAY BAHADUR YADAV,Samajwadi Party,101298,1008
2022,Assembly,UP,GORAKHPUR RURAL,323,4,BIPIN SINGH,Bharatiya Janata Party,125860,516
2022,Assembly,UP,GORAKHPUR RURAL,323,5,MOHD. ISLAM,All India Majlis-E-Ittehadul Muslimeen,3512,7
2022,Assembly,UP,GORAKHPUR RURAL,323,6,GAUTAM,Rashtriya mahan Gantantra Party,190,0
2022,Assembly,UP,GORAKHPUR RURAL,323,7,POONAM SINGH,Bharatiya Apna Samaj Party,262,0
2022,Assembly,UP,GORAKHPUR RURAL,323,8,PRAMOD,"Rashtrawadi Party of India,",211,0
2022,Assembly,UP,GORAKHPUR RURAL,323,9,VINAY KUMAR PANDEY ALIAS SWAMI DR. VINAY,Sarvodaya Bharat Party,299,0
2022,Assembly,UP,GORAKHPUR RURAL,323,10,VAIBHAV SHAHI,Aam Aadmi Party,314,5
2022,Assembly,UP,GORAKHPUR RURAL,323,11,DR. SHRINARAYAN VISHWAKARMA,Bahujan Mukti Party,271,3
2022,Assembly,UP,GORAKHPUR RURAL,323,12,HARISEWAK,Moulik Adhikar Party,660,0
2022,Assembly,UP,GORAKHPUR RURAL,323,13,HIFZURRAHMAN AJMAL ANSARI,Peace Party,840,1
2022,Assembly,UP,GORAKHPUR RURAL,323,14,GHANSHYAM NISHAD,Independent,813,0
2022,Assembly,UP,GORAKHPUR RURAL,323,15,BINDU,Independent,268,0
2022,Assembly,UP,GORAKHPUR RURAL,323,16,NOTA,None of the Above,1041,12
2022,Assembly,UP,SAHAJANWA,324,1,PRADEEP SHUKLA,Bharatiya Janata Party,105541,440
2022,Assembly,UP,SAHAJANWA,324,2,MANOJ YADAV,Indian National Congress,3324,14
2022,Assembly,UP,SAHAJANWA,324,3,YASHPAL SINGH RAWAT,Samajwadi Party,61909,666
2022,Assembly,UP,SAHAJANWA,324,4,SUDHiR SINGH,Bahujan Samaj Party,43731,174
2022,Assembly,UP,SAHAJANWA,324,5,PRASHANT RAM TRIPATHI,Lok Janshakti Party(Ram Vilas),568,0
2022,Assembly,UP,SAHAJANWA,324,6,PRAHALAD SINGH,Shiv Sena,298,0
2022,Assembly,UP,SAHAJANWA,324,7,MANOJ KUMAR,Vikassheel Insaan Party,1162,1
2022,Assembly,UP,SAHAJANWA,324,8,RAMAKANT,Bahujan Mukti Party,275,0
2022,Assembly,UP,SAHAJANWA,324,9,RAKESH DUBEY,Bharatiya Apna Samaj Party,539,1
2022,Assembly,UP,SAHAJANWA,324,10,VIJAY ANAND UPADHYAY,Aam Aadmi Party,1376,2
2022,Assembly,UP,SAHAJANWA,324,11,RAKESH SHUKLA,Independent,701,1
2022,Assembly,UP,SAHAJANWA,324,12,SRI KRISHN YADAV,Independent,541,0
2022,Assembly,UP,SAHAJANWA,324,13,SURJEET SINGH,Independent,1616,5
2022,Assembly,UP,SAHAJANWA,324,14,NOTA,None of the Above,1602,2
2022,Assembly,UP,KHAJANI,325,1,RAJANI,Indian National Congress,2180,17
2022,Assembly,UP,KHAJANI,325,2,RUPAWATI BELDAR,Samajwadi Party,52480,629
2022,Assembly,UP,KHAJANI,325,3,VIDYASAGAR,Bahujan Samaj Party,46197,230
2022,Assembly,UP,KHAJANI,325,4,SHRIRAM CHAUHAN,Bharatiya Janata Party,89751,459
2022,Assembly,UP,KHAJANI,325,5,AMITA BHARATI,Bahujan Mukti Party,1271,1
2022,Assembly,UP,KHAJANI,325,6,GAURI SHANKAR,Adim Bhartiya Dal,303,0
2022,Assembly,UP,KHAJANI,325,7,DEENBANDHU,Aam Aadmi Party,675,2
2022,Assembly,UP,KHAJANI,325,8,RAMESH CHANDRA,Jan Adhikar Party,1626,3
2022,Assembly,UP,KHAJANI,325,9,RAJKUMAR,Rashtriya Teesara Vikalp Party,866,0
2022,Assembly,UP,KHAJANI,325,10,RISHIKAPOOR,Independent,685,0
2022,Assembly,UP,KHAJANI,325,11,NOTA,None of the Above,1451,1
2022,Assembly,UP,CHAURI-CHAURA,326,1,JITENDRA,Indian National Congress,1726,15
2022,Assembly,UP,CHAURI-CHAURA,326,2,BRIJESH CHANDRA LAL,Samajwadi Party,50268,563
2022,Assembly,UP,CHAURI-CHAURA,326,3,VIRENDRA,Bahujan Samaj Party,24968,109
2022,Assembly,UP,CHAURI-CHAURA,326,4,SARVAN KUMAR NISHAD,Bharatiya Janata Party,91626,332
2022,Assembly,UP,CHAURI-CHAURA,326,5,AKHILESH,Aam Aadmi Party,1130,6
2022,Assembly,UP,CHAURI-CHAURA,326,6,RAMESH PRASAD,Jan Adhikar Party,1596,1
2022,Assembly,UP,CHAURI-CHAURA,326,7,RAMNATH,Vikassheel Insaan Party,322,0
2022,Assembly,UP,CHAURI-CHAURA,326,8,RAHUL,Satya Bahumat Party,240,0
2022,Assembly,UP,CHAURI-CHAURA,326,9,SONU RAI,Mera Adhikaar Rashtriya Dal,227,1
2022,Assembly,UP,CHAURI-CHAURA,326,10,SANJAY KUMAR SHARMA,Aam Janta Party (India),433,0
2022,Assembly,UP,CHAURI-CHAURA,326,11,AJAY KUMAR SINGH,Independent,29482,100
2022,Assembly,UP,CHAURI-CHAURA,326,12,RAKESH,Independent,814,0
2022,Assembly,UP,CHAURI-CHAURA,326,13,RADHIKA,Independent,779,0
2022,Assembly,UP,CHAURI-CHAURA,326,14,NOTA,None of the Above,1210,4
2022,Assembly,UP,BANSGAON,327,1,POONAM,Indian National Congress,2039,11
2022,Assembly,UP,BANSGAON,327,2,RAMNAYAN AZAD,Bahujan Samaj Party,37017,187
2022,Assembly,UP,BANSGAON,327,3,DR. VIMLESH PASWAN,Bharatiya Janata Party,86730,494
2022,Assembly,UP,BANSGAON,327,4,DR. SANJAY KUMAR,Samajwadi Party,54328,587
2022,Assembly,UP,BANSGAON,327,5,MURLI,"Rashtrawadi Party of India,",649,1
2022,Assembly,UP,BANSGAON,327,6,ROODAL,Jan Adhikar Party,1388,4
2022,Assembly,UP,BANSGAON,327,7,LALVACHAN,Aam Aadmi Party,1054,6
2022,Assembly,UP,BANSGAON,327,8,VIJAY PASWAN,Vikassheel Insaan Party,1436,4
2022,Assembly,UP,BANSGAON,327,9,SHRVAN KUMAR NIRALA,Independent,1144,3
2022,Assembly,UP,BANSGAON,327,10,NOTA,None of the Above,1456,4
2022,Assembly,UP,CHILLUPAR,328,1,RAJENDRA SEHI,Bahujan Samaj Party,45527,202
2022,Assembly,UP,CHILLUPAR,328,2,RAJESH TRIPATHI,Bharatiya Janata Party,96342,435
2022,Assembly,UP,CHILLUPAR,328,3,VINAY SHANKAR,Samajwadi Party,74500,632
2022,Assembly,UP,CHILLUPAR,328,4,SONIYA SHUKLA,Indian National Congress,1373,5
2022,Assembly,UP,CHILLUPAR,328,5,CHINTAMANI PANDEY,Bharatiya Apna Samaj Party,469,1
2022,Assembly,UP,CHILLUPAR,328,6,POONAM GUPTA,Aazad Samaj Party (Kanshi Ram),3087,3
2022,Assembly,UP,CHILLUPAR,328,7,RAVINDRA,Jan Adhikar Party,1664,4
2022,Assembly,UP,CHILLUPAR,328,8,SUBHASH CHANDRA DUBEY,Rashtriya Jantantrik Bharat Vikas Party,787,0
2022,Assembly,UP,CHILLUPAR,328,9,SURAJ KUMAR,Aam Aadmi Party,799,1
2022,Assembly,UP,CHILLUPAR,328,10,NOTA,None of the Above,1951,2
2022,Assembly,UP,KHADDA,329,1,DHANANJAY,Indian National Congress,2258,14
2022,Assembly,UP,KHADDA,329,2,DR. NISAR AHMAD SIDDIQUE,Bahujan Samaj Party,19926,71
2022,Assembly,UP,KHADDA,329,3,MD AKHTAR WASEEM,All India Majlis-E-Ittehadul Muslimeen,16398,21
2022,Assembly,UP,KHADDA,329,4,ASHOK CHAUHAN,Suheldev Bharatiya Samaj Party,20914,212
2022,Assembly,UP,KHADDA,329,5,OM PRAKASH,Vikassheel Insaan Party,1614,2
2022,Assembly,UP,KHADDA,329,6,NAVAL KISHOR,Aam Janta Party (India),940,0
2022,Assembly,UP,KHADDA,329,7,RAJKUMAR,Aam Aadmi Party,1443,3
2022,Assembly,UP,KHADDA,329,8,VIVEKA NAND PANDEY,Nirbal Indian Shoshit Hamara Aam Dal,88099,192
2022,Assembly,UP,KHADDA,329,9,KM POONAM RANI,Independent,1776,1
2022,Assembly,UP,KHADDA,329,10,RAMCHANDRA SINGH,Independent,1262,0
2022,Assembly,UP,KHADDA,329,11,VIJAY PRATAP KUSHWAHA,Independent,46652,188
2022,Assembly,UP,KHADDA,329,12,NOTA,None of the Above,2967,6
2022,Assembly,UP,PADRAUNA,330,1,PAWAN KUMAR UPADHYAY,Bahujan Samaj Party,20887,96
2022,Assembly,UP,PADRAUNA,330,2,MANISH KUMAR URF MANTU,Bharatiya Janata Party,114159,337
2022,Assembly,UP,PADRAUNA,330,3,MD JAHIRUDDIN,Indian National Congress,3331,7
2022,Assembly,UP,PADRAUNA,330,4,VIKRAMA YADAV,Samajwadi Party,71797,691
2022,Assembly,UP,PADRAUNA,330,5,ASHOK KUMAR TIWARI,Subhashwadi Bhartiya Samajwadi Party (Subhas Party),713,4
2022,Assembly,UP,PADRAUNA,330,6,IJHAR,Independent,528,1
2022,Assembly,UP,PADRAUNA,330,7,JAVED KHAN,All India Majlis-E-Ittehadul Muslimeen,7974,2
2022,Assembly,UP,PADRAUNA,330,8,FAKHARE ALAM ANSARI,Independent,565,0
2022,Assembly,UP,PADRAUNA,330,9,RAMESH PRASAD,Aam Janata Party,406,0
2022,Assembly,UP,PADRAUNA,330,10,RAVISHANKAR,Aam Aadmi Party,345,1
2022,Assembly,UP,PADRAUNA,330,11,DR. ABHISHEK TRIPATHI,Independent,331,2
2022,Assembly,UP,PADRAUNA,330,12,AINOODDIN AHMAD WARSI,Independent,422,3
2022,Assembly,UP,PADRAUNA,330,13,ANSHUMAN BANKA,Independent,3020,6
2022,Assembly,UP,PADRAUNA,330,14,MOSAHAB,Independent,1880,0
2022,Assembly,UP,PADRAUNA,330,15,RAJU,Independent,1003,2
2022,Assembly,UP,PADRAUNA,330,16,NOTA,None of the Above,1393,1
2022,Assembly,UP,TAMKUHI RAJ,331,1,AJAY KUMAR LALLU,Indian National Congress,33370,126
2022,Assembly,UP,TAMKUHI RAJ,331,2,ASIM KUMAR,Bharatiya Janata Party,114957,166
2022,Assembly,UP,TAMKUHI RAJ,331,3,UDAY NARAYAN,Samajwadi Party,48426,225
2022,Assembly,UP,TAMKUHI RAJ,331,4,MATIULLAH,Communist Party of India,2234,29
2022,Assembly,UP,TAMKUHI RAJ,331,5,SANJAY,Bahujan Samaj Party,16845,9
2022,Assembly,UP,TAMKUHI RAJ,331,6,KESHAV KUMAR GUPTA,Vikassheel Insaan Party,701,1
2022,Assembly,UP,TAMKUHI RAJ,331,7,MAN SINGH CHAUHAN,Jan Adhikar Party,1612,5
2022,Assembly,UP,TAMKUHI RAJ,331,8,SHRIKANT SINGH,Janata Dal  (United),597,0
2022,Assembly,UP,TAMKUHI RAJ,331,9,SANJAY KUMAR RAI,Aam Aadmi Party,665,3
2022,Assembly,UP,TAMKUHI RAJ,331,10,RAJU GUPTA,Independent,773,1
2022,Assembly,UP,TAMKUHI RAJ,331,11,VISHNU PRABHAKAR MISHRA,Independent,1395,0
2022,Assembly,UP,TAMKUHI RAJ,331,12,HARIKESH,Independent,1955,1
2022,Assembly,UP,TAMKUHI RAJ,331,13,NOTA,None of the Above,2485,0
2022,Assembly,UP,FAZILNAGAR,332,1,Iliyas,Bahujan Samaj Party,28105,132
2022,Assembly,UP,FAZILNAGAR,332,2,Sunil Urf Manoj Singh,Indian National Congress,2314,9
2022,Assembly,UP,FAZILNAGAR,332,3,Surendra Kumar Kushwaha,Bharatiya Janata Party,115733,296
2022,Assembly,UP,FAZILNAGAR,332,4,Swami Prasad Maurya,Samajwadi Party,70153,862
2022,Assembly,UP,FAZILNAGAR,332,5,Vinai Prakash Srivastava,Independent,609,0
2022,Assembly,UP,FAZILNAGAR,332,6,Sarvdev Lal,Jan Adhikar Party,345,1
2022,Assembly,UP,FAZILNAGAR,332,7,Harishchandra Yadav,Aam Aadmi Party,226,6
2022,Assembly,UP,FAZILNAGAR,332,8,Anurag Kumar Srivastava,Independent,243,0
2022,Assembly,UP,FAZILNAGAR,332,9,Nand Lal Gupta Vidrohi,Independent,410,1
2022,Assembly,UP,FAZILNAGAR,332,10,Navratan,Aazad Samaj Party (Kanshi Ram),392,2
2022,Assembly,UP,FAZILNAGAR,332,11,Birja,Bahujan Mukti Party,359,1
2022,Assembly,UP,FAZILNAGAR,332,12,Mariyam Khatoon,Independent,759,0
2022,Assembly,UP,FAZILNAGAR,332,13,Vijay Kumar Pathak,Independent,1338,1
2022,Assembly,UP,FAZILNAGAR,332,14,Saharun Nisha,Independent,1028,0
2022,Assembly,UP,FAZILNAGAR,332,15,NOTA,None of the Above,1511,0
2022,Assembly,UP,KUSHINAGAR,333,1,Panchanand Pathak (P.N. Pathak),Bharatiya Janata Party,114869,399
2022,Assembly,UP,KUSHINAGAR,333,2,Mukeshwar Prasad Urf Pappu Madheshiya,Bahujan Samaj Party,15994,113
2022,Assembly,UP,KUSHINAGAR,333,3,Rajesh Pratap Rao Urf Banti Bhaiya,Samajwadi Party,79619,859
2022,Assembly,UP,KUSHINAGAR,333,4,Syamrati,Indian National Congress,1468,13
2022,Assembly,UP,KUSHINAGAR,333,5,Dipu Urf Atul Kumar Pandey,Aam Aadmi Party,172,0
2022,Assembly,UP,KUSHINAGAR,333,6,Mukesh,Bharatiya Swajivi Nagrik Party,157,1
2022,Assembly,UP,KUSHINAGAR,333,7,Rajesh,Aam Janta Party (India),175,0
2022,Assembly,UP,KUSHINAGAR,333,8,Shrinarayan,Janata Dal  (United),350,4
2022,Assembly,UP,KUSHINAGAR,333,9,Safi Ahmad,All India Majlis-E-Ittehadul Muslimeen,2789,7
2022,Assembly,UP,KUSHINAGAR,333,10,Ajaya Singh,Independent,251,3
2022,Assembly,UP,KUSHINAGAR,333,11,Khushruddin Ansari,Independent,381,2
2022,Assembly,UP,KUSHINAGAR,333,12,Dhawalesh,Independent,556,1
2022,Assembly,UP,KUSHINAGAR,333,13,Parama,Independent,692,0
2022,Assembly,UP,KUSHINAGAR,333,14,Sunil Kumar Dubey,Independent,581,2
2022,Assembly,UP,KUSHINAGAR,333,15,NOTA,None of the Above,1614,2
2022,Assembly,UP,HATA,334,1,Amrendra,Indian National Congress,2280,11
2022,Assembly,UP,HATA,334,2,MOHAN,Bharatiya Janata Party,120415,251
2022,Assembly,UP,HATA,334,3,Ranvijay Singh,Samajwadi Party,60756,545
2022,Assembly,UP,HATA,334,4,Shivang Singh,Bahujan Samaj Party,21626,97
2022,Assembly,UP,HATA,334,5,Jamshed Alam Beg,Jan Adhikar Party,383,1
2022,Assembly,UP,HATA,334,6,Mahendra,Subhashwadi Bhartiya Samajwadi Party (Subhas Party),144,0
2022,Assembly,UP,HATA,334,7,Monika,Aam Aadmi Party,606,1
2022,Assembly,UP,HATA,334,8,Ranapratap,Bhartiya Shakti Chetna Party,388,3
2022,Assembly,UP,HATA,334,9,Shailendra Pratap Singh Urf Himalay,Right to Recall Party,560,0
2022,Assembly,UP,HATA,334,10,Shailesh Gupta,Aazad Samaj Party (Kanshi Ram),686,1
2022,Assembly,UP,HATA,334,11,Kamalesh,Independent,630,1
2022,Assembly,UP,HATA,334,12,Fanendra,Independent,646,2
2022,Assembly,UP,HATA,334,13,Rabeesh Singh,Independent,5360,12
2022,Assembly,UP,HATA,334,14,NOTA,None of the Above,1213,1
2022,Assembly,UP,RAMKOLA,335,1,VIJAY KUMAR,Bahujan Samaj Party,22964,74
2022,Assembly,UP,RAMKOLA,335,2,VINAY PRAKASH GOND,Bharatiya Janata Party,124613,179
2022,Assembly,UP,RAMKOLA,335,3,SHAMBHU CHAUDHRY,Indian National Congress,4068,12
2022,Assembly,UP,RAMKOLA,335,4,NAGINA PASWAN ADVOCATE,Lok Janshakti Party(Ram Vilas),1797,5
2022,Assembly,UP,RAMKOLA,335,5,PURNMASI DEHATI,Suheldev Bharatiya Samaj Party,51835,414
2022,Assembly,UP,RAMKOLA,335,6,PRATIMA DEVI,Satya Kranti Party,1194,0
2022,Assembly,UP,RAMKOLA,335,7,RAJESH PARASD,Jan Adhikar Party (Loktantrik),1312,0
2022,Assembly,UP,RAMKOLA,335,8,VIMLA DEVI,Bahujan Mukti Party,402,0
2022,Assembly,UP,RAMKOLA,335,9,SHAMBHU KUMAR (ADVOCATE),Aam Aadmi Party,651,1
2022,Assembly,UP,RAMKOLA,335,10,GAUTAM,Independent,585,1
2022,Assembly,UP,RAMKOLA,335,11,CHANDRABHAN,Independent,851,1
2022,Assembly,UP,RAMKOLA,335,12,PINTOO,Independent,1160,1
2022,Assembly,UP,RAMKOLA,335,13,NOTA,None of the Above,2031,1
2022,Assembly,UP,RUDRAPUR,336,1,AKHILESH PRATAP SINGH,Indian National Congress,30946,231
2022,Assembly,UP,RUDRAPUR,336,2,JAI PRAKASH NISHAD,Bharatiya Janata Party,77990,197
2022,Assembly,UP,RUDRAPUR,336,3,RAMBHUAL NISHAD,Samajwadi Party,35976,275
2022,Assembly,UP,RUDRAPUR,336,4,SURESH TIWARI,Bahujan Samaj Party,20020,73
2022,Assembly,UP,RUDRAPUR,336,5,KAMLESH KUMAR CHAURASIYA,Bahujan Mukti Party,535,2
2022,Assembly,UP,RUDRAPUR,336,6,NARSINGH PAL,Aam Janta Party (India),227,1
2022,Assembly,UP,RUDRAPUR,336,7,MANOJ PAL,Jan Adhikar Party,643,0
2022,Assembly,UP,RUDRAPUR,336,8,RAJENDRA PRASAD NISHAD,Aam Aadmi Party,253,1
2022,Assembly,UP,RUDRAPUR,336,9,RAMBRIKSH RAO,Bhartiya  Sarvjan Party,240,0
2022,Assembly,UP,RUDRAPUR,336,10,SANJAY PASWAN,Rastriya Hind Samaj Party,241,4
2022,Assembly,UP,RUDRAPUR,336,11,AMARJIT CHAUHAN,Independent,510,5
2022,Assembly,UP,RUDRAPUR,336,12,PRADEEP YADAV,Independent,9580,18
2022,Assembly,UP,RUDRAPUR,336,13,SABBIR AHAMAD,Independent,1188,0
2022,Assembly,UP,RUDRAPUR,336,14,SURENDRA NISHAD,Independent,1077,1
2022,Assembly,UP,RUDRAPUR,336,15,NOTA,None of the Above,1629,0
2022,Assembly,UP,DEORIA,337,1,Ajay Pratap Singh Alias Pintu,Samajwadi Party,64894,1152
2022,Assembly,UP,DEORIA,337,2,PUROOSHOTTAM  NARAIN SINGH,Indian National Congress,2677,31
2022,Assembly,UP,DEORIA,337,3,Ramsaran,Bahujan Samaj Party,17774,119
2022,Assembly,UP,DEORIA,337,4,SHALABH MANI TRIPATHI,Bharatiya Janata Party,105892,809
2022,Assembly,UP,DEORIA,337,5,Sanjay Kumar Dubey,Communist Party of India,1492,2
2022,Assembly,UP,DEORIA,337,6,Omprakash Chaurasia,Rashtriya Bhagidari Party,281,5
2022,Assembly,UP,DEORIA,337,7,Rajnikant Srivastava,Rashtravadi Vikas Party,262,1
2022,Assembly,UP,DEORIA,337,8,RAJU CHAUHAN,Moderate Party,447,0
2022,Assembly,UP,DEORIA,337,9,Virendra Jaiswal,Jan Adhikar Party,750,3
2022,Assembly,UP,DEORIA,337,10,Sanjay Srivastav,Bhartiya  Sarvjan Party,408,3
2022,Assembly,UP,DEORIA,337,11,Harinarayan Chauhan,Aam Aadmi Party,525,4
2022,Assembly,UP,DEORIA,337,12,Vijay Juaatha,Independent,536,0
2022,Assembly,UP,DEORIA,337,13,NOTA,None of the Above,1266,19
2022,Assembly,UP,PATHARDEVA,338,1,AMBAR JAHAN,Indian National Congress,1949,7
2022,Assembly,UP,PATHARDEVA,338,2,PARVEJ ALAM,Bahujan Samaj Party,33489,178
2022,Assembly,UP,PATHARDEVA,338,3,BRAHMASHANKAR TRIPATHI,Samajwadi Party,64582,595
2022,Assembly,UP,PATHARDEVA,338,4,SURYA PRATAP SHAHI,Bharatiya Janata Party,93508,350
2022,Assembly,UP,PATHARDEVA,338,5,ZIAUL HAQUE ALIAS JAMSHED,Aam Aadmi Party,959,2
2022,Assembly,UP,PATHARDEVA,338,6,JWALA JI PRAJAPATI,Bahujan Mukti Party,358,2
2022,Assembly,UP,PATHARDEVA,338,7,DURGA,Apna Dal United Party,187,0
2022,Assembly,UP,PATHARDEVA,338,8,PRADIP,Bhartiya Shakti Chetna Party,203,0
2022,Assembly,UP,PATHARDEVA,338,9,MANISHA SINGH,Rashtriya Ulama Council,243,1
2022,Assembly,UP,PATHARDEVA,338,10,MUKHTAR PASI,Hindu Samaj Party,212,1
2022,Assembly,UP,PATHARDEVA,338,11,RAJKISHOR,Rashtravadi Vikas Party,460,6
2022,Assembly,UP,PATHARDEVA,338,12,RAMESHVAR SHARMA,Moulik Adhikar Party,1448,2
2022,Assembly,UP,PATHARDEVA,338,13,SANJAY SRIVASTAV,Bhartiya  Sarvjan Party,794,3
2022,Assembly,UP,PATHARDEVA,338,14,SANDEEP  KUMAR MALL,Janata Dal  (United),690,0
2022,Assembly,UP,PATHARDEVA,338,15,NOTA,None of the Above,954,0
2022,Assembly,UP,RAMPUR KARKHANA,339,1,ANAND PRAKASH CHAURASIA,Communist Party of India,1512,3
2022,Assembly,UP,RAMPUR KARKHANA,339,2,PUSHPA SHAHI,Bahujan Samaj Party,30327,166
2022,Assembly,UP,RAMPUR KARKHANA,339,3,FASIHA MANZAR GHAZALA LARI,Samajwadi Party,75211,861
2022,Assembly,UP,RAMPUR KARKHANA,339,4,SHAHLA AHRARI,Indian National Congress,2000,16
2022,Assembly,UP,RAMPUR KARKHANA,339,5,SURENDRA CHAURASIA,Bharatiya Janata Party,90222,520
2022,Assembly,UP,RAMPUR KARKHANA,339,6,INDRAMOHAN,Moulik Adhikar Party,1178,0
2022,Assembly,UP,RAMPUR KARKHANA,339,7,KAUSHAL KISHORE MANI ALIAS MADHAVJI,Aam Aadmi Party,535,6
2022,Assembly,UP,RAMPUR KARKHANA,339,8,DEENANATH KUSHWAHA,Jan Adhikar Party,950,7
2022,Assembly,UP,RAMPUR KARKHANA,339,9,FIROJ,Independent,485,0
2022,Assembly,UP,RAMPUR KARKHANA,339,10,SURENDR,Independent,743,0
2022,Assembly,UP,RAMPUR KARKHANA,339,11,SURESH,Independent,733,4
2022,Assembly,UP,RAMPUR KARKHANA,339,12,NOTA,None of the Above,1431,5
2022,Assembly,UP,BHATPAR RANI,340,1,AJAY,Bahujan Samaj Party,18475,101
2022,Assembly,UP,BHATPAR RANI,340,2,ASHUTOSH UPADHYAY,Samajwadi Party,72590,610
2022,Assembly,UP,BHATPAR RANI,340,3,KESHAV CHAND YADAV,Indian National Congress,4463,23
2022,Assembly,UP,BHATPAR RANI,340,4,SABHAKUNWAR,Bharatiya Janata Party,90892,390
2022,Assembly,UP,BHATPAR RANI,340,5,AJIMULLAH,Jan Adhikar Party,2149,5
2022,Assembly,UP,BHATPAR RANI,340,6,ANIL,Aam Aadmi Party,404,3
2022,Assembly,UP,BHATPAR RANI,340,7,DAYANAND,Apna Dal United Party,512,1
2022,Assembly,UP,BHATPAR RANI,340,8,DURGESH KUMAR,Bharatiya Jan Jagriti Party,620,0
2022,Assembly,UP,BHATPAR RANI,340,9,RAMASHRAY RAJBHAR,Janata Dal  (United),487,1
2022,Assembly,UP,BHATPAR RANI,340,10,SHRIRAM KUSHWAHA,Communist Party of India  (Marxist-Leninist)  (Liberation),966,1
2022,Assembly,UP,BHATPAR RANI,340,11,NOTA,None of the Above,1585,4
2022,Assembly,UP,SALEMPUR,341,1,DULARI DEVI,Indian National Congress,2718,18
2022,Assembly,UP,SALEMPUR,341,2,BIJAYLAXMI GAUTAM,Bharatiya Janata Party,81470,577
2022,Assembly,UP,SALEMPUR,341,3,RAJESH BHARATI,Bahujan Samaj Party,20559,98
2022,Assembly,UP,SALEMPUR,341,4,SATISH KUMAR,Communist Party of India  (Marxist),1545,12
2022,Assembly,UP,SALEMPUR,341,5,UDAYBHAN RAO,Aam Aadmi Party,806,3
2022,Assembly,UP,SALEMPUR,341,6,BHARAT VYASH GAUTAM,All India Majlis-E-Ittehadul Muslimeen,2728,4
2022,Assembly,UP,SALEMPUR,341,7,MANBODH PRASAD,Suheldev Bharatiya Samaj Party,64676,763
2022,Assembly,UP,SALEMPUR,341,8,NOTA,None of the Above,1819,4
2022,Assembly,UP,BARHAJ,342,1,DEEPAK KUMAR MISHR,Bharatiya Janata Party,85251,507
2022,Assembly,UP,BARHAJ,342,2,MURLI MANOHAR JAISWAL,Samajwadi Party,68107,790
2022,Assembly,UP,BARHAJ,342,3,RAMJEE GIRI,Indian National Congress,2060,19
2022,Assembly,UP,BARHAJ,342,4,VINAY LALSAHAB TIWARI,Bahujan Samaj Party,23145,142
2022,Assembly,UP,BARHAJ,342,5,ISHWAR CHAND VISHWAKARAMA,Bahujan Mukti Party,448,2
2022,Assembly,UP,BARHAJ,342,6,MAHANTH,Aam Janta Party (India),206,2
2022,Assembly,UP,BARHAJ,342,7,RAMIKBAL,Subhashwadi Bhartiya Samajwadi Party (Subhas Party),198,1
2022,Assembly,UP,BARHAJ,342,8,RAMASHRAY,Moderate Party,455,0
2022,Assembly,UP,BARHAJ,342,9,SUDHIR KUMAR VISHWAKARMA,Right to Recall Party,364,0
2022,Assembly,UP,BARHAJ,342,10,KRISHNCHANDRA DIKSHIT ADVOCATE,Independent,420,2
2022,Assembly,UP,BARHAJ,342,11,BHASKAR MISHRA,Independent,372,4
2022,Assembly,UP,BARHAJ,342,12,BIJAY SHANKER,Hindustan Janmorcha,766,0
2022,Assembly,UP,BARHAJ,342,13,NOTA,None of the Above,1845,2
2022,Assembly,UP,ATRAULIYA,343,1,RAMESH CHAND,Indian National Congress,2196,16
2022,Assembly,UP,ATRAULIYA,343,2,SAROJ KUMAR,Bahujan Samaj Party,50937,356
2022,Assembly,UP,ATRAULIYA,343,3,DR. SANGRAM,Samajwadi Party,90393,1109
2022,Assembly,UP,ATRAULIYA,343,4,UMESH KUMAR MAURYA,Jan Adhikar Party,2176,5
2022,Assembly,UP,ATRAULIYA,343,5,PRASHANT  SINGH,Nirbal Indian Shoshit Hamara Aam Dal,73872,383
2022,Assembly,UP,ATRAULIYA,343,6,RAMESH KUMAR,Aam Aadmi Party,1220,3
2022,Assembly,UP,ATRAULIYA,343,7,RAMDHARI,Rashtriya Bhagidari Party,1910,4
2022,Assembly,UP,ATRAULIYA,343,8,SAURABH NISHAD,Vikassheel Insaan Party,3683,10
2022,Assembly,UP,ATRAULIYA,343,9,RAM DEVI,Independent,812,2
2022,Assembly,UP,ATRAULIYA,343,10,DR.SEEMA PANDEY,Independent,849,3
2022,Assembly,UP,ATRAULIYA,343,11,NOTA,None of the Above,1395,7
2022,Assembly,UP,GOPALPUR,344,1,NAFEES AHMAD,Samajwadi Party,83400,1001
2022,Assembly,UP,GOPALPUR,344,2,MIRZA SHAN ALAM BEG,Indian National Congress,1642,7
2022,Assembly,UP,GOPALPUR,344,3,RAMESH CHAND YADAV,Bahujan Samaj Party,44861,350
2022,Assembly,UP,GOPALPUR,344,4,SATYENDRA RAI,Bharatiya Janata Party,59705,389
2022,Assembly,UP,GOPALPUR,344,5,ABDULA,All India Majlis-E-Ittehadul Muslimeen,8151,12
2022,Assembly,UP,GOPALPUR,344,6,MANOJ KUMAR,Bahujan Mukti Party,396,1
2022,Assembly,UP,GOPALPUR,344,7,MUNNA LAL,Rashtrawadi Janwadi Manch,650,1
2022,Assembly,UP,GOPALPUR,344,8,YOGENDRA YADAV,Vikassheel Insaan Party,2195,6
2022,Assembly,UP,GOPALPUR,344,9,ER. SUNIL KUMAR YADAV,Aam Aadmi Party,919,7
2022,Assembly,UP,GOPALPUR,344,10,SUBASH,Naitik Party,852,1
2022,Assembly,UP,GOPALPUR,344,11,MITRASEN,Independent,501,0
2022,Assembly,UP,GOPALPUR,344,12,NOTA,None of the Above,1467,4
2022,Assembly,UP,SAGRI,345,1,BANDANA SINGH,Bharatiya Janata Party,60190,388
2022,Assembly,UP,SAGRI,345,2,RANA KHATOON,Indian National Congress,1389,12
2022,Assembly,UP,SAGRI,345,3,SHANKAR YADAV,Bahujan Samaj Party,40745,261
2022,Assembly,UP,SAGRI,345,4,HRIDAY NARAYAN SINGH PATEL,Samajwadi Party,81968,1125
2022,Assembly,UP,SAGRI,345,5,ABHIMANYU,Bahujan Mukti Party,837,4
2022,Assembly,UP,SAGRI,345,6,AMIRCHAND RAMLAKHAN YADAV,Aazad Samaj Party (Kanshi Ram),347,0
2022,Assembly,UP,SAGRI,345,7,NESAR,Peace Party,433,2
2022,Assembly,UP,SAGRI,345,8,PANKAJ MAURYA,Jan Adhikar Party,2408,7
2022,Assembly,UP,SAGRI,345,9,MUKESH RAI,Aam Aadmi Party,566,6
2022,Assembly,UP,SAGRI,345,10,VIRENDRA YADAV,Aam Janta Party (India),212,1
2022,Assembly,UP,SAGRI,345,11,ISHRAK,Independent,263,0
2022,Assembly,UP,SAGRI,345,12,CHANDRIKA,Independent,474,0
2022,Assembly,UP,SAGRI,345,13,BABULAL BHARTI,Independent,1109,0
2022,Assembly,UP,SAGRI,345,14,SAHTU,Independent,445,0
2022,Assembly,UP,SAGRI,345,15,NOTA,None of the Above,1144,4
2022,Assembly,UP,MUBARAKPUR,346,1,AKHILESH,Samajwadi Party,79808,918
2022,Assembly,UP,MUBARAKPUR,346,2,ABDUSSALAM,Bahujan Samaj Party,48446,288
2022,Assembly,UP,MUBARAKPUR,346,3,ARVIND JAISWAL,Bharatiya Janata Party,51343,280
2022,Assembly,UP,MUBARAKPUR,346,4,PARVEEN BANO,Indian National Congress,1327,4
2022,Assembly,UP,MUBARAKPUR,346,5,KANHAIYA,Aazad Samaj Party (Kanshi Ram),356,0
2022,Assembly,UP,MUBARAKPUR,346,6,NARENDRA SINGH CHAUHAN,Aam Aadmi Party,204,0
2022,Assembly,UP,MUBARAKPUR,346,7,MOHAMMAD SHAMEEM,Bhartiya Sabka Dal,208,0
2022,Assembly,UP,MUBARAKPUR,346,8,RAVISHANKAR BHARAT,Jan Raajya Party,313,1
2022,Assembly,UP,MUBARAKPUR,346,9,RADHESHYAM,Rashtriya Bhagidari Party,567,1
2022,Assembly,UP,MUBARAKPUR,346,10,RAMDULARE RAJBHAR,Jan Adhikar Party,1106,5
2022,Assembly,UP,MUBARAKPUR,346,11,SHAH ALAM (GUDDU JAMALI),All India Majlis-E-Ittehadul Muslimeen,36419,41
2022,Assembly,UP,MUBARAKPUR,346,12,PHULJHARI DEVI,Independent,484,1
2022,Assembly,UP,MUBARAKPUR,346,13,LAL BIHARI MRITAK,Independent,668,1
2022,Assembly,UP,MUBARAKPUR,346,14,NOTA,None of the Above,1348,1
2022,Assembly,UP,AZAMGARH,347,1,AKHILESH KUMAR MISHRA,Bharatiya Janata Party,83995,782
2022,Assembly,UP,AZAMGARH,347,2,DURGA PRASAD YADAV,Samajwadi Party,99114,1699
2022,Assembly,UP,AZAMGARH,347,3,PRAVEEN KUMAR SINGH,Indian National Congress,2157,18
2022,Assembly,UP,AZAMGARH,347,4,SUSHIL KUMAR SINGH,Bahujan Samaj Party,38978,303
2022,Assembly,UP,AZAMGARH,347,5,RISHIKANT YADAV,Aazad Samaj Party (Kanshi Ram),640,1
2022,Assembly,UP,AZAMGARH,347,6,KAMAR KAMAL,All India Majlis-E-Ittehadul Muslimeen,5515,17
2022,Assembly,UP,AZAMGARH,347,7,KRIPA SHANKAR PATHAK,Aam Aadmi Party,577,3
2022,Assembly,UP,AZAMGARH,347,8,SURYANATH,Bhartiya Gadar Party (S),456,1
2022,Assembly,UP,AZAMGARH,347,9,RAJIV KUMAR SINGH,Independent,600,4
2022,Assembly,UP,AZAMGARH,347,10,NOTA,None of the Above,1466,4
2022,Assembly,UP,NIZAMABAD,348,1,ANIL KUMAR YADAV,Indian National Congress,2290,7
2022,Assembly,UP,NIZAMABAD,348,2,ALAM BADI,Samajwadi Party,79022,813
2022,Assembly,UP,NIZAMABAD,348,3,JITENDRA,Communist Party of India,1224,0
2022,Assembly,UP,NIZAMABAD,348,4,PIYUSH KUMAR SINGH,Bahujan Samaj Party,44426,231
2022,Assembly,UP,NIZAMABAD,348,5,MANOJ,Bharatiya Janata Party,45444,204
2022,Assembly,UP,NIZAMABAD,348,6,AKHTAR ALI,Aazad Samaj Party (Kanshi Ram),709,2
2022,Assembly,UP,NIZAMABAD,348,7,ABDURRAHMAN ANSARI,All India Majlis-E-Ittehadul Muslimeen,6097,3
2022,Assembly,UP,NIZAMABAD,348,8,ARASAD,Bahujan Kranti Party (Marxwad-Ambedkarwad),251,2
2022,Assembly,UP,NIZAMABAD,348,9,SHAHRIYAR MOHAMMED SADIQ,Aam Aadmi Party,326,0
2022,Assembly,UP,NIZAMABAD,348,10,SHAH KAMAR,Rashtriya Jantantrik Bharat Vikas Party,447,0
2022,Assembly,UP,NIZAMABAD,348,11,SUSHIL KUMAR YADAV,Rashtriya Teesara Vikalp Party,578,1
2022,Assembly,UP,NIZAMABAD,348,12,RAJMANI MISHRA,Independent,449,0
2022,Assembly,UP,NIZAMABAD,348,13,RAJIV YADAV,Independent,1117,2
2022,Assembly,UP,NIZAMABAD,348,14,NOTA,None of the Above,1065,2
2022,Assembly,UP,PHOOLPUR-PAWAI,349,1,RAMAKANT,Samajwadi Party,80394,770
2022,Assembly,UP,PHOOLPUR-PAWAI,349,2,RAM SURAT,Bharatiya Janata Party,55647,211
2022,Assembly,UP,PHOOLPUR-PAWAI,349,3,SHAKEEL AHMAD,Bahujan Samaj Party,49285,210
2022,Assembly,UP,PHOOLPUR-PAWAI,349,4,MO SHAHID,Indian National Congress,1555,3
2022,Assembly,UP,PHOOLPUR-PAWAI,349,5,AMIT KUMAR,Aazad Samaj Party (Kanshi Ram),327,2
2022,Assembly,UP,PHOOLPUR-PAWAI,349,6,KIRAN,Aam Aadmi Party,144,1
2022,Assembly,UP,PHOOLPUR-PAWAI,349,7,PRADEEP,Sarva Samaj Janata Party,203,0
2022,Assembly,UP,PHOOLPUR-PAWAI,349,8,YOGENDRA PRATAP,Jan Adhikar Party,1527,2
2022,Assembly,UP,PHOOLPUR-PAWAI,349,9,JITENDRA KUMAR,Independent,238,1
2022,Assembly,UP,PHOOLPUR-PAWAI,349,10,PARAS NATH,Independent,317,1
2022,Assembly,UP,PHOOLPUR-PAWAI,349,11,RAM AVTAR,Independent,820,1
2022,Assembly,UP,PHOOLPUR-PAWAI,349,12,SANJAY,Independent,524,3
2022,Assembly,UP,PHOOLPUR-PAWAI,349,13,NOTA,None of the Above,1056,2
2022,Assembly,UP,DIDARGANJ,350,1,AWADHESH KUMAR SINGH,Indian National Congress,1713,4
2022,Assembly,UP,DIDARGANJ,350,2,KAMALKANT,Samajwadi Party,73834,508
2022,Assembly,UP,DIDARGANJ,350,3,KRISHNAMURARI,Bharatiya Janata Party,60620,161
2022,Assembly,UP,DIDARGANJ,350,4,BHUPENDRA,Bahujan Samaj Party,46882,212
2022,Assembly,UP,DIDARGANJ,350,5,ZAVED,All India Majlis-E-Ittehadul Muslimeen,2198,1
2022,Assembly,UP,DIDARGANJ,350,6,JITENDRA,Bahujan Mukti Party,209,0
2022,Assembly,UP,DIDARGANJ,350,7,MAHENDRA PRASAD BIND,Peoples Party of India (Democratic),581,0
2022,Assembly,UP,DIDARGANJ,350,8,RASHMI VISHWAKARMA,Aam Aadmi Party,260,0
2022,Assembly,UP,DIDARGANJ,350,9,LALMAN YADAV,Sanatan Sanskriti Raksha Dal,390,0
2022,Assembly,UP,DIDARGANJ,350,10,HUZAIFA AMIR,Rashtriya Ulama Council,10068,2
2022,Assembly,UP,DIDARGANJ,350,11,GULAB,Independent,416,1
2022,Assembly,UP,DIDARGANJ,350,12,JALALUDDIN,Independent,567,1
2022,Assembly,UP,DIDARGANJ,350,13,MOHAMMAD NADEEN KHAN,Independent,672,0
2022,Assembly,UP,DIDARGANJ,350,14,VIPENDRA,Independent,792,1
2022,Assembly,UP,DIDARGANJ,350,15,NOTA,None of the Above,863,1
2022,Assembly,UP,LALGANJ,351,1,AZAD ARIMARDAN,Bahujan Samaj Party,57562,247
2022,Assembly,UP,LALGANJ,351,2,NEELAM,Bharatiya Janata Party,68720,314
2022,Assembly,UP,LALGANJ,351,3,PUSHPA BHARTIY,Indian National Congress,2093,6
2022,Assembly,UP,LALGANJ,351,4,BECHAI,Samajwadi Party,83087,680
2022,Assembly,UP,LALGANJ,351,5,ARVIND,Bahujan Awam Party,683,0
2022,Assembly,UP,LALGANJ,351,6,KARMRAJ,Lok Janshakti Party(Ram Vilas),328,0
2022,Assembly,UP,LALGANJ,351,7,RAJNATH DASAI JAISWAR,Aazad Samaj Party (Kanshi Ram),476,0
2022,Assembly,UP,LALGANJ,351,8,RIPUSUDAN,Jan Adhikar Party,938,1
2022,Assembly,UP,LALGANJ,351,9,HARIRAM,Aam Aadmi Party,463,2
2022,Assembly,UP,LALGANJ,351,10,RAMCHANDAR,Independent,1313,1
2022,Assembly,UP,LALGANJ,351,11,NOTA,None of the Above,1743,0
2022,Assembly,UP,MEHNAGAR,352,1,JIYALAL,Communist Party of India,1782,2
2022,Assembly,UP,MEHNAGAR,352,2,NIRMALA BHARTI,Indian National Congress,1650,12
2022,Assembly,UP,MEHNAGAR,352,3,PUJA,Samajwadi Party,86279,681
2022,Assembly,UP,MEHNAGAR,352,4,PANKAJ KUMAR,Bahujan Samaj Party,49973,200
2022,Assembly,UP,MEHNAGAR,352,5,MANJOO SAROJ,Bharatiya Janata Party,72503,308
2022,Assembly,UP,MEHNAGAR,352,6,KARMVEER AZAD,All India Majlis-E-Ittehadul Muslimeen,4373,4
2022,Assembly,UP,MEHNAGAR,352,7,GITANJALI DEVI,Aam Aadmi Party,746,4
2022,Assembly,UP,MEHNAGAR,352,8,RAMLAKHAN PAL DHANGAR,Rashtriya Shoshit Samaj Party,850,0
2022,Assembly,UP,MEHNAGAR,352,9,NOTA,None of the Above,1646,3
2022,Assembly,UP,MADHUBAN,353,1,AMARESH CHAND PANDEY,Indian National Congress,3823,48
2022,Assembly,UP,MADHUBAN,353,2,UMESH PANDEY,Samajwadi Party,73610,974
2022,Assembly,UP,MADHUBAN,353,3,NEELAM SINGH KUSHWAHA,Bahujan Samaj Party,50887,298
2022,Assembly,UP,MADHUBAN,353,4,RAM BILASH CHAUHAN,Bharatiya Janata Party,78707,325
2022,Assembly,UP,MADHUBAN,353,5,FAUJI KISHAN LAL GOND,Aam Aadmi Party,2225,6
2022,Assembly,UP,MADHUBAN,353,6,DINESH,Jan Adhikar Party,982,1
2022,Assembly,UP,MADHUBAN,353,7,BHARAT SINGH,Vikassheel Insaan Party,7979,32
2022,Assembly,UP,MADHUBAN,353,8,RAMPRAVESH,Rashtriya Samaj Dal (R),298,0
2022,Assembly,UP,MADHUBAN,353,9,RAVINDRA,Independent,542,1
2022,Assembly,UP,MADHUBAN,353,10,SURYA KUMAR DUBEY,Independent,644,1
2022,Assembly,UP,MADHUBAN,353,11,SUSHEEL,Independent,891,1
2022,Assembly,UP,MADHUBAN,353,12,SURAJ KUMAR PANDEY,Independent,728,1
2022,Assembly,UP,MADHUBAN,353,13,NOTA,None of the Above,1252,2
2022,Assembly,UP,GHOSI,354,1,DARA SINGH CHAUHAN,Samajwadi Party,107347,1083
2022,Assembly,UP,GHOSI,354,2,PRIYANKA,Indian National Congress,1998,14
2022,Assembly,UP,GHOSI,354,3,VASIM EKBAL ALIAS CHUNNU,Bahujan Samaj Party,53953,295
2022,Assembly,UP,GHOSI,354,4,VIJAY KUMAR RAJBHAR,Bharatiya Janata Party,85894,320
2022,Assembly,UP,GHOSI,354,5,DEENANATH,Vikassheel Insaan Party,1314,0
2022,Assembly,UP,GHOSI,354,6,PANKAJ KUMAR,Aam Aadmi Party,507,3
2022,Assembly,UP,GHOSI,354,7,FUZAIL AHMAD,Peace Party,1120,1
2022,Assembly,UP,GHOSI,354,8,VIKRAM CHAUHAN,Janata Dal  (United),605,0
2022,Assembly,UP,GHOSI,354,9,HRIDYANARAYAN RAI,Watan Janta Party,702,1
2022,Assembly,UP,GHOSI,354,10,KISHUNDEV CHAUHAN,Independent,449,0
2022,Assembly,UP,GHOSI,354,11,NOTA,None of the Above,1246,3
2022,Assembly,UP,MUHAMMADABAD-GOHNA,355,1,DHARM SINGH GAUTAM,Bahujan Samaj Party,56162,188
2022,Assembly,UP,MUHAMMADABAD-GOHNA,355,2,POONAM SAROJ,Bharatiya Janata Party,67775,264
2022,Assembly,UP,MUHAMMADABAD-GOHNA,355,3,BANVARI RAM,Indian National Congress,2446,6
2022,Assembly,UP,MUHAMMADABAD-GOHNA,355,4,RAJENDRA KUMAR,Samajwadi Party,94139,549
2022,Assembly,UP,MUHAMMADABAD-GOHNA,355,5,ANKIT KUMAR RAO,Aam Aadmi Party,732,3
2022,Assembly,UP,MUHAMMADABAD-GOHNA,355,6,MAHENDRA SONKAR,Jan Adhikar Party,3183,3
2022,Assembly,UP,MUHAMMADABAD-GOHNA,355,7,DINANATH PRASAD,Independent,468,1
2022,Assembly,UP,MUHAMMADABAD-GOHNA,355,8,MONOO,Independent,832,0
2022,Assembly,UP,MUHAMMADABAD-GOHNA,355,9,NOTA,None of the Above,1538,2
2022,Assembly,UP,MAU,356,1,ASHOK KUMAR SINGH,Bharatiya Janata Party,86186,389
2022,Assembly,UP,MAU,356,2,FAKHRE  ALAM,Communist Party of India,2622,18
2022,Assembly,UP,MAU,356,3,BHIM,Bahujan Samaj Party,44284,232
2022,Assembly,UP,MAU,356,4,MADHAVENDRA BAHADUR SINGH,Indian National Congress,6538,51
2022,Assembly,UP,MAU,356,5,ABBAS ANSARI,Suheldev Bharatiya Samaj Party,123860,831
2022,Assembly,UP,MAU,356,6,MUNAUVAR,Peace Party,2397,9
2022,Assembly,UP,MAU,356,7,RAMKISHOR,Janta Kranti Party (Rashtravadi),6576,0
2022,Assembly,UP,MAU,356,8,VIKRAMJIT SINGH,Aam Aadmi Party,621,2
2022,Assembly,UP,MAU,356,9,SHAILENDRA,SOCIALIST UNITY CENTRE OF INDIA (COMMUNIST),378,1
2022,Assembly,UP,MAU,356,10,JITENDRA SINGH CHAUHAN,Independent,967,2
2022,Assembly,UP,MAU,356,11,PARMAHANS,Independent,365,0
2022,Assembly,UP,MAU,356,12,MOVIN AHAMAD,Independent,921,3
2022,Assembly,UP,MAU,356,13,RAJPAT CHAUHAN,Independent,432,1
2022,Assembly,UP,MAU,356,14,NOTA,None of the Above,1302,8
2022,Assembly,UP,BELTHARA ROAD,357,1,Geeta,Indian National Congress,1515,14
2022,Assembly,UP,BELTHARA ROAD,357,2,Chhathu Ram,Bharatiya Janata Party,73066,415
2022,Assembly,UP,BELTHARA ROAD,357,3,PRAVEEN PRAKASH,Bahujan Samaj Party,38522,281
2022,Assembly,UP,BELTHARA ROAD,357,4,AKHILESH KUMAR,Lok Janshakti Party(Ram Vilas),516,10
2022,Assembly,UP,BELTHARA ROAD,357,5,Kundan Kanaujiya,Janlok Vikas Party,176,1
2022,Assembly,UP,BELTHARA ROAD,357,6,Ramlal,Jan Adhikar Party,2057,36
2022,Assembly,UP,BELTHARA ROAD,357,7,Hansu Ram,Suheldev Bharatiya Samaj Party,78197,798
2022,Assembly,UP,BELTHARA ROAD,357,8,Gopal,Independent,635,0
2022,Assembly,UP,BELTHARA ROAD,357,9,Ganga,Independent,404,3
2022,Assembly,UP,BELTHARA ROAD,357,10,Nirbhay,Independent,378,1
2022,Assembly,UP,BELTHARA ROAD,357,11,Bikau,Independent,239,0
2022,Assembly,UP,BELTHARA ROAD,357,12,SHIMON PRAKASH,Independent,491,0
2022,Assembly,UP,BELTHARA ROAD,357,13,Shoshila,Independent,642,1
2022,Assembly,UP,BELTHARA ROAD,357,14,NOTA,None of the Above,1218,1
2022,Assembly,UP,RASARA,358,1,UMASHANKAR SINGH,Bahujan Samaj Party,87345,542
2022,Assembly,UP,RASARA,358,2,BABBAN,Bharatiya Janata Party,23911,324
2022,Assembly,UP,RASARA,358,3,RAJ URF OMLATA RAJ,Indian National Congress,1274,20
2022,Assembly,UP,RASARA,358,4,CHANDAN,Aazad Samaj Party (Kanshi Ram),2594,11
2022,Assembly,UP,RASARA,358,5,MAHENDRA,Suheldev Bharatiya Samaj Party,80681,623
2022,Assembly,UP,RASARA,358,6,ASHOK,Independent,661,1
2022,Assembly,UP,RASARA,358,7,RAJARAM,Independent,259,0
2022,Assembly,UP,RASARA,358,8,RAM ASHISH RAM,Independent,411,0
2022,Assembly,UP,RASARA,358,9,SANTOSH KUMAR PANDEY,Independent,576,0
2022,Assembly,UP,RASARA,358,10,NOTA,None of the Above,1335,4
2022,Assembly,UP,SIKANDERPUR,359,1,ZIYAUDDIN RIZVI,Samajwadi Party,75222,224
2022,Assembly,UP,SIKANDERPUR,359,2,BRIJESH SINGH GAT,Indian National Congress,1850,7
2022,Assembly,UP,SIKANDERPUR,359,3,SANJAY YADAV,Bharatiya Janata Party,63367,224
2022,Assembly,UP,SIKANDERPUR,359,4,SANJEEV KUMAR VERMA,Bahujan Samaj Party,29544,60
2022,Assembly,UP,SIKANDERPUR,359,5,ASHOK,Jan Adhikar Party,2059,1
2022,Assembly,UP,SIKANDERPUR,359,6,PRADEEP KUMAR,Aam Aadmi Party,231,2
2022,Assembly,UP,SIKANDERPUR,359,7,SHRIRAM CHAUDHARY,Communist Party of India  (Marxist-Leninist)  (Liberation),751,1
2022,Assembly,UP,SIKANDERPUR,359,8,DHARMENDRA,Independent,320,2
2022,Assembly,UP,SIKANDERPUR,359,9,MANOJ KUMAR CHAUHAN,Independent,641,1
2022,Assembly,UP,SIKANDERPUR,359,10,MOHAN,Independent,377,0
2022,Assembly,UP,SIKANDERPUR,359,11,SADDAM HUSSAN,Independent,497,1
2022,Assembly,UP,SIKANDERPUR,359,12,NOTA,None of the Above,1088,1
2022,Assembly,UP,PHEPHANA,360,1,UPENDRA TIWARI,Bharatiya Janata Party,72478,684
2022,Assembly,UP,PHEPHANA,360,2,KAMAL DEV,Bahujan Samaj Party,14077,77
2022,Assembly,UP,PHEPHANA,360,3,JAINENDRA,Indian National Congress,2208,21
2022,Assembly,UP,PHEPHANA,360,4,SANGRAM SINGH,Samajwadi Party,91563,953
2022,Assembly,UP,PHEPHANA,360,5,AVADHESH VERMA,Bahujan Mukti Party,780,7
2022,Assembly,UP,PHEPHANA,360,6,AVALESH,Janata Dal  (United),618,3
2022,Assembly,UP,PHEPHANA,360,7,DINESH,Rashtriya Yuva Morcha Dal,152,0
2022,Assembly,UP,PHEPHANA,360,8,PAWAN PRAKASH,Jan Adhikar Party,670,3
2022,Assembly,UP,PHEPHANA,360,9,BHIM,Bharatiya Suheldev Janata Party,414,2
2022,Assembly,UP,PHEPHANA,360,10,MANNU,Naitik Party,321,1
2022,Assembly,UP,PHEPHANA,360,11,VIVEK,Vikassheel Insaan Party,2250,6
2022,Assembly,UP,PHEPHANA,360,12,JANARDAN SINGH,Independent,460,1
2022,Assembly,UP,PHEPHANA,360,13,SHAMIM,Independent,415,0
2022,Assembly,UP,PHEPHANA,360,14,SANTOSH,Independent,381,0
2022,Assembly,UP,PHEPHANA,360,15,NOTA,None of the Above,1112,5
2022,Assembly,UP,BALLIA NAGAR,361,1,Omprakash,Indian National Congress,2136,30
2022,Assembly,UP,BALLIA NAGAR,361,2,Daya Shankar Singh,Bharatiya Janata Party,102965,908
2022,Assembly,UP,BALLIA NAGAR,361,3,NARAD RAI,Samajwadi Party,76356,1278
2022,Assembly,UP,BALLIA NAGAR,361,4,Shivdas Prasad Verma,Bahujan Samaj Party,9936,87
2022,Assembly,UP,BALLIA NAGAR,361,5,AJAY S/O KEDAR,Aam Aadmi Party,512,7
2022,Assembly,UP,BALLIA NAGAR,361,6,AJAY S/O RAJNARAYAN,Swadesh Jan Sewak Party,272,0
2022,Assembly,UP,BALLIA NAGAR,361,7,Jitendra Tiwari,Vikassheel Insaan Party,3857,15
2022,Assembly,UP,BALLIA NAGAR,361,8,Prakash Kumar,All India Forward Bloc,233,0
2022,Assembly,UP,BALLIA NAGAR,361,9,M.Shamim Khan,All India Majlis-E-Ittehadul Muslimeen,682,7
2022,Assembly,UP,BALLIA NAGAR,361,10,Shankar Ram Rawat,VANCHITSAMAJ INSAAF PARTY,234,1
2022,Assembly,UP,BALLIA NAGAR,361,11,SAGAR SINGH,Lok Janshakti Party(Ram Vilas),344,2
2022,Assembly,UP,BALLIA NAGAR,361,12,Arjun Kumar,Independent,380,1
2022,Assembly,UP,BALLIA NAGAR,361,13,Dharmendra Kumar,Independent,700,0
2022,Assembly,UP,BALLIA NAGAR,361,14,Rama Shankar Tiwari,Independent,813,2
2022,Assembly,UP,BALLIA NAGAR,361,15,NOTA,None of the Above,1048,6
2022,Assembly,UP,BANSDIH,362,1,KETAKEE SINGH,Bharatiya Janata Party,102687,618
2022,Assembly,UP,BANSDIH,362,2,PUNEET,Indian National Congress,4320,34
2022,Assembly,UP,BANSDIH,362,3,MANTI,Bahujan Samaj Party,10761,93
2022,Assembly,UP,BANSDIH,362,4,RAM GOVIND,Samajwadi Party,81230,723
2022,Assembly,UP,BANSDIH,362,5,LAKSHMAN,Communist Party of India,1981,2
2022,Assembly,UP,BANSDIH,362,6,AJAY SHANKAR,Vikassheel Insaan Party,7632,18
2022,Assembly,UP,BANSDIH,362,7,DAYASHANKER VERMA,Jan Adhikar Party,1127,4
2022,Assembly,UP,BANSDIH,362,8,MAMATA,Swadesh Jan Sewak Party,411,0
2022,Assembly,UP,BANSDIH,362,9,SUSHANT,Aam Aadmi Party,657,3
2022,Assembly,UP,BANSDIH,362,10,SANGRAM SINGH TOMAR,Lok Janshakti Party(Ram Vilas),486,3
2022,Assembly,UP,BANSDIH,362,11,PRAMOD PASWAN,Independent,666,1
2022,Assembly,UP,BANSDIH,362,12,VINOD KUMAR VERMA,Independent,496,0
2022,Assembly,UP,BANSDIH,362,13,SWAMI NATH SAHANI,Independent,741,0
2022,Assembly,UP,BANSDIH,362,14,NOTA,None of the Above,2003,1
2022,Assembly,UP,BAIRIA,363,1,ANAND SWARUP SHUKLA,Bharatiya Janata Party,57788,502
2022,Assembly,UP,BAIRIA,363,2,JAI PRAKASH ANCHAL,Samajwadi Party,70749,492
2022,Assembly,UP,BAIRIA,363,3,SUBHASH YADAV,Bahujan Samaj Party,12632,63
2022,Assembly,UP,BAIRIA,363,4,KUMARI SONA,Indian National Congress,1196,7
2022,Assembly,UP,BAIRIA,363,5,ASHOK KUMAR MAURYA,Jan Adhikar Party,631,2
2022,Assembly,UP,BAIRIA,363,6,RAJNISH,Aam Aadmi Party,787,7
2022,Assembly,UP,BAIRIA,363,7,SURENDRA NATH SINGH,Vikassheel Insaan Party,28450,165
2022,Assembly,UP,BAIRIA,363,8,SURYA BALI PRASAD,Bahujan Mukti Party,1224,1
2022,Assembly,UP,BAIRIA,363,9,NOTA,None of the Above,1956,2
2022,Assembly,UP,BADLAPUR,364,1,ARTI SINGH,Indian National Congress,1641,10
2022,Assembly,UP,BADLAPUR,364,2,OMPRAKASH BABA  DUBEY,Samajwadi Party,79943,1122
2022,Assembly,UP,BADLAPUR,364,3,MANOJ,Bahujan Samaj Party,34657,135
2022,Assembly,UP,BADLAPUR,364,4,RAMESH CHANDRA MISHRA,Bharatiya Janata Party,81957,434
2022,Assembly,UP,BADLAPUR,364,5,ANIL KUMAR SINGH,Hum Sabki Party,1087,0
2022,Assembly,UP,BADLAPUR,364,6,RAJESH VISHWAKARMA,Jan Adhikar Party,717,2
2022,Assembly,UP,BADLAPUR,364,7,RAM GOVIND SINGH,SOCIALIST UNITY CENTRE OF INDIA (COMMUNIST),526,0
2022,Assembly,UP,BADLAPUR,364,8,RAHUL SHARMA,Aam Aadmi Party,504,2
2022,Assembly,UP,BADLAPUR,364,9,SEEMA JAISWAL,Rashtriya Samaj Paksha,383,2
2022,Assembly,UP,BADLAPUR,364,10,SUMIT SINGH,Vikassheel Insaan Party,560,0
2022,Assembly,UP,BADLAPUR,364,11,SUSHMA MISHRA,Bhartiya Dharmanirpeksha Party,492,0
2022,Assembly,UP,BADLAPUR,364,12,SUBEDAR GAUTAM,Bharatrashtra Democratic Party,688,0
2022,Assembly,UP,BADLAPUR,364,13,SABHAJEET,Independent,904,1
2022,Assembly,UP,BADLAPUR,364,14,HARI PRASAD SHUKLA,Independent,760,0
2022,Assembly,UP,BADLAPUR,364,15,NOTA,None of the Above,889,3
2022,Assembly,UP,SHAHGANJ,365,1,Indar Dev,Bahujan Samaj Party,48797,160
2022,Assembly,UP,SHAHGANJ,365,2,Parvez Alam,Indian National Congress,1523,6
2022,Assembly,UP,SHAHGANJ,365,3,Shailendra Yadav Lalai,Samajwadi Party,85733,781
2022,Assembly,UP,SHAHGANJ,365,4,Kapil Dev,Shiv Sena,855,2
2022,Assembly,UP,SHAHGANJ,365,5,Jitendra Kumar,Bharatrashtra Democratic Party,383,0
2022,Assembly,UP,SHAHGANJ,365,6,Nayab Ahmad Khan,All India Majlis-E-Ittehadul Muslimeen,8127,1
2022,Assembly,UP,SHAHGANJ,365,7,Ramesh,Nirbal Indian Shoshit Hamara Aam Dal,86980,253
2022,Assembly,UP,SHAHGANJ,365,8,Ramanuj,Vikassheel Insaan Party,2546,5
2022,Assembly,UP,SHAHGANJ,365,9,Ram Pratap,Bharatiya Nav Kranti Party,511,3
2022,Assembly,UP,SHAHGANJ,365,10,Ram Sumer,Moulik Adhikar Party,775,0
2022,Assembly,UP,SHAHGANJ,365,11,Vinod Kumar,Aam Aadmi Party,780,3
2022,Assembly,UP,SHAHGANJ,365,12,Suresh Rajbhar,Aapki Apni Party (Peoples),626,0
2022,Assembly,UP,SHAHGANJ,365,13,Vinod,Independent,427,0
2022,Assembly,UP,SHAHGANJ,365,14,NOTA,None of the Above,1643,0
2022,Assembly,UP,JAUNPUR,366,1,MOHD. ARSHAD KHAN,Samajwadi Party,88636,1072
2022,Assembly,UP,JAUNPUR,366,2,GIRISH CHANDRA YADAV,Bharatiya Janata Party,97264,496
2022,Assembly,UP,JAUNPUR,366,3,NADEEM JAVED,Indian National Congress,12106,44
2022,Assembly,UP,JAUNPUR,366,4,SALEEM KHAN,Bahujan Samaj Party,30402,177
2022,Assembly,UP,JAUNPUR,366,5,ANJOO,Vikassheel Insaan Party,2437,8
2022,Assembly,UP,JAUNPUR,366,6,ABHAYRAJ,All India Majlis-E-Ittehadul Muslimeen,6224,4
2022,Assembly,UP,JAUNPUR,366,7,ASHISH KUMAR,Rashtravadi Vikas Party,372,2
2022,Assembly,UP,JAUNPUR,366,8,ISHWAR DAYAL SINGH SETH,Bhartiya Sabka Dal,174,1
2022,Assembly,UP,JAUNPUR,366,9,CHANDRAMANI PANDEY,Rashtriya Samaj Paksha,222,0
2022,Assembly,UP,JAUNPUR,366,10,DINESH SINGH(RINKU BHAIYA),Jansatta Dal Loktantrik,455,2
2022,Assembly,UP,JAUNPUR,366,11,PRAVIN,SOCIALIST UNITY CENTRE OF INDIA (COMMUNIST),154,0
2022,Assembly,UP,JAUNPUR,366,12,BRIJESH,Bharatrashtra Democratic Party,202,0
2022,Assembly,UP,JAUNPUR,366,13,MEETHAEE LAL,Peoples Party of India (Democratic),701,1
2022,Assembly,UP,JAUNPUR,366,14,YASHWANT KUMAR GUPTA,Gandhiyan Peoples Party,497,0
2022,Assembly,UP,JAUNPUR,366,15,RAM KESH YADAV,Bahujan Mukti Party,555,2
2022,Assembly,UP,JAUNPUR,366,16,VIKAS KUMAR PANDEY,Aam Janta Party (India),1262,0
2022,Assembly,UP,JAUNPUR,366,17,DR VINOD KUMAR SINGH VATS,Aam Aadmi Party,763,0
2022,Assembly,UP,JAUNPUR,366,18,ER.VIVEK  MAURYA,Jan Adhikar Party,1466,9
2022,Assembly,UP,JAUNPUR,366,19,SHASHI DUBEY,Shiv Sena,222,0
2022,Assembly,UP,JAUNPUR,366,20,SUNIL KUMAR UPADHYAY,Rashtriya Jan Gaurav Party,649,1
2022,Assembly,UP,JAUNPUR,366,21,AKHILESH KUMAR SINGH,Independent,272,0
2022,Assembly,UP,JAUNPUR,366,22,AMAN KHAN,Independent,496,0
2022,Assembly,UP,JAUNPUR,366,23,RADHA KRISHNA,Independent,223,0
2022,Assembly,UP,JAUNPUR,366,24,VIJAY KUMAR UPADHYAY,Independent,114,0
2022,Assembly,UP,JAUNPUR,366,25,VISHAL,Independent,218,0
2022,Assembly,UP,JAUNPUR,366,26,NOTA,None of the Above,538,4
2022,Assembly,UP,MALHANI,367,1,KRISHNA PRATAP SINGH K.P.,Bharatiya Janata Party,18190,129
2022,Assembly,UP,MALHANI,367,2,PUSHPA SHUKLA,Indian National Congress,1440,4
2022,Assembly,UP,MALHANI,367,3,LUCKY YADAV,Samajwadi Party,95784,1573
2022,Assembly,UP,MALHANI,367,4,SHAILENDRA YADAV,Bahujan Samaj Party,23842,165
2022,Assembly,UP,MALHANI,367,5,AVANISH TIWARI PRINCE,Log Party,754,2
2022,Assembly,UP,MALHANI,367,6,JAY PRAKASH,Aam Aadmi Party,2695,2
2022,Assembly,UP,MALHANI,367,7,DHANANJAY SINGH,Janata Dal  (United),79338,492
2022,Assembly,UP,MALHANI,367,8,NAVEEN KUMAR,Voters Party  International,653,0
2022,Assembly,UP,MALHANI,367,9,MANOJ YADAV,Bahujan Mukti Party,366,0
2022,Assembly,UP,MALHANI,367,10,RAHUL SINGH,Bharat Swabhiman Party,656,1
2022,Assembly,UP,MALHANI,367,11,VISHAL PANDEY,Bhartiya Dharmanirpeksha Party,639,1
2022,Assembly,UP,MALHANI,367,12,MUSTAKIM,Independent,634,2
2022,Assembly,UP,MALHANI,367,13,NOTA,None of the Above,1330,3
2022,Assembly,UP,MUNGRA BADSHAHPUR,368,1,AJAY SHANKAR DUBEY,Bharatiya Janata Party,86528,290
2022,Assembly,UP,MUNGRA BADSHAHPUR,368,2,DINESH KUMAR SHUKLA,Bahujan Samaj Party,32483,114
2022,Assembly,UP,MUNGRA BADSHAHPUR,368,3,PANKAJ,Samajwadi Party,91266,782
2022,Assembly,UP,MUNGRA BADSHAHPUR,368,4,PRAMOD KUMAR SINGH,Indian National Congress,1823,7
2022,Assembly,UP,MUNGRA BADSHAHPUR,368,5,AJAY KUMAR,Moolniwasi Samaj Party,166,0
2022,Assembly,UP,MUNGRA BADSHAHPUR,368,6,JITENDRA KUMAR,Bharatrashtra Democratic Party,199,0
2022,Assembly,UP,MUNGRA BADSHAHPUR,368,7,NEELAM KUMAR,Samaj Parivartan Party,137,0
2022,Assembly,UP,MUNGRA BADSHAHPUR,368,8,MATTU LAL,Vikassheel Insaan Party,331,1
2022,Assembly,UP,MUNGRA BADSHAHPUR,368,9,MADHAVENDRA PRATAP,Shiv Sena,257,3
2022,Assembly,UP,MUNGRA BADSHAHPUR,368,10,MUSTAK AHAMAD,Log Party,180,0
2022,Assembly,UP,MUNGRA BADSHAHPUR,368,11,RAMJAN ALI,All India Majlis-E-Ittehadul Muslimeen,1001,0
2022,Assembly,UP,MUNGRA BADSHAHPUR,368,12,VYANKTESH BAHADUR,Bhartiya Dharmanirpeksha Party,273,0
2022,Assembly,UP,MUNGRA BADSHAHPUR,368,13,SUSHIL KUMAR,Moulik Adhikar Party,845,1
2022,Assembly,UP,MUNGRA BADSHAHPUR,368,14,ANIL KUMAR,Independent,928,1
2022,Assembly,UP,MUNGRA BADSHAHPUR,368,15,JYOTI PRAKASH,Independent,817,0
2022,Assembly,UP,MUNGRA BADSHAHPUR,368,16,NOTA,None of the Above,1265,2
2022,Assembly,UP,MACHHLISHAHR,369,1,MALA DEVI,Indian National Congress,2176,2
2022,Assembly,UP,MACHHLISHAHR,369,2,MEHI LAL,Bharatiya Janata Party,82944,231
2022,Assembly,UP,MACHHLISHAHR,369,3,DR. RAGINI,Samajwadi Party,90831,828
2022,Assembly,UP,MACHHLISHAHR,369,4,VIJAY KUMAR,Bahujan Samaj Party,34941,118
2022,Assembly,UP,MACHHLISHAHR,369,5,ACHCHHELAL,Rashtra Uday Party,844,0
2022,Assembly,UP,MACHHLISHAHR,369,6,PALAK DHARI,Peoples Party of India (Democratic),707,0
2022,Assembly,UP,MACHHLISHAHR,369,7,PREMCHAND GAUTAM,Aam Aadmi Party,358,0
2022,Assembly,UP,MACHHLISHAHR,369,8,S. P. MANAV,Aazad Samaj Party (Kanshi Ram),1625,4
2022,Assembly,UP,MACHHLISHAHR,369,9,RANG BAHADUR,Jan Adhikar Party,923,0
2022,Assembly,UP,MACHHLISHAHR,369,10,SATYA PRAKASH,Bharatrashtra Democratic Party,582,0
2022,Assembly,UP,MACHHLISHAHR,369,11,NOTA,None of the Above,1196,2
2022,Assembly,UP,MARIYAHU,370,1,ANAND DUBEY,Bahujan Samaj Party,32643,140
2022,Assembly,UP,MARIYAHU,370,2,MEERA PANDEY,Indian National Congress,1370,2
2022,Assembly,UP,MARIYAHU,370,3,SUSHMA PATEL,Samajwadi Party,73967,834
2022,Assembly,UP,MARIYAHU,370,4,ACHCHEY LAL,Aam Aadmi Party,923,3
2022,Assembly,UP,MARIYAHU,370,5,ATUL DUBEY,Bharatiya Samta Samaj Party,681,0
2022,Assembly,UP,MARIYAHU,370,6,ASHOK KUMAR,Vikassheel Insaan Party,671,0
2022,Assembly,UP,MARIYAHU,370,7,NIHARIKA GAUTAM,Bharatrashtra Democratic Party,1440,1
2022,Assembly,UP,MARIYAHU,370,8,DR R.K. PATEL,Apna Dal (Soneylal),75818,189
2022,Assembly,UP,MARIYAHU,370,9,RAMDHARI PAL,Rashtriya Samaj Paksha,1632,2
2022,Assembly,UP,MARIYAHU,370,10,SATESH KUMAR SHUKLA,Log Party,446,0
2022,Assembly,UP,MARIYAHU,370,11,SUSHIL KUMAR PATEL,Janata Dal  (United),778,2
2022,Assembly,UP,MARIYAHU,370,12,SANTOSH KUMAR NISHAD,Independent,691,0
2022,Assembly,UP,MARIYAHU,370,13,NOTA,None of the Above,1431,0
2022,Assembly,UP,ZAFRABAD,371,1,LAXMI NAGAR,Indian National Congress,2227,8
2022,Assembly,UP,ZAFRABAD,371,2,Dr. SANTOSH KUMAR MISHRA,Bahujan Samaj Party,35069,165
2022,Assembly,UP,ZAFRABAD,371,3,Dr. HARENDRA PRASAD SINGH,Bharatiya Janata Party,84036,292
2022,Assembly,UP,ZAFRABAD,371,4,JAGDISH NARAYAN,Suheldev Bharatiya Samaj Party,89494,1126
2022,Assembly,UP,ZAFRABAD,371,5,BRIJESH KUMAR,Jan Adhikar Party,2655,1
2022,Assembly,UP,ZAFRABAD,371,6,RAKESH CHAUHAN,Aam Janta Party (India),730,0
2022,Assembly,UP,ZAFRABAD,371,7,VIJAY KUMAR PATHAK,Aam Aadmi Party,598,1
2022,Assembly,UP,ZAFRABAD,371,8,SANTOSH KUMAR SINGH,Bharatiya Nav Kranti Party,752,1
2022,Assembly,UP,ZAFRABAD,371,9,SANJEEV KUMAR UPADHYAY,Rashtriya Jan Gaurav Party,860,0
2022,Assembly,UP,ZAFRABAD,371,10,ABHISHEK SINGH (SONU),Independent,3781,5
2022,Assembly,UP,ZAFRABAD,371,11,NOTA,None of the Above,1549,1
2022,Assembly,UP,KERAKAT,372,1,Tufani Saroj,Samajwadi Party,93149,873
2022,Assembly,UP,KERAKAT,372,2,Dinesh Chaudhary,Bharatiya Janata Party,83809,369
2022,Assembly,UP,KERAKAT,372,3,Rajesh,Indian National Congress,2684,4
2022,Assembly,UP,KERAKAT,372,4,Lalbahadur,Bahujan Samaj Party,51380,253
2022,Assembly,UP,KERAKAT,372,5,Pappu,Vikassheel Insaan Party,2588,2
2022,Assembly,UP,KERAKAT,372,6,Ravi Prakash,Bahujan Mukti Party,464,1
2022,Assembly,UP,KERAKAT,372,7,Ram Bachan,Bharat Swabhiman Party,426,0
2022,Assembly,UP,KERAKAT,372,8,Sushma Devi,Bharatrashtra Democratic Party,749,0
2022,Assembly,UP,KERAKAT,372,9,Sanjay Prasad,Bhartiya Shakti Chetna Party,572,3
2022,Assembly,UP,KERAKAT,372,10,Subas,Independent,784,1
2022,Assembly,UP,KERAKAT,372,11,NOTA,None of the Above,2146,1
2022,Assembly,UP,JAKHANIAN,373,1,RAMRAJ,Bharatiya Janata Party,76212,301
2022,Assembly,UP,JAKHANIAN,373,2,RAM SUKLA RAM,Communist Party of India,1476,8
2022,Assembly,UP,JAKHANIAN,373,3,VIJAY KUMAR,Bahujan Samaj Party,51329,256
2022,Assembly,UP,JAKHANIAN,373,4,SUNIL KUMAR,Indian National Congress,1910,16
2022,Assembly,UP,JAKHANIAN,373,5,ACHHE LAL BHARTI,Bharat Swabhiman Party,318,1
2022,Assembly,UP,JAKHANIAN,373,6,DEEPAK,Bharatiya Samta Samaj Party,1575,3
2022,Assembly,UP,JAKHANIAN,373,7,BEDI,Suheldev Bharatiya Samaj Party,112355,1023
2022,Assembly,UP,JAKHANIAN,373,8,RANANJAY,Bhartiya Panchsheel Party,885,0
2022,Assembly,UP,JAKHANIAN,373,9,RAMASHANKAR,Bahujan Mukti Party,339,0
2022,Assembly,UP,JAKHANIAN,373,10,RAMBACHAN RAM,Jan Adhikar Party,973,4
2022,Assembly,UP,JAKHANIAN,373,11,LAKHANDAR,Peoples Party of India (Democratic),780,0
2022,Assembly,UP,JAKHANIAN,373,12,VINAY KUMAR,Aazad Samaj Party (Kanshi Ram),1315,6
2022,Assembly,UP,JAKHANIAN,373,13,SOMARU RAM,Aam Aadmi Party,754,4
2022,Assembly,UP,JAKHANIAN,373,14,HARILAL,Marxist Communist Party of India (United),779,1
2022,Assembly,UP,JAKHANIAN,373,15,RAJEEV KUMAR,Independent,439,2
2022,Assembly,UP,JAKHANIAN,373,16,NOTA,None of the Above,1543,1
2022,Assembly,UP,SAIDPUR,374,1,ANKIT BHARTI,Samajwadi Party,108523,1188
2022,Assembly,UP,SAIDPUR,374,2,BINOD KUMAR,Bahujan Samaj Party,44867,230
2022,Assembly,UP,SAIDPUR,374,3,SEEMA DEVI,Indian National Congress,1688,16
2022,Assembly,UP,SAIDPUR,374,4,SUBHASH PASSI,Bharatiya Janata Party,72731,345
2022,Assembly,UP,SAIDPUR,374,5,DINESH,Bahujan Mukti Party,661,1
2022,Assembly,UP,SAIDPUR,374,6,RAKESH,Aam Aadmi Party,635,3
2022,Assembly,UP,SAIDPUR,374,7,RAMLOCHAN,Jan Adhikar Party,2083,7
2022,Assembly,UP,SAIDPUR,374,8,DURGESH,Independent,324,0
2022,Assembly,UP,SAIDPUR,374,9,NIRMALA,Independent,580,0
2022,Assembly,UP,SAIDPUR,374,10,RAMLAL,Independent,844,12
2022,Assembly,UP,SAIDPUR,374,11,NOTA,None of the Above,1884,14
2022,Assembly,UP,GHAZIPUR,375,1,JAIKISHAN,Samajwadi Party,91147,1325
2022,Assembly,UP,GHAZIPUR,375,2,DR. RAJ KUMAR SINGH GAUTAM,Bahujan Samaj Party,33600,331
2022,Assembly,UP,GHAZIPUR,375,3,RUDRA DUTT TIWARI,Communist Party of India,724,4
2022,Assembly,UP,GHAZIPUR,375,4,LAUTAN,Indian National Congress,1228,6
2022,Assembly,UP,GHAZIPUR,375,5,DR. SANGEETA BALWANT,Bharatiya Janata Party,90182,598
2022,Assembly,UP,GHAZIPUR,375,6,KUSUM TIWARI,Loktantrik Janshakti Party,744,2
2022,Assembly,UP,GHAZIPUR,375,7,KESHA DEVI,Bharatiya Samta Samaj Party,251,1
2022,Assembly,UP,GHAZIPUR,375,8,CHHANGUR PRASAD MAURYA,Bahujan Mukti Party,211,1
2022,Assembly,UP,GHAZIPUR,375,9,DILSHAD AHMAD,Hamdard Party,274,1
2022,Assembly,UP,GHAZIPUR,375,10,BIHARI LAL SINGH,Aam Aadmi Party,503,4
2022,Assembly,UP,GHAZIPUR,375,11,RAMCHANDRA,Akhil Bharatiya Socialist Party,205,2
2022,Assembly,UP,GHAZIPUR,375,12,SATYAADEV SINGH,Rashtrawadi Janlok Party (Satya),482,0
2022,Assembly,UP,GHAZIPUR,375,13,MD. SAD ADIL,All India Majlis-E-Ittehadul Muslimeen,1252,8
2022,Assembly,UP,GHAZIPUR,375,14,DHANANJAY KUMAR TIWARI,Independent,368,2
2022,Assembly,UP,GHAZIPUR,375,15,LALIT MOHAN,Independent,511,1
2022,Assembly,UP,GHAZIPUR,375,16,SAMTA BIND,Independent,1111,0
2022,Assembly,UP,GHAZIPUR,375,17,SURESH BIND,Independent,683,0
2022,Assembly,UP,GHAZIPUR,375,18,SANJAY KUMAR BIND,Independent,290,0
2022,Assembly,UP,GHAZIPUR,375,19,SANTOSH SINGH KUSHWAHA,Independent,122,0
2022,Assembly,UP,GHAZIPUR,375,20,NOTA,None of the Above,421,0
2022,Assembly,UP,JANGIPUR,376,1,AJAY RAJBHAR,Indian National Congress,1560,10
2022,Assembly,UP,JANGIPUR,376,2,DR. MUKESH SINGH,Bahujan Samaj Party,47548,309
2022,Assembly,UP,JANGIPUR,376,3,RAM NARESH KUSHWAHA,Bharatiya Janata Party,67534,528
2022,Assembly,UP,JANGIPUR,376,4,DR. RAM BADAN SINGH,Communist Party of India,2131,5
2022,Assembly,UP,JANGIPUR,376,5,VIRENDRA KUMAR YADAV,Samajwadi Party,102091,1034
2022,Assembly,UP,JANGIPUR,376,6,KALICHARAN SINGH YADAV,Aam Aadmi Party,735,5
2022,Assembly,UP,JANGIPUR,376,7,JAI SINGH,Aazad Samaj Party (Kanshi Ram),443,1
2022,Assembly,UP,JANGIPUR,376,8,DUNIYA RAM,Bahujan Mukti Party,246,4
2022,Assembly,UP,JANGIPUR,376,9,MANISH KUMAR CHAUDHARY,Vikassheel Insaan Party,613,2
2022,Assembly,UP,JANGIPUR,376,10,YOGENDRA KUSHWAHA,Jan Adhikar Party,2583,15
2022,Assembly,UP,JANGIPUR,376,11,HARINDAR,Sarv Rajya Party,414,1
2022,Assembly,UP,JANGIPUR,376,12,MANJU  LATA,Independent,434,6
2022,Assembly,UP,JANGIPUR,376,13,RAM BACHAN SINGH YADAV,Independent,1041,3
2022,Assembly,UP,JANGIPUR,376,14,NOTA,None of the Above,1160,9
2022,Assembly,UP,ZAHOORABAD,377,1,KALICHARAN,Bharatiya Janata Party,68920,308
2022,Assembly,UP,ZAHOORABAD,377,2,SAIYYADA SHADAB FATIMA,Bahujan Samaj Party,52885,259
2022,Assembly,UP,ZAHOORABAD,377,3,GYAN PRAKASH,Indian National Congress,1546,13
2022,Assembly,UP,ZAHOORABAD,377,4,ARVIND,Bhartiya Jan Nayak Party,363,1
2022,Assembly,UP,ZAHOORABAD,377,5,ARVIND VARMA,Janata Dal  (United),1322,0
2022,Assembly,UP,ZAHOORABAD,377,6,OM PRAKASH RAJBHAR,Suheldev Bharatiya Samaj Party,114151,709
2022,Assembly,UP,ZAHOORABAD,377,7,JAI RAM,All India Forward Bloc,834,0
2022,Assembly,UP,ZAHOORABAD,377,8,MAHESH SINGH CHAUHAN,Rashtriya Lok Janta Party,503,2
2022,Assembly,UP,ZAHOORABAD,377,9,RAMPRAVESH,Marxist Communist Party of India (United),377,0
2022,Assembly,UP,ZAHOORABAD,377,10,LALMOHAR,Sarv Rajya Party,335,2
2022,Assembly,UP,ZAHOORABAD,377,11,SHIVPUJAN,Aam Aadmi Party,560,4
2022,Assembly,UP,ZAHOORABAD,377,12,SHAUKAT ALI,All India Majlis-E-Ittehadul Muslimeen,1524,1
2022,Assembly,UP,ZAHOORABAD,377,13,SATYAA DEV SINGH,Rashtrawadi Janlok Party (Satya),813,0
2022,Assembly,UP,ZAHOORABAD,377,14,NOTA,None of the Above,1832,2
2022,Assembly,UP,MOHAMMADABAD,378,1,Dr. Arvind Kishor Rai,Indian National Congress,2442,16
2022,Assembly,UP,MOHAMMADABAD,378,2,ALKA RAI,Bharatiya Janata Party,92028,656
2022,Assembly,UP,MOHAMMADABAD,378,3,MADHVENDRA RAI,Bahujan Samaj Party,32306,134
2022,Assembly,UP,MOHAMMADABAD,378,4,SUHAIB Alias MANNU ANSARI,Samajwadi Party,110683,760
2022,Assembly,UP,MOHAMMADABAD,378,5,MD. ISMAIL ANSARI,All India Minorities Front,886,4
2022,Assembly,UP,MOHAMMADABAD,378,6,MANOJ YADAV,Aam Aadmi Party,585,4
2022,Assembly,UP,MOHAMMADABAD,378,7,SANJAY SINGH KUSHWAHA,Jan Adhikar Party,2507,15
2022,Assembly,UP,MOHAMMADABAD,378,8,AVADH BIHARI SINGH YADAV,Independent,486,0
2022,Assembly,UP,MOHAMMADABAD,378,9,KANHAIYA,Independent,578,1
2022,Assembly,UP,MOHAMMADABAD,378,10,RAMPYARI,Independent,555,1
2022,Assembly,UP,MOHAMMADABAD,378,11,NOTA,None of the Above,1563,4
2022,Assembly,UP,ZAMANIA,379,1,OM PRAKASH,Samajwadi Party,93926,769
2022,Assembly,UP,ZAMANIA,379,2,FARAJANA,Indian National Congress,1326,7
2022,Assembly,UP,ZAMANIA,379,3,MOHAMMAD YUSUFE ALI KHAN,Bahujan Samaj Party,53003,300
2022,Assembly,UP,ZAMANIA,379,4,SUNITA SINGH,Bharatiya Janata Party,71781,458
2022,Assembly,UP,ZAMANIA,379,5,ISHWARI,Communist Party of India  (Marxist-Leninist)  (Liberation),1300,3
2022,Assembly,UP,ZAMANIA,379,6,RAVI PRAKASH,Aam Aadmi Party,469,5
2022,Assembly,UP,ZAMANIA,379,7,RAMPRASAD,Bahujan Mukti Party,207,1
2022,Assembly,UP,ZAMANIA,379,8,SAHATU,Jan Adhikar Party,5250,8
2022,Assembly,UP,ZAMANIA,379,9,SEEMA DEVI,Shiv Sena,376,1
2022,Assembly,UP,ZAMANIA,379,10,AKHAND PRATAP,Independent,275,6
2022,Assembly,UP,ZAMANIA,379,11,JANG BAHADUR,Independent,460,1
2022,Assembly,UP,ZAMANIA,379,12,RAJENDRA PRASAD,Independent,528,2
2022,Assembly,UP,ZAMANIA,379,13,RAMASHRAY,Independent,713,3
2022,Assembly,UP,ZAMANIA,379,14,SARVDEO SINGH ALIAS DR. SARVDEO SINGH YOGACHARYA KALAM,Independent,536,1
2022,Assembly,UP,ZAMANIA,379,15,NOTA,None of the Above,1672,3
2022,Assembly,UP,MUGHALSARAI,380,1,IRSHAD AHAMAD,Bahujan Samaj Party,31490,112
2022,Assembly,UP,MUGHALSARAI,380,2,CHANDRA SHEKHAR YADAV,Samajwadi Party,86819,476
2022,Assembly,UP,MUGHALSARAI,380,3,CHHABBU,Indian National Congress,5336,8
2022,Assembly,UP,MUGHALSARAI,380,4,RAMESH JAISWAL,Bharatiya Janata Party,101954,262
2022,Assembly,UP,MUGHALSARAI,380,5,AJIT KUMAR SINGH,Samagra Utthan Party,830,1
2022,Assembly,UP,MUGHALSARAI,380,6,ABID ALI,All India Majlis-E-Ittehadul Muslimeen,4669,8
2022,Assembly,UP,MUGHALSARAI,380,7,DAYANIDHI SINGH YADAV,Bahujan Mukti Party,356,1
2022,Assembly,UP,MUGHALSARAI,380,8,BRIJESH KUMAR,Moulik Adhikar Party,517,0
2022,Assembly,UP,MUGHALSARAI,380,9,RAJOO PRASAD PRAJAPATI,Suheldev Bharatiya Samaj Party,591,0
2022,Assembly,UP,MUGHALSARAI,380,10,SHAILESH KUMAR,Vikassheel Insaan Party,4077,2
2022,Assembly,UP,MUGHALSARAI,380,11,SAJID ALI,Aam Aadmi Party,591,2
2022,Assembly,UP,MUGHALSARAI,380,12,INAYATULLAH KHAN,Independent,455,1
2022,Assembly,UP,MUGHALSARAI,380,13,VIKESH KUMAR,Independent,818,0
2022,Assembly,UP,MUGHALSARAI,380,14,NOTA,None of the Above,1694,6
2022,Assembly,UP,SAKALDIHA,381,1,JAYSHYAM,Bahujan Samaj Party,43503,253
2022,Assembly,UP,SAKALDIHA,381,2,DEVENDRA PRATAP,Indian National Congress,5110,25
2022,Assembly,UP,SAKALDIHA,381,3,PRABHU NARAYAN YADAV,Samajwadi Party,85309,1019
2022,Assembly,UP,SAKALDIHA,381,4,SURYAMUNI TIWARI,Bharatiya Janata Party,69265,402
2022,Assembly,UP,SAKALDIHA,381,5,CHANDA,Jan Adhikar Party,3521,6
2022,Assembly,UP,SAKALDIHA,381,6,RAVIKANT VISHWAKARMA,Aam Janta Party (India),415,2
2022,Assembly,UP,SAKALDIHA,381,7,RAMDHARI YADAV,Rashtriya Krishak Dal,496,0
2022,Assembly,UP,SAKALDIHA,381,8,SHAMEEM RAYIN,Bahujan Mukti Party,629,5
2022,Assembly,UP,SAKALDIHA,381,9,SHYAM LAL SHARMA,Moulik Adhikar Party,591,0
2022,Assembly,UP,SAKALDIHA,381,10,NOTA,None of the Above,1566,1
2022,Assembly,UP,SAIYADRAJA,382,1,AMIT KUMAR YADAV URF LALA,Bahujan Samaj Party,36694,154
2022,Assembly,UP,SAIYADRAJA,382,2,MANOJ KUMAR,Samajwadi Party,76320,654
2022,Assembly,UP,SAIYADRAJA,382,3,VIMLA,Indian National Congress,2147,8
2022,Assembly,UP,SAIYADRAJA,382,4,SUSHIL SINGH,Bharatiya Janata Party,87546,345
2022,Assembly,UP,SAIYADRAJA,382,5,MAHESH KUMAR,Janta Raj Party,748,1
2022,Assembly,UP,SAIYADRAJA,382,6,SHAHZAMA KHAN SHAHI,Jan Adhikar Party,1746,3
2022,Assembly,UP,SAIYADRAJA,382,7,SIDDHARTH PRAAN BAAHU,Aazad Samaj Party (Kanshi Ram),404,2
2022,Assembly,UP,SAIYADRAJA,382,8,SURESH SINGH,Aam Aadmi Party,289,4
2022,Assembly,UP,SAIYADRAJA,382,9,NEELU SINGH URF NEELAM SINGH,Independent,427,1
2022,Assembly,UP,SAIYADRAJA,382,10,RAMESH,Independent,260,0
2022,Assembly,UP,SAIYADRAJA,382,11,RAVINDRA,Independent,631,0
2022,Assembly,UP,SAIYADRAJA,382,12,NOTA,None of the Above,1645,2
2022,Assembly,UP,PINDRA,384,1,AJAY,Indian National Congress,48047,201
2022,Assembly,UP,PINDRA,384,2,AWADHESH KUMAR SINGH,Bharatiya Janata Party,84128,197
2022,Assembly,UP,PINDRA,384,3,BABULAL,Bahujan Samaj Party,48588,178
2022,Assembly,UP,PINDRA,384,4,AMARNATH SINGH,Aam Aadmi Party,1977,7
2022,Assembly,UP,PINDRA,384,5,Rajesh Kumar Singh,Apna Dal (Kamerawadi),32798,222
2022,Assembly,UP,PINDRA,384,6,SHRIPRAKASH,Independent,1626,2
2022,Assembly,UP,PINDRA,384,7,NOTA,None of the Above,2575,1
2022,Assembly,UP,AJAGARA,385,1,TRIBHUWAN RAM,Bharatiya Janata Party,100812,276
2022,Assembly,UP,AJAGARA,385,2,RAGHUNATH CHAUDHARI,Bahujan Samaj Party,42153,148
2022,Assembly,UP,AJAGARA,385,3,HEMA DEVI,Indian National Congress,2112,18
2022,Assembly,UP,AJAGARA,385,4,BAGESHWAR,Sarvjan Sanatan Party,564,2
2022,Assembly,UP,AJAGARA,385,5,RAJPATI BANVASI,Rashtriya Vikas Manch Party,376,2
2022,Assembly,UP,AJAGARA,385,6,VIDYA DEVI,Bahujan Mukti Party,315,0
2022,Assembly,UP,AJAGARA,385,7,SATYA PRAKASH,Aam Aadmi Party,671,7
2022,Assembly,UP,AJAGARA,385,8,Sita Ram,Jan Adhikar Party,1763,3
2022,Assembly,UP,AJAGARA,385,9,SUNIL SONKAR,Suheldev Bharatiya Samaj Party,91460,468
2022,Assembly,UP,AJAGARA,385,10,ANOOP SHRAMIK,Independent,1030,1
2022,Assembly,UP,AJAGARA,385,11,VIDYA PRAKASH,Independent,822,1
2022,Assembly,UP,AJAGARA,385,12,NOTA,None of the Above,2067,3
2022,Assembly,UP,SHIVPUR,386,1,Anil Rajbhar,Bharatiya Janata Party,114906,325
2022,Assembly,UP,SHIVPUR,386,2,Girish,Indian National Congress,3392,25
2022,Assembly,UP,SHIVPUR,386,3,Ravi Maurya,Bahujan Samaj Party,40429,172
2022,Assembly,UP,SHIVPUR,386,4,Arvind Rajbhar,Suheldev Bharatiya Samaj Party,87075,469
2022,Assembly,UP,SHIVPUR,386,5,Usha,Aam Janta Party (India),1229,1
2022,Assembly,UP,SHIVPUR,386,6,Manoj Kumar Maurya,Jan Adhikar Party,1470,3
2022,Assembly,UP,SHIVPUR,386,7,NOTA,None of the Above,2286,9
2022,Assembly,UP,ROHANIYA,387,1,ARUN SINGH PATEL,Bahujan Samaj Party,26226,130
2022,Assembly,UP,ROHANIYA,387,2,RAJESHWAR SINGH PATEL,Indian National Congress,16670,115
2022,Assembly,UP,ROHANIYA,387,3,ABHAY PATEL,Apna Dal (Kamerawadi),71728,463
2022,Assembly,UP,ROHANIYA,387,4,AMIT PURI,Apna Bharatiya Sanatan Party,1442,9
2022,Assembly,UP,ROHANIYA,387,5,URMILA DEVI,Bahujan Mukti Party,1302,7
2022,Assembly,UP,ROHANIYA,387,6,PALLAVI VERMA,Aam Aadmi Party,2182,37
2022,Assembly,UP,ROHANIYA,387,7,DR. SUNIL PATEL,Apna Dal (Soneylal),118329,334
2022,Assembly,UP,ROHANIYA,387,8,SUSHIL KASHYAP,Janata Dal  (United),1365,10
2022,Assembly,UP,ROHANIYA,387,9,SANJIV,Peoples Party of India (Democratic),2656,5
2022,Assembly,UP,ROHANIYA,387,10,RAJAN KUMAR SINGH,Independent,812,4
2022,Assembly,UP,ROHANIYA,387,11,NOTA,None of the Above,2956,11
2022,Assembly,UP,VARANASI NORTH,388,1,Ashfaque,Samajwadi Party,93061,634
2022,Assembly,UP,VARANASI NORTH,388,2,Gulerana Sabassum,Indian National Congress,3080,22
2022,Assembly,UP,VARANASI NORTH,388,3,Ravindra Jaiswal,Bharatiya Janata Party,133833,638
2022,Assembly,UP,VARANASI NORTH,388,4,Shyam Prakash,Bahujan Samaj Party,10387,70
2022,Assembly,UP,VARANASI NORTH,388,5,Dr. Ashish Kumar Jaiswal,Aam Aadmi Party,969,10
2022,Assembly,UP,VARANASI NORTH,388,6,Harish Mishra,All India Majlis-E-Ittehadul Muslimeen,1642,1
2022,Assembly,UP,VARANASI NORTH,388,7,Asif Iqbal,Independent,346,0
2022,Assembly,UP,VARANASI NORTH,388,8,NOTA,None of the Above,1530,2
2022,Assembly,UP,VARANASI SOUTH,389,1,Kameshwar alias Kishan Dixit,Samajwadi Party,88697,203
2022,Assembly,UP,VARANASI SOUTH,389,2,Dinesh Kasaudhan,Bahujan Samaj Party,1848,7
2022,Assembly,UP,VARANASI SOUTH,389,3,Dr. Neelkanth Tiwari,Bharatiya Janata Party,99416,206
2022,Assembly,UP,VARANASI SOUTH,389,4,Mudita Kapoor,Indian National Congress,2161,5
2022,Assembly,UP,VARANASI SOUTH,389,5,Ajeet Singh,Aam Aadmi Party,918,4
2022,Assembly,UP,VARANASI SOUTH,389,6,Arpan Pathak,Lok Janshakti Party(Ram Vilas),103,0
2022,Assembly,UP,VARANASI SOUTH,389,7,Parvez Quadir Khan,All India Majlis-E-Ittehadul Muslimeen,585,5
2022,Assembly,UP,VARANASI SOUTH,389,8,Virendra Kumar Gupta,Aazad Samaj Party (Kanshi Ram),109,0
2022,Assembly,UP,VARANASI SOUTH,389,9,Shiv Prasad Gupta,Right to Recall Party,149,0
2022,Assembly,UP,VARANASI SOUTH,389,10,Subhash Chandra Chaurasiya,Rashtriya Bhagidari Party,265,0
2022,Assembly,UP,VARANASI SOUTH,389,11,Reyazuddhin,Independent,163,0
2022,Assembly,UP,VARANASI SOUTH,389,12,NOTA,None of the Above,936,2
2022,Assembly,UP,VARANASI CANTT.,390,1,Kaoshik Kumar Pandey,Bahujan Samaj Party,7014,54
2022,Assembly,UP,VARANASI CANTT.,390,2,Pooja Yadav,Samajwadi Party,60576,413
2022,Assembly,UP,VARANASI CANTT.,390,3,Rajesh Kumar Mishra,Indian National Congress,23685,122
2022,Assembly,UP,VARANASI CANTT.,390,4,Saurabh  Srivastava,Bharatiya Janata Party,147253,580
2022,Assembly,UP,VARANASI CANTT.,390,5,Rakesh Pandey,Aam Aadmi Party,1163,2
2022,Assembly,UP,VARANASI CANTT.,390,6,Sheikh Ambar,Rashtriya Jantantrik Bharat Vikas Party,213,2
2022,Assembly,UP,VARANASI CANTT.,390,7,Shrikant Arya,Bahujan Mukti Party,309,0
2022,Assembly,UP,VARANASI CANTT.,390,8,Santosh Kumar Maurya,Jan Adhikar Party,559,1
2022,Assembly,UP,VARANASI CANTT.,390,9,Sahid Chaudhari,Independent,352,1
2022,Assembly,UP,VARANASI CANTT.,390,10,NOTA,None of the Above,1517,5
2022,Assembly,UP,SEVAPURI,391,1,Arvind Kumar Tripathi,Bahujan Samaj Party,24006,59
2022,Assembly,UP,SEVAPURI,391,2,Anju Anand Singh,Indian National Congress,2960,14
2022,Assembly,UP,SEVAPURI,391,3,Neel Ratan Singh,Bharatiya Janata Party,104913,250
2022,Assembly,UP,SEVAPURI,391,4,Surendra Singh Patel,Samajwadi Party,82234,398
2022,Assembly,UP,SEVAPURI,391,5,Kailash Patel,Aam Aadmi Party,1141,4
2022,Assembly,UP,SEVAPURI,391,6,Guru Prasad Singh,Lok Bandhu Party,437,1
2022,Assembly,UP,SEVAPURI,391,7,Jai Prakash,Insaafwadi Party,385,2
2022,Assembly,UP,SEVAPURI,391,8,Surendra,Jan Adhikar Party,621,2
2022,Assembly,UP,SEVAPURI,391,9,Santosh,Moulik Adhikar Party,986,0
2022,Assembly,UP,SEVAPURI,391,10,Manoj Kumar Chaubey,Independent,908,2
2022,Assembly,UP,SEVAPURI,391,11,NOTA,None of the Above,1584,3
2022,Assembly,UP,BHADOHI,392,1,ZAHID,Samajwadi Party,99996,742
2022,Assembly,UP,BHADOHI,392,2,RAVINDRA NATH TRIPATHI,Bharatiya Janata Party,95556,297
2022,Assembly,UP,BHADOHI,392,3,VASIM ANSARI,Indian National Congress,2346,7
2022,Assembly,UP,BHADOHI,392,4,HARISHANKAR (DADA CHAUHAN),Bahujan Samaj Party,40630,128
2022,Assembly,UP,BHADOHI,392,5,KALADHAR,Aam Aadmi Party,762,2
2022,Assembly,UP,BHADOHI,392,6,DIYAM SINGH  'GAHARWAR',Janata Dal  (United),879,2
2022,Assembly,UP,BHADOHI,392,7,PANKAJ KUMAR DWIVEDI,Lok Dal,527,1
2022,Assembly,UP,BHADOHI,392,8,MAHESH KUMAR,Swarna Bharat Party,268,2
2022,Assembly,UP,BHADOHI,392,9,RAVISHANKAR,All India Majlis-E-Ittehadul Muslimeen,3120,7
2022,Assembly,UP,BHADOHI,392,10,SHYAM PAL,Rashtriya Samaj Paksha,680,1
2022,Assembly,UP,BHADOHI,392,11,SHWETA KUMARI,Jan Adhikar Party,1480,5
2022,Assembly,UP,BHADOHI,392,12,BINDU,Independent,784,2
2022,Assembly,UP,BHADOHI,392,13,NOTA,None of the Above,2141,0
2022,Assembly,UP,GYANPUR,393,1,UPENDRA KUMAR SINGH,Bahujan Samaj Party,30682,71
2022,Assembly,UP,GYANPUR,393,2,RAM KISHORE BIND,Samajwadi Party,66550,665
2022,Assembly,UP,GYANPUR,393,3,SURESH CHANDRA MISHRA,Indian National Congress,1936,9
2022,Assembly,UP,GYANPUR,393,4,DHARMRAJ,Swarna Bharat Party,663,3
2022,Assembly,UP,GYANPUR,393,5,RAMDHANI,Bhartiya Manav Samaj Party,1610,13
2022,Assembly,UP,GYANPUR,393,6,VIJAY MISHRA,Pragatisheel Manav Samaj Party,34782,203
2022,Assembly,UP,GYANPUR,393,7,VIPUL DUBEY,Nirbal Indian Shoshit Hamara Aam Dal,73251,195
2022,Assembly,UP,GYANPUR,393,8,SVATANTR KUMAR,Anjaan Aadmi Party,834,3
2022,Assembly,UP,GYANPUR,393,9,VIRENDRA TIRPATHI URF DABANG,Independent,1312,3
2022,Assembly,UP,GYANPUR,393,10,NOTA,None of the Above,2467,2
2022,Assembly,UP,AURAI,394,1,Anjani,Samajwadi Party,91427,617
2022,Assembly,UP,AURAI,394,2,Kamala Shankar,Bahujan Samaj Party,28361,52
2022,Assembly,UP,AURAI,394,3,Dinanath Bhashkar,Bharatiya Janata Party,93438,253
2022,Assembly,UP,AURAI,394,4,Sanjoo Devi,Indian National Congress,2690,4
2022,Assembly,UP,AURAI,394,5,Kavita Rai,Aam Aadmi Party,1009,0
2022,Assembly,UP,AURAI,394,6,Tedhai,All India Majlis-E-Ittehadul Muslimeen,2188,2
2022,Assembly,UP,AURAI,394,7,Babita,Vikassheel Insaan Party,2497,2
2022,Assembly,UP,AURAI,394,8,NOTA,None of the Above,2204,1
2022,Assembly,UP,CHHANBEY,395,1,KIRTI,Samajwadi Party,64046,343
2022,Assembly,UP,CHHANBEY,395,2,DHANESHWAR,Bahujan Samaj Party,32084,61
2022,Assembly,UP,CHHANBEY,395,3,BHAGWATI  PRASAD  CHAUDHARY,Indian National Congress,3916,19
2022,Assembly,UP,CHHANBEY,395,4,DHARMRAJ KOL,Communist Party of India  (Marxist-Leninist)  (Liberation),1688,0
2022,Assembly,UP,CHHANBEY,395,5,RAHUL PRAKASH KOL,Apna Dal (Soneylal),102366,136
2022,Assembly,UP,CHHANBEY,395,6,SHIV PUJAN,Rashtriya Samaj Paksha,3228,2
2022,Assembly,UP,CHHANBEY,395,7,SAROJ SARGAM,Bahujan Mukti Party,3031,4
2022,Assembly,UP,CHHANBEY,395,8,SARVESH KUMAR,Jan Adhikar Party,2589,2
2022,Assembly,UP,CHHANBEY,395,9,NOTA,None of the Above,3219,5
2022,Assembly,UP,MIRZAPUR,396,1,KAILASH  CHAURSIA,Samajwadi Party,77921,845
2022,Assembly,UP,MIRZAPUR,396,2,BHAGWAN DUTT PATHAK ALIAS RAJAN PATHAK,Indian National Congress,3648,26
2022,Assembly,UP,MIRZAPUR,396,3,RATNAKAR MISHRA,Bharatiya Janata Party,118263,379
2022,Assembly,UP,MIRZAPUR,396,4,RAJESH KUMAR PANDEY,Bahujan Samaj Party,19461,68
2022,Assembly,UP,MIRZAPUR,396,5,ANVAR ALI,Gareeb Samana Party,275,0
2022,Assembly,UP,MIRZAPUR,396,6,DHANANJAY KUMAR,Rashtriya Samaj Dal (R),159,0
2022,Assembly,UP,MIRZAPUR,396,7,BADRUDDIN HASHMI,All India Majlis-E-Ittehadul Muslimeen,1101,2
2022,Assembly,UP,MIRZAPUR,396,8,ADVOCATE BALESHWAR PRASAD YADAV,Rashtriya Samaj Paksha,347,0
2022,Assembly,UP,MIRZAPUR,396,9,VIPIN KUMAR SRIVASTAVA,Suraksha Samaj Party,204,0
2022,Assembly,UP,MIRZAPUR,396,10,SURESH SINGH ADVOCATE,Aam Aadmi Party,388,2
2022,Assembly,UP,MIRZAPUR,396,11,SANTOSH KUMAR TAMANNA,National Democratic Peoples Front,338,1
2022,Assembly,UP,MIRZAPUR,396,12,SANDEEP KUMAR SONKAR,Aazad Samaj Party (Kanshi Ram),674,1
2022,Assembly,UP,MIRZAPUR,396,13,CHANDRIKA PRASAD,Independent,1293,0
2022,Assembly,UP,MIRZAPUR,396,14,JAGDISH PRASAD JAGAT SHASTRI,Independent,597,0
2022,Assembly,UP,MIRZAPUR,396,15,NOTA,None of the Above,1751,7
2022,Assembly,UP,MAJHAWAN,397,1,PUSPLATA BIND,Bahujan Samaj Party,52825,165
2022,Assembly,UP,MAJHAWAN,397,2,ROHIT SHUKLA,Samajwadi Party,69091,557
2022,Assembly,UP,MAJHAWAN,397,3,SHIV SHANKER CHAUBEY,Indian National Congress,3387,12
2022,Assembly,UP,MAJHAWAN,397,4,DR. AKHILESH KUMAR DWIVEDI,Janata Dal  (United),886,13
2022,Assembly,UP,MAJHAWAN,397,5,ARCHANA MISHRA,Lok Janshakti Party(Ram Vilas),808,8
2022,Assembly,UP,MAJHAWAN,397,6,ABHISHEK TRIPATHI,Pragatisheel Manav Samaj Party,1310,2
2022,Assembly,UP,MAJHAWAN,397,7,ISARAR AHMAD,Rashtriya Samaj Dal (R),1126,0
2022,Assembly,UP,MAJHAWAN,397,8,KAMALESH KUMAR MISHRA,Rashtravadi Vikas Party,623,2
2022,Assembly,UP,MAJHAWAN,397,9,DEEPA MAURYA,Jan Adhikar Party,2005,4
2022,Assembly,UP,MAJHAWAN,397,10,DEVENDRA PRASAD MISHRA,Vikassheel Insaan Party,818,2
2022,Assembly,UP,MAJHAWAN,397,11,MRITYUNJAY SINGH,Suraksha Samaj Party,1485,1
2022,Assembly,UP,MAJHAWAN,397,12,DR. VINOD KUMAR BIND,Nirbal Indian Shoshit Hamara Aam Dal,103064,171
2022,Assembly,UP,MAJHAWAN,397,13,SHESH DHAR DUBEY,Aam Aadmi Party,2356,5
2022,Assembly,UP,MAJHAWAN,397,14,KALLU,Independent,1919,0
2022,Assembly,UP,MAJHAWAN,397,15,NOTA,None of the Above,2743,3
2022,Assembly,UP,CHUNAR,398,1,ANURAG SINGH,Bharatiya Janata Party,110708,272
2022,Assembly,UP,CHUNAR,398,2,VIJAY KUMAR ALIAS A.V.BHAIYA,Bahujan Samaj Party,29303,86
2022,Assembly,UP,CHUNAR,398,3,SEEMA DEVI,Indian National Congress,4150,14
2022,Assembly,UP,CHUNAR,398,4,ANWAR ALI,Jan Adhikar Party,1335,3
2022,Assembly,UP,CHUNAR,398,5,AMIT KUMAR SINGH,Vikassheel Insaan Party,2778,4
2022,Assembly,UP,CHUNAR,398,6,RAMASHANKAR PRASAD SINGH,Apna Dal (Kamerawadi),62708,658
2022,Assembly,UP,CHUNAR,398,7,SATYENDER KUMAR ALIAS SATYENDER SINGH,Aam Aadmi Party,1360,12
2022,Assembly,UP,CHUNAR,398,8,SADANAND ALIAS SATANAND VISHWAKARAMA,Moulik Adhikar Party,1392,1
2022,Assembly,UP,CHUNAR,398,9,SANJAY ALIAS SANJAY SINGH PATEL,Janata Dal  (United),804,4
2022,Assembly,UP,CHUNAR,398,10,DINESH ALIAS DINESH PRAKASH SINGH,Independent,1308,2
2022,Assembly,UP,CHUNAR,398,11,NOTA,None of the Above,3917,4
2022,Assembly,UP,MARIHAN,399,1,GITA DEVI KOL,Indian National Congress,4920,8
2022,Assembly,UP,MARIHAN,399,2,NARENDRA SINGH KUSAWAHA,Bahujan Samaj Party,42411,55
2022,Assembly,UP,MARIHAN,399,3,RAMA SHANKAR SINGH,Bharatiya Janata Party,105260,117
2022,Assembly,UP,MARIHAN,399,4,RAVINDRA BAHADUR SINGH PATEL,Samajwadi Party,41690,317
2022,Assembly,UP,MARIHAN,399,5,DR ARVIND PATEL,Janata Dal  (United),1647,2
2022,Assembly,UP,MARIHAN,399,6,AWADHESH KUMAR SINGH ALIAS PAPPU PATEL,Apna Dal (Kamerawadi),23894,88
2022,Assembly,UP,MARIHAN,399,7,JEERA BHARTI,Communist Party of India  (Marxist-Leninist)  (Liberation),1247,0
2022,Assembly,UP,MARIHAN,399,8,BHAIYA LAL PAL,Rashtra Uday Party,4522,0
2022,Assembly,UP,MARIHAN,399,9,RAJDHAR SINGH,Rashtriya Samaj Dal (R),611,0
2022,Assembly,UP,MARIHAN,399,10,RAJAN SINGH,Aam Aadmi Party,1037,2
2022,Assembly,UP,MARIHAN,399,11,RADHESHYAM INSAN,Bhartiya Republican Party (Insan),892,1
2022,Assembly,UP,MARIHAN,399,12,RAMACHANDRA ALIAS GUDDU GOND,Peoples Party of India (Democratic),1901,1
2022,Assembly,UP,MARIHAN,399,13,RAMTEERATH  PAL,Rashtriya Samaj Paksha,2490,0
2022,Assembly,UP,MARIHAN,399,14,SATYANAND,Jan Adhikar Party,1442,1
2022,Assembly,UP,MARIHAN,399,15,NOTA,None of the Above,2177,0
2022,Assembly,UP,ROBERTSGANJ,401,1,AVINASH KUSHWAHA,Samajwadi Party,78449,426
2022,Assembly,UP,ROBERTSGANJ,401,2,AVINASH SHUKLA,Bahujan Samaj Party,32799,88
2022,Assembly,UP,ROBERTSGANJ,401,3,Kamlesh Kumar,Indian National Congress,2478,3
2022,Assembly,UP,ROBERTSGANJ,401,4,Bhupesh Chaubey,Bharatiya Janata Party,84354,142
2022,Assembly,UP,ROBERTSGANJ,401,5,Vijay Shanker Yadav,Communist Party of India,2557,0
2022,Assembly,UP,ROBERTSGANJ,401,6,Athar,Peace Party,691,0
2022,Assembly,UP,ROBERTSGANJ,401,7,Kiran Devi,Jan Adhikar Party,1047,3
2022,Assembly,UP,ROBERTSGANJ,401,8,Kuldeep Agrawal,Aam Aadmi Party,1125,1
2022,Assembly,UP,ROBERTSGANJ,401,9,HARENDRA MISHRA,"Rashtrawadi Party of India,",770,0
2022,Assembly,UP,ROBERTSGANJ,401,10,Om Prakash,Independent,1179,0
2022,Assembly,UP,ROBERTSGANJ,401,11,NOTA,None of the Above,3612,0
2022,Assembly,UP,OBRA,402,1,ARVIND KUMAR,Samajwadi Party,51526,396
2022,Assembly,UP,OBRA,402,2,RAMRAJ,Indian National Congress,4513,6
2022,Assembly,UP,OBRA,402,3,SUBHASH KHARWAR,Bahujan Samaj Party,20096,35
2022,Assembly,UP,OBRA,402,4,SANJEEV KUMAR,Bharatiya Janata Party,78243,121
2022,Assembly,UP,OBRA,402,5,UMASHANKAR,Vikassheel Insaan Party,2183,1
2022,Assembly,UP,OBRA,402,6,RAMAKANT,Aam Aadmi Party,1195,1
2022,Assembly,UP,OBRA,402,7,RAKESH KUMAR GOND,Suheldev Bharatiya Samaj Party,886,0
2022,Assembly,UP,OBRA,402,8,OMPRAKASH,Independent,860,0
2022,Assembly,UP,OBRA,402,9,NOTA,None of the Above,3077,0
2022,Assembly,UP,DUDDHI,403,1,BASANTI PANIKA,Indian National Congress,4519,14
2022,Assembly,UP,DUDDHI,403,2,RAMDULAR,Bharatiya Janata Party,84295,112
2022,Assembly,UP,DUDDHI,403,3,VIJAY SINGH,Samajwadi Party,77572,538
2022,Assembly,UP,DUDDHI,403,4,HARIRAM,Bahujan Samaj Party,23825,54
2022,Assembly,UP,DUDDHI,403,5,ASHOK KUMAR,Jan Adhikar Party,1758,0
2022,Assembly,UP,DUDDHI,403,6,KRIPASHANKAR,All India Peoples' Front (Radical),893,1
2022,Assembly,UP,DUDDHI,403,7,PUSHPA DEVI,Aam Aadmi Party,830,0
2022,Assembly,UP,DUDDHI,403,8,MISHRI LAL,Independent,1316,1
2022,Assembly,UP,DUDDHI,403,9,RAMLAL,Independent,2129,3
2022,Assembly,UP,DUDDHI,403,10,HRIDAY KUMAR,Independent,1852,1
2022,Assembly,UP,DUDDHI,403,11,NOTA,None of the Above,4756,0
2022,Assembly,UP,KARHAL,110,1,Akhilesh Yadav,Samajwadi Party,147237,959
2022,Assembly,UP,KARHAL,110,2,Kuladip Narayan,Bahujan Samaj Party,15643,58
2022,Assembly,UP,KARHAL,110,3,Prof. S.P. Singh Baghel,Bharatiya Janata Party,80455,237
2022,Assembly,UP,KARHAL,110,4,NOTA,None of the Above,1906,3
2022,Assembly,UP,CHAKIA,383,1,KAILASH,Bharatiya Janata Party,97600,212
2022,Assembly,UP,CHAKIA,383,2,JAINATH,Communist Party of India  (Marxist),2405,1
2022,Assembly,UP,CHAKIA,383,3,JITENDRA KUMAR,Samajwadi Party,88011,550
2022,Assembly,UP,CHAKIA,383,4,RAM SUMER RAM,Indian National Congress,2046,3
2022,Assembly,UP,CHAKIA,383,5,VIKAS AZAD,Bahujan Samaj Party,44463,67
2022,Assembly,UP,CHAKIA,383,6,ANIL,Communist Party of India  (Marxist-Leninist)  (Liberation),1179,0
2022,Assembly,UP,CHAKIA,383,7,RAMKISHUN,Sarvjan Sanatan Party,672,0
2022,Assembly,UP,CHAKIA,383,8,SUBASH SONAKAR,Jan Adhikar Party,5140,8
2022,Assembly,UP,CHAKIA,383,9,KAMALA SHANKR,Independent,888,1
2022,Assembly,UP,CHAKIA,383,10,RAMAVADH KHARWAR,Independent,1036,1
2022,Assembly,UP,CHAKIA,383,11,NOTA,None of the Above,2510,1
2022,Assembly,UP,GHORAWAL,400,1,Dr. Anil Kumar Maurya,Bharatiya Janata Party,101120,157
2022,Assembly,UP,GHORAWAL,400,2,Mohan Singh Kushwaha,Bahujan Samaj Party,46814,127
2022,Assembly,UP,GHORAWAL,400,3,Ramesh Chandra Dubey,Samajwadi Party,76775,580
2022,Assembly,UP,GHORAWAL,400,4,Videshwari Singh Rathore,Indian National Congress,10371,6
2022,Assembly,UP,GHORAWAL,400,5,ANITA,Janata Dal  (United),558,1
2022,Assembly,UP,GHORAWAL,400,6,Ramashankar,Aam Aadmi Party,443,0
2022,Assembly,UP,GHORAWAL,400,7,RANI SINGH,Jan Adhikar Party,1973,8
2022,Assembly,UP,GHORAWAL,400,8,Ram Charan,"Rashtrawadi Party of India,",520,0
2022,Assembly,UP,GHORAWAL,400,9,Surajeet Singh,Apna Dal (Kamerawadi),838,7
2022,Assembly,UP,GHORAWAL,400,10,Suresh,Communist Party of India  (Marxist-Leninist)  (Liberation),1089,1
2022,Assembly,UP,GHORAWAL,400,11,Beerbal,Independent,1541,2
2022,Assembly,UP,GHORAWAL,400,12,Rajesh Kumar,Independent,2929,0
2022,Assembly,UP,GHORAWAL,400,13,NOTA,None of the Above,4481,1
