election_year,election_type,election_state,constituency,constituency_no,serial_no,candidate,party,evm_votes,postal_votes
2023,Assembly,KA,NIPPANI,1,1,KAKASAHEB P. PATIL,Indian National Congress,43932,175
2023,Assembly,KA,NIPPANI,1,2,RAJARAM URF RAJU  POWAR,Janata Dal  (Secular),610,1
2023,Assembly,KA,NIPPANI,1,3,RAJESH  BANAVANNA,Aam Aadmi Party,557,15
2023,Assembly,KA,NIPPANI,1,4,JOLLE SHASHIKALA ANNASAHEB,Bharatiya Janata Party,72952,396
2023,Assembly,KA,NIPPANI,1,5,UTTAM RAOSAHEB PATIL,Nationalist Congress Party,65614,442
2023,Assembly,KA,NIPPANI,1,6,SHAKUNTALA ASHOK TELI,Kalyana Rajya Pragathi Paksha,645,1
2023,Assembly,KA,NIPPANI,1,7,JAYARAM  MIRAJKAR,Independent,369,2
2023,Assembly,KA,NIPPANI,1,8,JITENDRA SUBHASH NERLE,Independent,288,1
2023,Assembly,KA,NIPPANI,1,9,RAGHUNATH MALAKARI ARAGE,Independent,199,3
2023,Assembly,KA,NIPPANI,1,10,SAMBHAJIDADA BAPUSO THORAVAT,Independent,287,4
2023,Assembly,KA,NIPPANI,1,11,NOTA,None of the Above,914,5
2023,Assembly,KA,CHIKKODI-SADALGA,2,1,ARJUN BANDU MANE,Bahujan Samaj Party,1276,8
2023,Assembly,KA,CHIKKODI-SADALGA,2,2,GANESH PRAKASH HUKKERI,Indian National Congress,127324,1025
2023,Assembly,KA,CHIKKODI-SADALGA,2,3,KATTI RAMESH VISHWANATH,Bharatiya Janata Party,49575,265
2023,Assembly,KA,CHIKKODI-SADALGA,2,4,SHRIKANT MUDAGOUD PATIL,Aam Aadmi Party,404,2
2023,Assembly,KA,CHIKKODI-SADALGA,2,5,SUHAS SADASHIVAPPA WALKE,Janata Dal  (Secular),700,2
2023,Assembly,KA,CHIKKODI-SADALGA,2,6,APPASAHEB SHRIPATI KURANE,Indian Movement Party,167,0
2023,Assembly,KA,CHIKKODI-SADALGA,2,7,ISHWAR MARUTI GUDAJ,Bahujan Bharat Party,195,1
2023,Assembly,KA,CHIKKODI-SADALGA,2,8,KUMAR SAMBHAJI DONGARE,Karnataka Rashtra Samithi,145,2
2023,Assembly,KA,CHIKKODI-SADALGA,2,9,MANJUNATH BALU PARAGOUD,Karnataka Rajya Ryota Sangha,432,2
2023,Assembly,KA,CHIKKODI-SADALGA,2,10,DR. MILAN VITHAL KAMBLE,Independent,687,3
2023,Assembly,KA,CHIKKODI-SADALGA,2,11,MOHAN GURAPPA MOTANNAVAR,Independent,661,2
2023,Assembly,KA,CHIKKODI-SADALGA,2,12,NOTA,None of the Above,954,3
2023,Assembly,KA,ATHANI,3,1,MAHESH. IRANGOUDA. KUMATHALLI.,Bharatiya Janata Party,54805,477
2023,Assembly,KA,ATHANI,3,2,LAXMAN. SANGAPPA. SAVADI,Indian National Congress,130478,926
2023,Assembly,KA,ATHANI,3,3,SHASHIKANT PADASALAGI,Janata Dal  (Secular),1262,3
2023,Assembly,KA,ATHANI,3,4,SAMPATHKUMAR.SHETTI,Aam Aadmi Party,286,6
2023,Assembly,KA,ATHANI,3,5,BASAVARAJ. BHIMAPPA. BISANAKOPPA,Kalyana Rajya Pragathi Paksha,927,8
2023,Assembly,KA,ATHANI,3,6,BHARATESH BUJABALI KUDARI,Uttama Prajaakeeya Party,220,4
2023,Assembly,KA,ATHANI,3,7,SAGAR KUMBAR,Karnataka Rashtra Samithi,75,1
2023,Assembly,KA,ATHANI,3,8,SANJEEV HARISHCHANDRA KAMBLE,Azad Mazdoor Kissan Party,87,3
2023,Assembly,KA,ATHANI,3,9,JYOTIBA BAVUSAB JADHAV,Independent,155,2
2023,Assembly,KA,ATHANI,3,10,PAIGAMBAR GUDUSAB KOTTALAGI,Independent,104,0
2023,Assembly,KA,ATHANI,3,11,RAVI SHIVAPPA PADASALAGI,Independent,110,0
2023,Assembly,KA,ATHANI,3,12,DAVARI RAJU.  PARASHURAM,Independent,250,0
2023,Assembly,KA,ATHANI,3,13,RAJESH. BABU. SHINGE,Independent,1052,1
2023,Assembly,KA,ATHANI,3,14,NOTA,None of the Above,1029,8
2023,Assembly,KA,KAGWAD,4,1,BHARAMGOUDA ALAGOUDA KAGE,Indian National Congress,82838,549
2023,Assembly,KA,KAGWAD,4,2,MALLIKARJUN  SHRISHAIL  GUNJIGANVI,Janata Dal  (Secular),882,5
2023,Assembly,KA,KAGWAD,4,3,RAJAK  DASTAGEERSAHEB   MULLA,Aam Aadmi Party,329,1
2023,Assembly,KA,KAGWAD,4,4,SHRIMANT  BALASAHEB  PATIL,Bharatiya Janata Party,73948,612
2023,Assembly,KA,KAGWAD,4,5,SANJAY  SHANKAR  KAMBALE,Bahujan Samaj Party,629,3
2023,Assembly,KA,KAGWAD,4,6,VINOD SUKHADEV NANGARE,Karnataka Rashtra Samithi,110,3
2023,Assembly,KA,KAGWAD,4,7,SATISH  BHUPAL  SANADI,Rashtriya Samaj Paksha,69,3
2023,Assembly,KA,KAGWAD,4,8,HANAMANT  BAHUSAB  PATIL,Uttama Prajaakeeya Party,273,2
2023,Assembly,KA,KAGWAD,4,9,CHIDANAND  KRISHNA  CHAVAN,Independent,348,2
2023,Assembly,KA,KAGWAD,4,10,SATTEPPA DASHARATH  KALELI,Independent,255,4
2023,Assembly,KA,KAGWAD,4,11,SADANAND B MAGADUM,Independent,227,1
2023,Assembly,KA,KAGWAD,4,12,NOTA,None of the Above,981,4
2023,Assembly,KA,KUDACHI,5,1,ANAND. V. MALAGI,Janata Dal  (Secular),1555,11
2023,Assembly,KA,KUDACHI,5,2,KADROLLI CHANDRAKANT,Bahujan Samaj Party,368,1
2023,Assembly,KA,KUDACHI,5,3,MAHENDRA. KALLAPPA. TAMMANNAVAR,Indian National Congress,84686,635
2023,Assembly,KA,KUDACHI,5,4,P. RAJEEV,Bharatiya Janata Party,59612,466
2023,Assembly,KA,KUDACHI,5,5,C M KRISHNA,Dr. Ambedkar People's Party,608,1
2023,Assembly,KA,KUDACHI,5,6,SHREESHAIL. H. BHAJANTRI,Kalyana Rajya Pragathi Paksha,1236,4
2023,Assembly,KA,KUDACHI,5,7,YALLAPPA YAMANAPPA SHINGE,Independent,214,0
2023,Assembly,KA,KUDACHI,5,8,NOTA,None of the Above,640,3
2023,Assembly,KA,RAYBAG,6,1,AIHOLE DURYODHAN MAHALINGAPPA,Bharatiya Janata Party,57164,336
2023,Assembly,KA,RAYBAG,6,2,PRADEEPKUMAR R MALAGI,Janata Dal  (Secular),25263,130
2023,Assembly,KA,RAYBAG,6,3,MAHAVEER LAXMAN MOHITE,Indian National Congress,22550,135
2023,Assembly,KA,RAYBAG,6,4,SHANKAR SUBRAV KHATEDAR,Aam Aadmi Party,1055,2
2023,Assembly,KA,RAYBAG,6,5,BASAVARAJ NASALAPURE,Bharatiya Rashtravadi Paksha,245,0
2023,Assembly,KA,RAYBAG,6,6,ASHOK NEELAPPA DANDINAVAR,Independent,291,0
2023,Assembly,KA,RAYBAG,6,7,BASAVANNI PUNDALIK DODDALING,Independent,318,2
2023,Assembly,KA,RAYBAG,6,8,BHIMSEEN DATTU SANADI,Independent,287,1
2023,Assembly,KA,RAYBAG,6,9,YAMANAPPA HANAMANTH KUDARI,Independent,716,3
2023,Assembly,KA,RAYBAG,6,10,SHAMBHU KALLOLIKAR,Independent,54533,397
2023,Assembly,KA,RAYBAG,6,11,NOTA,None of the Above,1859,1
2023,Assembly,KA,HUKKERI,7,1,A.B.PATIL,Indian National Congress,60784,239
2023,Assembly,KA,HUKKERI,7,2,KATTI NIKHIL UMESH,Bharatiya Janata Party,103104,470
2023,Assembly,KA,HUKKERI,7,3,KAMBLE BASAVARAJ KADAPPA,Bahujan Samaj Party,622,2
2023,Assembly,KA,HUKKERI,7,4,BASAVARAJ MALAGOUDA PATIL,Janata Dal  (Secular),399,2
2023,Assembly,KA,HUKKERI,7,5,MANJUNATH.B.GADDENNAVAR,Aam Aadmi Party,189,0
2023,Assembly,KA,HUKKERI,7,6,GHATIGEPPA MALLAPPA MAGADUM,Bahujan Bharat Party,169,1
2023,Assembly,KA,HUKKERI,7,7,PUNDALIK KEMPANNA KULLUR,Independent,754,0
2023,Assembly,KA,HUKKERI,7,8,NOTA,None of the Above,1163,5
2023,Assembly,KA,ARABHAVI,8,1,ARVIND MAHADEVARAO DALWAI,Indian National Congress,23820,136
2023,Assembly,KA,ARABHAVI,8,2,IJAJAHMAD I KOTTALAGI,Aam Aadmi Party,452,2
2023,Assembly,KA,ARABHAVI,8,3,PRAKASH RAMAPPA KALASHETTI,Janata Dal  (Secular),1207,10
2023,Assembly,KA,ARABHAVI,8,4,BASAVANTH IRAPPA VADER,Bahujan Samaj Party,704,0
2023,Assembly,KA,ARABHAVI,8,5,BALACHANDRA LAXMANRAO JARKIHOLI,Bharatiya Janata Party,114242,1160
2023,Assembly,KA,ARABHAVI,8,6,GULAPPA BASALINGAPPA METI,Swayam Krushi Party,698,0
2023,Assembly,KA,ARABHAVI,8,7,SHIVANAND VENKATARAO DESAI,Karnataka Rashtra Samithi,273,0
2023,Assembly,KA,ARABHAVI,8,8,ASHOK  PANDAPPA  HANAJI,Independent,309,2
2023,Assembly,KA,ARABHAVI,8,9,GURUPUTRA KEMPANNA KULLUR,Independent,484,1
2023,Assembly,KA,ARABHAVI,8,10,BASAPPA SHIVAPPA NAGANUR,Independent,917,2
2023,Assembly,KA,ARABHAVI,8,11,BHIMAPPA GUNDAPPA GADAD,Independent,43674,188
2023,Assembly,KA,ARABHAVI,8,12,SIDDAPPA YALLAPPA HOSUR,Independent,554,2
2023,Assembly,KA,ARABHAVI,8,13,SUDHA ALLAMPRABHU HIREMATH,Independent,338,0
2023,Assembly,KA,ARABHAVI,8,14,NOTA,None of the Above,923,7
2023,Assembly,KA,GOKAK,9,1,J. M. KAREPPAGOL,Aam Aadmi Party,776,3
2023,Assembly,KA,GOKAK,9,2,KADADI  MAHANTESH KALLAPPA,Indian National Congress,79431,470
2023,Assembly,KA,GOKAK,9,3,JARKIHOLI RAMESH LAXMANRAO,Bharatiya Janata Party,104068,1245
2023,Assembly,KA,GOKAK,9,4,B. LOHIT,Bahujan Samaj Party,746,2
2023,Assembly,KA,GOKAK,9,5,JAGADEESH C. K.,Socialist Party (India),162,0
2023,Assembly,KA,GOKAK,9,6,SURESH PATTANSHETTI,Uttama Prajaakeeya Party,344,4
2023,Assembly,KA,GOKAK,9,7,HANAMANTH SHIVAPPA NAGANUR,Swayam Krushi Party,242,1
2023,Assembly,KA,GOKAK,9,8,PUNDALIK KEMPANNA KULLUR,Independent,293,2
2023,Assembly,KA,GOKAK,9,9,BHIMASHI NAIK,Independent,961,5
2023,Assembly,KA,GOKAK,9,10,SURESH BASAPPA MARALINGANNAVAR,Independent,575,0
2023,Assembly,KA,GOKAK,9,11,NOTA,None of the Above,1052,8
2023,Assembly,KA,YEMKANMARDI,10,1,BASAVARAJ HUNDRI,Bharatiya Janata Party,42941,138
2023,Assembly,KA,YEMKANMARDI,10,2,ASTAGI MARUTI MALLAPPA,Janata Dal  (Secular),19494,73
2023,Assembly,KA,YEMKANMARDI,10,3,SATISH LAXMANARAO JARKIHOLI,Indian National Congress,99987,303
2023,Assembly,KA,YEMKANMARDI,10,4,MARUTI TIPPANNA NAIK,Independent,2049,3
2023,Assembly,KA,YEMKANMARDI,10,5,SHIVANAND LAXMAN SAMMAKKANAVAR,Independent,462,0
2023,Assembly,KA,YEMKANMARDI,10,6,NOTA,None of the Above,993,3
2023,Assembly,KA,BELGAUM UTTAR,11,1,Asif (Raju) Sait,Indian National Congress,68863,321
2023,Assembly,KA,BELGAUM UTTAR,11,2,DR. RAVI B. PATIL,Bharatiya Janata Party,64312,641
2023,Assembly,KA,BELGAUM UTTAR,11,3,Rajkumar Topannavar,Aam Aadmi Party,535,7
2023,Assembly,KA,BELGAUM UTTAR,11,4,Shivanand M Mugalihal,Janata Dal  (Secular),522,5
2023,Assembly,KA,BELGAUM UTTAR,11,5,Dilashad W/o Sikandar Tashiladar,Republican Party of India,91,0
2023,Assembly,KA,BELGAUM UTTAR,11,6,Praveen Basavaraj Hiremath,Kalyana Rajya Pragathi Paksha,124,0
2023,Assembly,KA,BELGAUM UTTAR,11,7,Basavaraj  Muragesh Jarali,Karnataka Rashtra Samithi,89,1
2023,Assembly,KA,BELGAUM UTTAR,11,8,Mallappa C. Chougala,Uttama Prajaakeeya Party,204,3
2023,Assembly,KA,BELGAUM UTTAR,11,9,Amar Kisan  Yallurakar,Independent,11702,41
2023,Assembly,KA,BELGAUM UTTAR,11,10,Ashok Basavant Govekar,Independent,147,3
2023,Assembly,KA,BELGAUM UTTAR,11,11,Kashiram Bishan Chavhan,Independent,61,0
2023,Assembly,KA,BELGAUM UTTAR,11,12,Nagesh Divate,Independent,176,1
2023,Assembly,KA,BELGAUM UTTAR,11,13,Magdum Ismailmagdum,Independent,66,0
2023,Assembly,KA,BELGAUM UTTAR,11,14,Vishal Gayakwad,Independent,108,0
2023,Assembly,KA,BELGAUM UTTAR,11,15,Shrinivas Suresh Talawar,Independent,293,1
2023,Assembly,KA,BELGAUM UTTAR,11,16,NOTA,None of the Above,1152,9
2023,Assembly,KA,BELGAUM DAKSHIN,12,1,ABHAY PATIL,Bharatiya Janata Party,76249,845
2023,Assembly,KA,BELGAUM DAKSHIN,12,2,NOORAHMMAD KUTUBUDDIN MULLA,Aam Aadmi Party,503,8
2023,Assembly,KA,BELGAUM DAKSHIN,12,3,PRABHAVATI BASAVARAJ MASTMARDI,Indian National Congress,12873,142
2023,Assembly,KA,BELGAUM DAKSHIN,12,4,SHRINIVAS YALLAPPA TALUKAR,Janata Dal  (Secular),943,9
2023,Assembly,KA,BELGAUM DAKSHIN,12,5,HANAMANTH MALLAPPA MADIVALAR URPA HULAGERI,Karnataka Rashtra Samithi,154,6
2023,Assembly,KA,BELGAUM DAKSHIN,12,6,BHARAT GOTI,Independent,373,2
2023,Assembly,KA,BELGAUM DAKSHIN,12,7,RAMAKANT KONDUSKAR,Independent,64487,299
2023,Assembly,KA,BELGAUM DAKSHIN,12,8,SANTOSH SIDDAPPA KEMP,Independent,616,3
2023,Assembly,KA,BELGAUM DAKSHIN,12,9,NOTA,None of the Above,1590,9
2023,Assembly,KA,BELGAUM RURAL,13,1,Nagesh Annappa Manolkar,Bharatiya Janata Party,51259,344
2023,Assembly,KA,BELGAUM RURAL,13,2,T. Malathi,Aam Aadmi Party,433,3
2023,Assembly,KA,BELGAUM RURAL,13,3,Yamanappa Gangappa Talawar,Bahujan Samaj Party,366,3
2023,Assembly,KA,BELGAUM RURAL,13,4,Laxmi R. Hebbalkar,Indian National Congress,106805,814
2023,Assembly,KA,BELGAUM RURAL,13,5,Shankaragowda Patil,Janata Dal  (Secular),736,2
2023,Assembly,KA,BELGAUM RURAL,13,6,Ganesh Prakash Singannavar,Republican Party of India (A),155,1
2023,Assembly,KA,BELGAUM RURAL,13,7,Shakuntala A Iliger,Karnataka Rashtra Samithi,110,0
2023,Assembly,KA,BELGAUM RURAL,13,8,Basavaraj Kallappa Kuddemmi,Independent,152,2
2023,Assembly,KA,BELGAUM RURAL,13,9,Ravikumar David Panditi,Independent,261,4
2023,Assembly,KA,BELGAUM RURAL,13,10,R. M. Chougule,Independent,41362,138
2023,Assembly,KA,BELGAUM RURAL,13,11,Rupesh Gurunath Kadu,Independent,226,3
2023,Assembly,KA,BELGAUM RURAL,13,12,Sanjeev Pranesh Ganachari,Independent,218,0
2023,Assembly,KA,BELGAUM RURAL,13,13,NOTA,None of the Above,1157,8
2023,Assembly,KA,KHANAPUR,14,1,Dr. Anjali Hemant Nimbalkar,Indian National Congress,37035,170
2023,Assembly,KA,KHANAPUR,14,2,BAGAWAN NASIR PAPULSAB,Janata Dal  (Secular),15545,55
2023,Assembly,KA,KHANAPUR,14,3,Vithal Somanna Halagekar,Bharatiya Janata Party,91237,597
2023,Assembly,KA,KHANAPUR,14,4,Krishnaji Pundalik Patil,ShivSena (Uddhav Balasaheb Thackeray),979,4
2023,Assembly,KA,KHANAPUR,14,5,Ramesh Bhimappa Mannuddar,Karnataka Rashtra Samithi,275,0
2023,Assembly,KA,KHANAPUR,14,6,Raju Pujari,Kalyana Rajya Pragathi Paksha,177,1
2023,Assembly,KA,KHANAPUR,14,7,Irfanahmed Talikoti,Independent,729,3
2023,Assembly,KA,KHANAPUR,14,8,Muralidhar Ganapati Patil,Independent,9599,72
2023,Assembly,KA,KHANAPUR,14,9,Yallappa Fakirapa Kolakar,Independent,410,2
2023,Assembly,KA,KHANAPUR,14,10,R B Patil,Independent,642,4
2023,Assembly,KA,KHANAPUR,14,11,Laxman Yallappa Bannar,Independent,357,0
2023,Assembly,KA,KHANAPUR,14,12,Sitaram Maruti Sutar,Independent,1378,4
2023,Assembly,KA,KHANAPUR,14,13,Suresh Laxman Patil,Independent,500,2
2023,Assembly,KA,KHANAPUR,14,14,NOTA,None of the Above,1230,6
2023,Assembly,KA,KITTUR,15,1,ASHWINI SINGAYYA PUJER,Janata Dal  (Secular),765,10
2023,Assembly,KA,KITTUR,15,2,ANAND HAMPANNAVAR,Aam Aadmi Party,393,2
2023,Assembly,KA,KITTUR,15,3,BABASAHEB PATIL,Indian National Congress,76913,623
2023,Assembly,KA,KITTUR,15,4,DODDAGOUDAR MAHANTESH BASAVANTARAY,Bharatiya Janata Party,73523,1020
2023,Assembly,KA,KITTUR,15,5,CHETAN. R. DEMATTI,Karnataka Makkala Paksha,560,4
2023,Assembly,KA,KITTUR,15,6,PRAVEEN. MAHABALESHWAR. DEGALOLLI,Uttama Prajaakeeya Party,477,6
2023,Assembly,KA,KITTUR,15,7,BUDAYYA PUJERI,Karunaadu Party,261,3
2023,Assembly,KA,KITTUR,15,8,MAHESH FAKIRAPPA HOSAMANI,Karnataka Rashtra Samithi,462,0
2023,Assembly,KA,KITTUR,15,9,BASAPPA (BASAVARAJ) Y KELAGADE,Independent,547,1
2023,Assembly,KA,KITTUR,15,10,BHIMASHEPPA. DEMAPPA. DURGANNAVAR,Independent,278,10
2023,Assembly,KA,KITTUR,15,11,NOTA,None of the Above,798,4
2023,Assembly,KA,BAILHONGAL,16,1,JAGDISH CHANNAPPA METGUD,Bharatiya Janata Party,54746,884
2023,Assembly,KA,BAILHONGAL,16,2,BASANAGOUDA. M. CHIKKANAGOUDAR,Aam Aadmi Party,964,6
2023,Assembly,KA,BAILHONGAL,16,3,KOUJALAGI. MAHANTESH. SHIVANAND.,Indian National Congress,57783,625
2023,Assembly,KA,BAILHONGAL,16,4,SHANKAR. BHARAMAPPA. MADALAGI.,Janata Dal  (Secular),9384,43
2023,Assembly,KA,BAILHONGAL,16,5,IRFAN BAGEWADI,Karnataka Rashtra Samithi,258,3
2023,Assembly,KA,BAILHONGAL,16,6,DAYANAND GURPUTRYYA CHIKKAMATH,Indian Movement Party,202,3
2023,Assembly,KA,BAILHONGAL,16,7,PRASHANT. RUDRAPPA. JAKKAPPANAVAR,Kalyana Rajya Pragathi Paksha,530,1
2023,Assembly,KA,BAILHONGAL,16,8,RUDRAPPA MALAGI,Uttama Prajaakeeya Party,776,9
2023,Assembly,KA,BAILHONGAL,16,9,DR. VISHWANATH I. PATIL,Independent,24699,361
2023,Assembly,KA,BAILHONGAL,16,10,NOTA,None of the Above,1312,7
2023,Assembly,KA,SAUNDATTI YELLAMMA,17,1,BAPUGOUDA SIDDANAGOUDA PATIL,Aam Aadmi Party,1592,4
2023,Assembly,KA,SAUNDATTI YELLAMMA,17,2,MAMANI RATNA ANAND @ VISHWANATH,Bharatiya Janata Party,55867,662
2023,Assembly,KA,SAUNDATTI YELLAMMA,17,3,VISHWAS VASANT VAIDYA,Indian National Congress,70583,641
2023,Assembly,KA,SAUNDATTI YELLAMMA,17,4,CHOPRA SAURAV ANAND,Janata Dal  (Secular),30691,166
2023,Assembly,KA,SAUNDATTI YELLAMMA,17,5,ANTAKKANAVAR PARAPPA SHANKAREPPA,Karnataka Rashtra Samithi,486,1
2023,Assembly,KA,SAUNDATTI YELLAMMA,17,6,MALLIKARJUN CHANNAPPA MELAGIRI,Karnataka Makkala Paksha,180,0
2023,Assembly,KA,SAUNDATTI YELLAMMA,17,7,ANAND IRAYYA KANTIMATH,Independent,353,4
2023,Assembly,KA,SAUNDATTI YELLAMMA,17,8,KARALAKATTI NAGAPPA HANAMAPPA,Independent,451,2
2023,Assembly,KA,SAUNDATTI YELLAMMA,17,9,MALLIKARJUN GANGAPPA MUDENUR,Independent,627,2
2023,Assembly,KA,SAUNDATTI YELLAMMA,17,10,SADANAND UPPAR,Independent,416,3
2023,Assembly,KA,SAUNDATTI YELLAMMA,17,11,NOTA,None of the Above,581,5
2023,Assembly,KA,RAMDURG,18,1,ASHOK MAHADEVAPPA PATTAN,Indian National Congress,79517,777
2023,Assembly,KA,RAMDURG,18,2,CHIKKAREVANNA,Bharatiya Janata Party,67964,600
2023,Assembly,KA,RAMDURG,18,3,PRAKASH BHIRAPPA MUDHOL,Janata Dal  (Secular),1099,6
2023,Assembly,KA,RAMDURG,18,4,MALIKAJAN NADAF,Aam Aadmi Party,247,3
2023,Assembly,KA,RAMDURG,18,5,SUNANDA NINGBASAPPA HADPADA,Bahujan Samaj Party,123,1
2023,Assembly,KA,RAMDURG,18,6,BASAPPA GURUSIDDAPPA KUMBAR,Karnataka Rashtra Samithi,135,2
2023,Assembly,KA,RAMDURG,18,7,ISHWAR NAGAPPA CHIKKANARAGUND,Independent,61,0
2023,Assembly,KA,RAMDURG,18,8,ISHWARGOUDA SHIVASHANKARGOUDA PATIL,Independent,110,5
2023,Assembly,KA,RAMDURG,18,9,GIRISH BHIMAPPA MUNAVALLI,Independent,111,6
2023,Assembly,KA,RAMDURG,18,10,GURUSIDDAPPA BASALINGAPPA TOGGI,Independent,141,3
2023,Assembly,KA,RAMDURG,18,11,DADAPEER FAKIRSAB BIKAJI,Independent,182,0
2023,Assembly,KA,RAMDURG,18,12,MADHURA SUDHIR SIDDANKOLLA,Independent,304,2
2023,Assembly,KA,RAMDURG,18,13,Shivappa Basappa Bakadi,Independent,984,0
2023,Assembly,KA,RAMDURG,18,14,NOTA,None of the Above,1643,3
2023,Assembly,KA,MUDHOL,19,1,GANESH PARASHURAM PAWAR,Aam Aadmi Party,613,2
2023,Assembly,KA,MUDHOL,19,2,GOVIND MAKTHAPPA KARJOL,Bharatiya Janata Party,59401,562
2023,Assembly,KA,MUDHOL,19,3,DHARMRAJ VITTAL DODAMANI,Janata Dal  (Secular),678,0
2023,Assembly,KA,MUDHOL,19,4,TIMMAPUR. RAMAPPA. BALAPPA.,Indian National Congress,76817,481
2023,Assembly,KA,MUDHOL,19,5,MADEV. GURAPPA. METHRI,Republican Party of India (A),761,0
2023,Assembly,KA,MUDHOL,19,6,MUTTAPPA. SIDARAM. MARANUR,Karnataka Rashtra Samithi,361,0
2023,Assembly,KA,MUDHOL,19,7,SAGAR RODDAPPANAVAR.,Karnataka Jantha Paksha,283,1
2023,Assembly,KA,MUDHOL,19,8,BANDIWADDAR SATISH CHINNAPPA.,Independent,17804,98
2023,Assembly,KA,MUDHOL,19,9,NOTA,None of the Above,899,6
2023,Assembly,KA,TERDAL,20,1,ARJUN HALAGIGOUDAR.,Aam Aadmi Party,1731,11
2023,Assembly,KA,TERDAL,20,2,SIDDU SAVADI,Bharatiya Janata Party,76628,637
2023,Assembly,KA,TERDAL,20,3,SIDDU.RAMAPPA.KONNUR.,Indian National Congress,66193,327
2023,Assembly,KA,TERDAL,20,4,SURESH ARJUN MADIWALAR,Janata Dal  (Secular),839,3
2023,Assembly,KA,TERDAL,20,5,ABBASALI MULLA,Republican Party of India (A),133,0
2023,Assembly,KA,TERDAL,20,6,DHAREPPA DAKAPPA DANAGOUD,Karnataka Rashtra Samithi,142,1
2023,Assembly,KA,TERDAL,20,7,YAMANAPPA VITTHAL GUNADAL,Social Democratic Party Of India,3523,4
2023,Assembly,KA,TERDAL,20,8,ADIVEPPA UDDAPPA UDDAPPAGOL,Independent,209,1
2023,Assembly,KA,TERDAL,20,9,AMBADAS KAMURTHI,Independent,4191,33
2023,Assembly,KA,TERDAL,20,10,"DR. PADMAJEET, A. NADAGOUDA PATIL",Independent,22263,217
2023,Assembly,KA,TERDAL,20,11,"HYAGADI, MAHALINGAPPA, SHIVANAND",Independent,898,1
2023,Assembly,KA,TERDAL,20,12,SANTHOSH.BASAPPA.HANAGANDI,Independent,782,0
2023,Assembly,KA,TERDAL,20,13,NOTA,None of the Above,888,6
2023,Assembly,KA,JAMKHANDI,21,1,ANAND SIDDU NYAMAGOUDA,Indian National Congress,76466,755
2023,Assembly,KA,JAMKHANDI,21,2,JAGADEESH SHIVAYYA GUDAGUNTI,Bharatiya Janata Party,81063,874
2023,Assembly,KA,JAMKHANDI,21,3,YAKUB. KAPADEWALE,Janata Dal  (Secular),493,2
2023,Assembly,KA,JAMKHANDI,21,4,SHIVANAND BABALESHWAR,Bahujan Samaj Party,169,3
2023,Assembly,KA,JAMKHANDI,21,5,ANTHOSH SHANKAR SAVVASE,Uttama Prajaakeeya Party,174,5
2023,Assembly,KA,JAMKHANDI,21,6,SURESH. BHUTALEPPA. HANCHINAL,Karnataka Rashtra Samithi,122,2
2023,Assembly,KA,JAMKHANDI,21,7,ZARE HASANALI,Kalyana Rajya Pragathi Paksha,145,2
2023,Assembly,KA,JAMKHANDI,21,8,KAMARUDDIN. B. MURSAL,Independent,73,0
2023,Assembly,KA,JAMKHANDI,21,9,GUDUSAB. IBRAHIMSAB HYALAKAR,Independent,183,1
2023,Assembly,KA,JAMKHANDI,21,10,RAVI SHIVAPPA PADASALAGI,Independent,197,0
2023,Assembly,KA,JAMKHANDI,21,11,BELAGALI SUSHILKUMAR,Independent,5928,47
2023,Assembly,KA,JAMKHANDI,21,12,NOTA,None of the Above,982,2
2023,Assembly,KA,BILGI,22,1,J. T. PATIL.,Indian National Congress,94832,820
2023,Assembly,KA,BILGI,22,2,KOMAR MUTTAPPA.,Aam Aadmi Party,761,5
2023,Assembly,KA,BILGI,22,3,NIRANI MURAGESH RUDRAPPA,Bharatiya Janata Party,83513,1010
2023,Assembly,KA,BILGI,22,4,RUKMUDDIN SOUDAGAR,Janata Dal  (Secular),773,3
2023,Assembly,KA,BILGI,22,5,NARASIMHA M RAYKAR,Uttama Prajaakeeya Party,392,6
2023,Assembly,KA,BILGI,22,6,BASALINGAYYA RAJASHEKHARAYYA HOMBALIMATH,Karnataka Rashtra Samithi,82,0
2023,Assembly,KA,BILGI,22,7,RAJAKUMAR TIMMANNA NYAMAGOUD,Kalyana Rajya Pragathi Paksha,179,2
2023,Assembly,KA,BILGI,22,8,KRISHNA KALE,Independent,212,0
2023,Assembly,KA,BILGI,22,9,YALLAPPA  HEGADYAR @ HEGADE,Independent,664,6
2023,Assembly,KA,BILGI,22,10,DR|| L. C. PATIL,Independent,248,0
2023,Assembly,KA,BILGI,22,11,NOTA,None of the Above,1323,6
2023,Assembly,KA,BADAMI,23,1,B.B.CHIMMANAKATTI,Indian National Congress,65203,642
2023,Assembly,KA,BADAMI,23,2,SHANTHAGOUDA THIRTHGOUDA  PATIL.,Bharatiya Janata Party,55196,924
2023,Assembly,KA,BADAMI,23,3,JOGIN. SHIVARAYAPPA . DODDAKARIYAPPA .,Aam Aadmi Party,1642,8
2023,Assembly,KA,BADAMI,23,4,HANAMANT. B. MAVINAMARAD,Janata Dal  (Secular),41273,299
2023,Assembly,KA,BADAMI,23,5,ANAND  LAXMAN WADDAR,Karnataka Rashtra Samithi,781,1
2023,Assembly,KA,BADAMI,23,6,BHIMAPPA. FAKEERAPPA. TALAWAR,Independent,989,0
2023,Assembly,KA,BADAMI,23,7,KATANNAVAR. HANAMAPPA MANAPPA,Independent,601,0
2023,Assembly,KA,BADAMI,23,8,NOTA,None of the Above,1476,3
2023,Assembly,KA,BAGALKOT,24,1,DEVARAJ H. PATIL,Janata Dal  (Secular),3371,99
2023,Assembly,KA,BAGALKOT,24,2,METI. HULLAPPA. YAMANAPPA,Indian National Congress,78494,842
2023,Assembly,KA,BAGALKOT,24,3,RAMESH R BADNUR,Aam Aadmi Party,999,8
2023,Assembly,KA,BAGALKOT,24,4,VEERABHADRAYYA (VEERANNA) CHARANTIMATH,Bharatiya Janata Party,72157,1301
2023,Assembly,KA,BAGALKOT,24,5,PRAKASH. SARANAYAK.,Karnataka Jantha Paksha,366,0
2023,Assembly,KA,BAGALKOT,24,6,R.D.BABU,Karnataka Rashtra Samithi,181,3
2023,Assembly,KA,BAGALKOT,24,7,MUTTAPPA. MUDAKAPPA HIREKUMBI,Raita Bharat Party,134,1
2023,Assembly,KA,BAGALKOT,24,8,NAGARAJ.S. KALLAKUTTAGAR,Independent,234,1
2023,Assembly,KA,BAGALKOT,24,9,PRASHANT. SHARANAPPA. RAO,Independent,346,1
2023,Assembly,KA,BAGALKOT,24,10,M.S.HIREMATH,Independent,479,1
2023,Assembly,KA,BAGALKOT,24,11,CHARANTIMATH. MALLIKARJUN. CHANDRASHEKHARAYYA.,Independent,10045,71
2023,Assembly,KA,BAGALKOT,24,12,NOTA,None of the Above,1227,9
2023,Assembly,KA,HUNGUND,25,1,DODDANAGOUDA G PATIL,Bharatiya Janata Party,47683,744
2023,Assembly,KA,HUNGUND,25,2,NAGARAJ HONGAL,Aam Aadmi Party,509,5
2023,Assembly,KA,HUNGUND,25,3,KASHAPPANAVARA VIJAYANAND SHIVASHANKRAPPA,Indian National Congress,77383,1051
2023,Assembly,KA,HUNGUND,25,4,BOLI SHIVAPPA MAHADEVAPPA,Janata Dal  (Secular),757,2
2023,Assembly,KA,HUNGUND,25,5,DESAYAGOUDA. MALLANAGOUDA. GOUDAR,Karnataka Rashtra Samithi,302,0
2023,Assembly,KA,HUNGUND,25,6,NAVALI HIREMATH. S. R.,Kalyana Rajya Pragathi Paksha,33517,273
2023,Assembly,KA,HUNGUND,25,7,AKKI CHARALINGAPPA KOTRAPPA,Independent,384,0
2023,Assembly,KA,HUNGUND,25,8,BASANAGOUDA HANAMAGOUDA HIREGOUDAR,Independent,319,1
2023,Assembly,KA,HUNGUND,25,9,MALAPPA SABANNA RAMAWADAGI,Independent,270,1
2023,Assembly,KA,HUNGUND,25,10,SHIVANAGOUDA MENASAGI,Independent,793,0
2023,Assembly,KA,HUNGUND,25,11,SIDDAPPA. NINGAPPA. TUDUBINAL,Independent,313,1
2023,Assembly,KA,HUNGUND,25,12,NOTA,None of the Above,1050,3
2023,Assembly,KA,MUDDEBIHAL,26,1,APPAJI. ALIYAS. CHANNABASAVARAJ. S/O SHANKARAO. NADAGOUDA.,Indian National Congress,78598,885
2023,Assembly,KA,MUDDEBIHAL,26,2,A. S. PATIL (NADAHALLI),Bharatiya Janata Party,70754,1092
2023,Assembly,KA,MUDDEBIHAL,26,3,K. B. DODAMANI VAKEELARU,Bahujan Samaj Party,723,2
2023,Assembly,KA,MUDDEBIHAL,26,4,BASAVARAJ BHIMANNA BHAJENTRI,Janata Dal  (Secular),525,8
2023,Assembly,KA,MUDDEBIHAL,26,5,MAHBOOB. SHABBIRAHMED HADALAGERI.,Aam Aadmi Party,230,1
2023,Assembly,KA,MUDDEBIHAL,26,6,JAKEER HUSEN. USMANSAB LAHORI,Bharatiya Praja Aikyata Party,146,1
2023,Assembly,KA,MUDDEBIHAL,26,7,DEEPA MAHANTAPPA MANUR,Karnataka Rashtra Samithi,233,1
2023,Assembly,KA,MUDDEBIHAL,26,8,RAMANAGOUDA S BALAWAD,Rashtriya Jansambhavna Party,588,0
2023,Assembly,KA,MUDDEBIHAL,26,9,NOTA,None of the Above,1231,3
2023,Assembly,KA,DEVAR HIPPARGI,27,1,BASALINGAPPA URF BASALINGAPPAGOUDA S/o BASAVANTARAY INGALAGI,Aam Aadmi Party,1787,0
2023,Assembly,KA,DEVAR HIPPARGI,27,2,BHIMANAGOUDA (RAJUGOUDA) BASANAGOUDA PATIL,Janata Dal  (Secular),65271,681
2023,Assembly,KA,DEVAR HIPPARGI,27,3,RAJU MADAR (GUBBEWAD),Bahujan Samaj Party,778,1
2023,Assembly,KA,DEVAR HIPPARGI,27,4,SUNAGAR SHARANAPPA TIPPANNA,Indian National Congress,33431,242
2023,Assembly,KA,DEVAR HIPPARGI,27,5,SOMANAGOUDA B. PATIL (SASANUR),Bharatiya Janata Party,45272,505
2023,Assembly,KA,DEVAR HIPPARGI,27,6,GURUSHANTAVEERASWAMIJI HIREMATH ITAGI,Karnataka Janaseve Party,438,1
2023,Assembly,KA,DEVAR HIPPARGI,27,7,BEVINAKATTI. GAIBAPPA. BHIMAPPA.,Republican Party of India Bharatha,216,0
2023,Assembly,KA,DEVAR HIPPARGI,27,8,MANASOORBAB NABISAHEB BILAGI,Nationalist Congress Party,129,0
2023,Assembly,KA,DEVAR HIPPARGI,27,9,SHIVANAND YADAHALLI (KONDAGULI),Karnataka Rashtra Samithi,196,2
2023,Assembly,KA,DEVAR HIPPARGI,27,10,DUNDASI. ABDULRAHIMAN. MAHAMMADAHANIP.,Independent,216,2
2023,Assembly,KA,DEVAR HIPPARGI,27,11,KEMPEGOUDA  IRANAGOUDA KESHAPPAGOL,Independent,294,3
2023,Assembly,KA,DEVAR HIPPARGI,27,12,BHIMANAGOUDA BASANAGOUDA PATIL,Independent,1041,3
2023,Assembly,KA,DEVAR HIPPARGI,27,13,SHRISHAIL RUDRAPPA KAKKALAMELI,Independent,779,0
2023,Assembly,KA,DEVAR HIPPARGI,27,14,NOTA,None of the Above,694,1
2023,Assembly,KA,BASAVANA BAGEVADI,28,1,GURUBASAPPA. BASAPPA. DHAVALAGI,Bahujan Samaj Party,774,0
2023,Assembly,KA,BASAVANA BAGEVADI,28,2,SHIVANAND PATIL,Indian National Congress,67581,545
2023,Assembly,KA,BASAVANA BAGEVADI,28,3,APPUGOUDA. URF SOMANAGOUDA. BASANAGOUDA PATIL,Janata Dal  (Secular),39826,371
2023,Assembly,KA,BASAVANA BAGEVADI,28,4,BELLUBBI SANGAPPA KALLAPPA,Bharatiya Janata Party,42698,565
2023,Assembly,KA,BASAVANA BAGEVADI,28,5,ALLAHBAKSH BIJAPUR,All India Majlis-E-Ittehadul Muslimeen,1472,3
2023,Assembly,KA,BASAVANA BAGEVADI,28,6,ZAMEER AHMMED INAMADAR,Nationalist Congress Party,140,0
2023,Assembly,KA,BASAVANA BAGEVADI,28,7,NARAYAN NEELAKANT RATHOD,Kalyana Rajya Pragathi Paksha,281,1
2023,Assembly,KA,BASAVANA BAGEVADI,28,8,PRAVEENKUMAR RAYAGOND(MUTTAGI),Karnataka Rashtra Samithi,302,1
2023,Assembly,KA,BASAVANA BAGEVADI,28,9,VIDYA BIRADAR,Aihra National Party,142,4
2023,Assembly,KA,BASAVANA BAGEVADI,28,10,AWATI SHANKREPPA KASHINATH,Uttama Prajaakeeya Party,354,5
2023,Assembly,KA,BASAVANA BAGEVADI,28,11,RAJESHWARI RAJASHEKHAR YARANAL,Independent,744,2
2023,Assembly,KA,BASAVANA BAGEVADI,28,12,LAXMIMBAI S.G. PATIL,Independent,1048,2
2023,Assembly,KA,BASAVANA BAGEVADI,28,13,SANGAPPA CHANDU  LAMANI,Independent,746,1
2023,Assembly,KA,BASAVANA BAGEVADI,28,14,NOTA,None of the Above,834,4
2023,Assembly,KA,BABALESHWAR,29,1,GANGANALLI KAMANNA SIDDAPPA,Aam Aadmi Party,525,1
2023,Assembly,KA,BABALESHWAR,29,2,BASAVARAJ HONAWAD,Janata Dal  (Secular),1288,16
2023,Assembly,KA,BABALESHWAR,29,3,M B PATIL.,Indian National Congress,93008,915
2023,Assembly,KA,BABALESHWAR,29,4,MEHABOOB MALABODI,Bahujan Samaj Party,911,4
2023,Assembly,KA,BABALESHWAR,29,5,VIJAYAKUMAR (VIJAYAGOUDA) PATIL,Bharatiya Janata Party,78071,636
2023,Assembly,KA,BABALESHWAR,29,6,RAVICHANDRA TAMMANNA DOMBALI,Rashtriya Samaj Paksha,416,1
2023,Assembly,KA,BABALESHWAR,29,7,S M GANJI (UPPAR),Uttama Prajaakeeya Party,169,3
2023,Assembly,KA,BABALESHWAR,29,8,SUNIL RATHOD,Karnataka Rashtra Samithi,121,0
2023,Assembly,KA,BABALESHWAR,29,9,DUNDASI ABDULRAHIMAN MAHAMMADHANIF,Independent,91,0
2023,Assembly,KA,BABALESHWAR,29,10,JYOTIBA SALUNKE,Independent,211,1
2023,Assembly,KA,BABALESHWAR,29,11,TALEWAD PATIL,Independent,559,7
2023,Assembly,KA,BABALESHWAR,29,12,BHIRAPPA MALAPPA SODDI,Independent,397,1
2023,Assembly,KA,BABALESHWAR,29,13,MOTIRAM DARMU CHAVAN,Independent,955,0
2023,Assembly,KA,BABALESHWAR,29,14,MANJULA. KISHAN. CHAVAN,Independent,268,0
2023,Assembly,KA,BABALESHWAR,29,15,NOTA,None of the Above,611,0
2023,Assembly,KA,BIJAPUR CITY,30,1,ABDUL HAMEED KHAJASAB MUSHARIF,Indian National Congress,85442,536
2023,Assembly,KA,BIJAPUR CITY,30,2,BASANAGOUDA R PATIL (YATNAL),Bharatiya Janata Party,93326,885
2023,Assembly,KA,BIJAPUR CITY,30,3,BANDENAWAZ  HUSENASAB MAHABARI,Janata Dal  (Secular),456,3
2023,Assembly,KA,BIJAPUR CITY,30,4,KENGANAL MALLIKARJUN BHIMAPPA,Bahujan Samaj Party,210,3
2023,Assembly,KA,BIJAPUR CITY,30,5,HASIMPEER I WALIKAR,Aam Aadmi Party,178,1
2023,Assembly,KA,BIJAPUR CITY,30,6,MALLIKARJUN H T,Socialist Unity Centre Of India (COMMUNIST),49,0
2023,Assembly,KA,BIJAPUR CITY,30,7,RAKESH H INGALAGI (HALAHALLI),Karnataka Rashtra Samithi,46,1
2023,Assembly,KA,BIJAPUR CITY,30,8,SATISH ASHOK PATIL,Shiv Sena (Uddhav Balasaheb Thackeray),149,0
2023,Assembly,KA,BIJAPUR CITY,30,9,IRAPPA  KUMBAR,Independent,46,0
2023,Assembly,KA,BIJAPUR CITY,30,10,KADECHUR KALLAPPA REVANASIDDAPPA,Independent,73,1
2023,Assembly,KA,BIJAPUR CITY,30,11,CHANDRAGIRI HONNAD,Independent,54,0
2023,Assembly,KA,BIJAPUR CITY,30,12,MOTIRAM DHARMU CHAVAN,Independent,118,0
2023,Assembly,KA,BIJAPUR CITY,30,13,MODINASAB BANDAGISAB ANKALAGI,Independent,134,1
2023,Assembly,KA,BIJAPUR CITY,30,14,RAJU YALLAPPA PAWAR,Independent,351,0
2023,Assembly,KA,BIJAPUR CITY,30,15,NOTA,None of the Above,993,1
2023,Assembly,KA,NAGTHAN,31,1,KALLAPPA  TORAVI,Bahujan Samaj Party,946,8
2023,Assembly,KA,NAGTHAN,31,2,GURU  MUNNU CHAVAN,Aam Aadmi Party,2970,4
2023,Assembly,KA,NAGTHAN,31,3,DEVANAND  FULASING CHAVAN,Janata Dal  (Secular),33815,299
2023,Assembly,KA,NAGTHAN,31,4,KATAKADHOND VITTHAL DONDIBA,Indian National Congress,78231,759
2023,Assembly,KA,NAGTHAN,31,5,SANJEEV MALASIDDAPPA AIHOLE,Bharatiya Janata Party,47693,482
2023,Assembly,KA,NAGTHAN,31,6,KATAKADHOND KAVITA V. D.,Rani Chennamma Party,526,1
2023,Assembly,KA,NAGTHAN,31,7,KULAPPA BHIMU CHAVAN,Nationalist Congress Party,358,2
2023,Assembly,KA,NAGTHAN,31,8,BHARATI KALEBHAG,Sarvajanika Adarsha Sena,260,1
2023,Assembly,KA,NAGTHAN,31,9,VIKRAM  WAGHAMARE (JIGAJEVANI),Karnataka Rashtra Samithi,285,2
2023,Assembly,KA,NAGTHAN,31,10,V. D. KATAKADHOND,Hindustan Janta Party,300,4
2023,Assembly,KA,NAGTHAN,31,11,BANDI SHRIKANT HANAMANTAPPA,Kalyana Rajya Pragathi Paksha,10724,46
2023,Assembly,KA,NAGTHAN,31,12,ARUNA. G. KATAKADHOND,Independent,363,3
2023,Assembly,KA,NAGTHAN,31,13,SHANKAR  CHAVAN,Independent,613,4
2023,Assembly,KA,NAGTHAN,31,14,SUNIL  CHAVAN,Independent,486,1
2023,Assembly,KA,NAGTHAN,31,15,SANJEEV PUNDALIK MANE,Independent,337,1
2023,Assembly,KA,NAGTHAN,31,16,NOTA,None of the Above,1008,8
2023,Assembly,KA,INDI,32,1,KASUGOUDA IRAPPAGOUDA BIRADAR,Bharatiya Janata Party,39367,495
2023,Assembly,KA,INDI,32,2,GOPAL.R. PATIL,Aam Aadmi Party,3352,1
2023,Assembly,KA,INDI,32,3,NAGESH SHIVASHARAN,Bahujan Samaj Party,731,7
2023,Assembly,KA,INDI,32,4,B. D. PATIL (HANJAGI),Janata Dal  (Secular),60658,798
2023,Assembly,KA,INDI,32,5,YASHAVANTARAYGOUD. VITTALAGOUD. PATIL,Indian National Congress,70767,1018
2023,Assembly,KA,INDI,32,6,ASHOK JADHAV,Karnataka Rashtra Samithi,910,5
2023,Assembly,KA,INDI,32,7,KAVITA. SHREE. KATAKADHOND,Rani Chennamma Party,567,5
2023,Assembly,KA,INDI,32,8,M. M. BAGAWAN,Independent,918,4
2023,Assembly,KA,INDI,32,9,GOLLALANINGANAGOUDA.  JYOTIGOND,Independent,369,1
2023,Assembly,KA,INDI,32,10,NOTA,None of the Above,872,14
2023,Assembly,KA,SINDGI,33,1,ASHOK MALLAPPA MANAGULI,Indian National Congress,86771,850
2023,Assembly,KA,SINDGI,33,2,DR|| DASTAGEER. MULLA,Bahujan Samaj Party,808,5
2023,Assembly,KA,SINDGI,33,3,BHUSANUR RAMESH BALAPPA,Bharatiya Janata Party,78691,1122
2023,Assembly,KA,SINDGI,33,4,MURIGEPPAGOUDA S RADDEWADAGI,Aam Aadmi Party,850,1
2023,Assembly,KA,SINDGI,33,5,VISHALAKSHI SHIVANAND PATIL,Janata Dal  (Secular),2251,32
2023,Assembly,KA,SINDGI,33,6,PUNDALIK BIRADAR,Karnataka Rashtra Samithi,229,5
2023,Assembly,KA,SINDGI,33,7,JILANI. GUDUSAB. MULLA.,Independent,169,1
2023,Assembly,KA,SINDGI,33,8,DEEPIKA S,Independent,370,6
2023,Assembly,KA,SINDGI,33,9,MOHAMMAD MUSHTAQ AMEENUDDIN NAIKODI,Independent,274,1
2023,Assembly,KA,SINDGI,33,10,NOTA,None of the Above,960,3
2023,Assembly,KA,AFZALPUR,34,1,M.Y.PATIL,Indian National Congress,55868,445
2023,Assembly,KA,AFZALPUR,34,2,MALIKAYYA. V. GUTTEDAR.,Bharatiya Janata Party,31131,263
2023,Assembly,KA,AFZALPUR,34,3,SHIVAKUMAR M NATIKAR,Janata Dal  (Secular),8107,46
2023,Assembly,KA,AFZALPUR,34,4,SHIVARAJ PATIL KULALI,Aam Aadmi Party,625,1
2023,Assembly,KA,AFZALPUR,34,5,HUCCHESHWAR WATHAR GOUR,Bahujan Samaj Party,441,0
2023,Assembly,KA,AFZALPUR,34,6,K.G.POOJARI,Karnataka Rashtra Samithi,350,4
2023,Assembly,KA,AFZALPUR,34,7,R.D.PATIL.,Samajwadi Party,8605,81
2023,Assembly,KA,AFZALPUR,34,8,RAMESH JAMADAR,Rashtriya Samaj Paksha,430,1
2023,Assembly,KA,AFZALPUR,34,9,SHAMARAY. BAKSAR HOSAMANI,Republican Party of India (A),597,0
2023,Assembly,KA,AFZALPUR,34,10,NITIN VENKAYYA GUTTEDAR,Independent,51218,501
2023,Assembly,KA,AFZALPUR,34,11,NOTA,None of the Above,1604,4
2023,Assembly,KA,JEWARGI,35,1,AJAY SINGH,Indian National Congress,70233,577
2023,Assembly,KA,JEWARGI,35,2,DODDAPPAGOUDA,Janata Dal  (Secular),60063,469
2023,Assembly,KA,JEWARGI,35,3,BHEEMARAYA,Bahujan Samaj Party,670,6
2023,Assembly,KA,JEWARGI,35,4,VISHWANATH REDDY,Aam Aadmi Party,1164,3
2023,Assembly,KA,JEWARGI,35,5,SHIVARAJ,Bharatiya Janata Party,29305,259
2023,Assembly,KA,JEWARGI,35,6,ASHOK,Kalyana Rajya Pragathi Paksha,404,1
2023,Assembly,KA,JEWARGI,35,7,CHANDRAKANTH,Indian Movement Party,77,0
2023,Assembly,KA,JEWARGI,35,8,BASAVARAJ,Karnataka Rashtra Samithi,131,0
2023,Assembly,KA,JEWARGI,35,9,MAHESHKUMAR,Communist Party of India,538,4
2023,Assembly,KA,JEWARGI,35,10,SHIVLINGAPPA KINNUR,Rashtriya Samaj Paksha,191,6
2023,Assembly,KA,JEWARGI,35,11,TIPPANNA,Independent,139,0
2023,Assembly,KA,JEWARGI,35,12,NABISAB,Independent,199,0
2023,Assembly,KA,JEWARGI,35,13,MALLIKARJUN,Independent,367,2
2023,Assembly,KA,JEWARGI,35,14,VAKIL PATEL,Independent,326,0
2023,Assembly,KA,JEWARGI,35,15,VIJAYKUMAR,Independent,1123,1
2023,Assembly,KA,JEWARGI,35,16,NOTA,None of the Above,1144,2
2023,Assembly,KA,SHORAPUR,36,1,NARASIMHANAYAK (RAJUGOUDA),Bharatiya Janata Party,24367,0
2023,Assembly,KA,SHORAPUR,36,2,R. MANJUNATH NAYAK,Aam Aadmi Party,401,0
2023,Assembly,KA,SHORAPUR,36,3,RAJA VENKATAPPA NAIK,Indian National Congress,33019,0
2023,Assembly,KA,SHORAPUR,36,4,SHRAVANAKUMAR NAYAK,Janata Dal  (Secular),444,0
2023,Assembly,KA,SHORAPUR,36,5,ASHOK LAXMAN,Independent,88,0
2023,Assembly,KA,SHORAPUR,36,6,VENKATAPPA NAYAK CHANDRASHEKHAR NAYAK,Independent,207,0
2023,Assembly,KA,SHORAPUR,36,7,SHASHIKUMAR,Independent,111,0
2023,Assembly,KA,SHORAPUR,36,8,NOTA,None of the Above,360,0
2023,Assembly,KA,SHAHAPUR,37,1,AMEENRADDI YALAGI,Bharatiya Janata Party,51856,470
2023,Assembly,KA,SHAHAPUR,37,2,GURU PATIL SHIRWAL,Janata Dal  (Secular),30223,173
2023,Assembly,KA,SHAHAPUR,37,3,CHANDRASHEKHAR SABAYYA,Aam Aadmi Party,1320,0
2023,Assembly,KA,SHAHAPUR,37,4,SHARANABASAPPA DARSHANAPUR,Indian National Congress,77543,810
2023,Assembly,KA,SHAHAPUR,37,5,PRAKASH B. KULKARNI,Karnataka Rashtra Samithi,886,2
2023,Assembly,KA,SHAHAPUR,37,6,VISHWARADHYA B. MUDABOOL,Swayam Krushi Party,740,0
2023,Assembly,KA,SHAHAPUR,37,7,MAHAMMED JILANI BANDAGISAB NASHI,Independent,473,0
2023,Assembly,KA,SHAHAPUR,37,8,HAJI M HUSSAIN,Independent,312,0
2023,Assembly,KA,SHAHAPUR,37,9,HONNAYYA HOTPETH,Independent,654,0
2023,Assembly,KA,SHAHAPUR,37,10,NOTA,None of the Above,1249,3
2023,Assembly,KA,YADGIR,38,1,CHANNAREDDY PATIL TUNNUR,Indian National Congress,53440,362
2023,Assembly,KA,YADGIR,38,2,BASAVARAJ. M. RAMASAMUDRA,Bahujan Samaj Party,691,3
2023,Assembly,KA,YADGIR,38,3,DR. A.B. MALAKAREDDY,Janata Dal  (Secular),7378,42
2023,Assembly,KA,YADGIR,38,4,VENKATREDDY MUDNAL,Bharatiya Janata Party,49768,361
2023,Assembly,KA,YADGIR,38,5,MARUTIRAO JAMBAGA,Dr. Ambedkar People's Party,502,0
2023,Assembly,KA,YADGIR,38,6,RAMZANBEE SOFISAB,All India Ulama Congress,563,1
2023,Assembly,KA,YADGIR,38,7,SHARANABASAPPA KAMALAPURU,Karnataka Rashtra Samithi,199,0
2023,Assembly,KA,YADGIR,38,8,K.SOMASHEKHAR,Socialist Unity Centre Of India (COMMUNIST),464,2
2023,Assembly,KA,YADGIR,38,9,NAZREEN KOUSER,Independent,226,0
2023,Assembly,KA,YADGIR,38,10,BHIMANNA GURUBASAYYA,Independent,250,2
2023,Assembly,KA,YADGIR,38,11,MARAGAPPA SALIKERI,Independent,245,0
2023,Assembly,KA,YADGIR,38,12,MAHANTESH PARASHURAM BHOVI,Independent,333,3
2023,Assembly,KA,YADGIR,38,13,YANKAPPA DEVINDRAPPA BANGLI,Independent,850,3
2023,Assembly,KA,YADGIR,38,14,VENKATAREDDY,Independent,867,0
2023,Assembly,KA,YADGIR,38,15,HANAMAGOUDA BEERANKAL,Independent,36648,190
2023,Assembly,KA,YADGIR,38,16,NOTA,None of the Above,1605,4
2023,Assembly,KA,GURMITKAL,39,1,BABURAO CHINCHANSOOR,Indian National Congress,69371,347
2023,Assembly,KA,GURMITKAL,39,2,ANPUR LALITA MOULALI,Bharatiya Janata Party,14488,83
2023,Assembly,KA,GURMITKAL,39,3,K.B. VASU,Bahujan Samaj Party,2584,6
2023,Assembly,KA,GURMITKAL,39,4,SHARANA GOWDA KANDAKUR,Janata Dal  (Secular),71784,513
2023,Assembly,KA,GURMITKAL,39,5,S. NIJALINGAPPA DODDASAMBRA,Karnataka Rashtra Samithi,1069,1
2023,Assembly,KA,GURMITKAL,39,6,MALLIKARJUN,Uttama Prajaakeeya Party,666,2
2023,Assembly,KA,GURMITKAL,39,7,NOTA,None of the Above,1409,7
2023,Assembly,KA,CHITTAPUR,40,1,JAGADISH  S SAGAR,Aam Aadmi Party,962,0
2023,Assembly,KA,CHITTAPUR,40,2,PRIYANK KHARGE,Indian National Congress,81088,235
2023,Assembly,KA,CHITTAPUR,40,3,MANIKANTA RATHOD,Bharatiya Janata Party,67450,233
2023,Assembly,KA,CHITTAPUR,40,4,SHARANU P. SUGUR,Bahujan Samaj Party,876,2
2023,Assembly,KA,CHITTAPUR,40,5,DR. SUBHASCHANDRA RATHOD,Janata Dal  (Secular),638,5
2023,Assembly,KA,CHITTAPUR,40,6,MALLIKARJUN S. H PUJARI,Karnataka Rashtra Samithi,485,0
2023,Assembly,KA,CHITTAPUR,40,7,RAJU HADNOOR,Independent,405,0
2023,Assembly,KA,CHITTAPUR,40,8,NOTA,None of the Above,813,3
2023,Assembly,KA,SEDAM,41,1,KHASIM SAB,Bahujan Samaj Party,642,5
2023,Assembly,KA,SEDAM,41,2,BALRAJ GUTTEDAR,Janata Dal  (Secular),21024,101
2023,Assembly,KA,SEDAM,41,3,RAJKUMAR PATIL TELKUR,Bharatiya Janata Party,49544,272
2023,Assembly,KA,SEDAM,41,4,DR. SHARANPRAKASH RUDRAPPA PATIL,Indian National Congress,92896,481
2023,Assembly,KA,SEDAM,41,5,SHANKAR BANDI SULEPETH,Aam Aadmi Party,1435,6
2023,Assembly,KA,SEDAM,41,6,G. LALLESH REDDY,Kalyana Rajya Pragathi Paksha,6659,53
2023,Assembly,KA,SEDAM,41,7,SHIVAKUMAR KODLI,Karnataka Rashtra Samithi,219,0
2023,Assembly,KA,SEDAM,41,8,SRINIVAS BOINI,Jana Spandana Party,198,0
2023,Assembly,KA,SEDAM,41,9,ASHOK KUMAR NAGINDRAPPA SHILAVANTH,Independent,314,2
2023,Assembly,KA,SEDAM,41,10,DEVINDRA HANAMANTH HADAPAD GARUR,Independent,645,0
2023,Assembly,KA,SEDAM,41,11,BHARATH  KUMAR G,Independent,512,1
2023,Assembly,KA,SEDAM,41,12,SURESH,Independent,297,0
2023,Assembly,KA,SEDAM,41,13,NOTA,None of the Above,690,1
2023,Assembly,KA,CHINCHOLI,42,1,AVINASH UMESH JADHAV,Bharatiya Janata Party,69586,377
2023,Assembly,KA,CHINCHOLI,42,2,GOUTAM,Bahujan Samaj Party,1074,4
2023,Assembly,KA,CHINCHOLI,42,3,GOUTAM,Aam Aadmi Party,480,2
2023,Assembly,KA,CHINCHOLI,42,4,SANJEEVAN YAKAPUR,Janata Dal  (Secular),6518,37
2023,Assembly,KA,CHINCHOLI,42,5,SUBHASH V RATHOD,Indian National Congress,68772,333
2023,Assembly,KA,CHINCHOLI,42,6,RAMESH,Karnataka Rashtra Samithi,543,0
2023,Assembly,KA,CHINCHOLI,42,7,AVINASH,Independent,393,0
2023,Assembly,KA,CHINCHOLI,42,8,SHAMRAO,Independent,390,0
2023,Assembly,KA,CHINCHOLI,42,9,SANTOSH,Independent,201,1
2023,Assembly,KA,CHINCHOLI,42,10,SUBHASHCHANDRA,Independent,224,2
2023,Assembly,KA,CHINCHOLI,42,11,NOTA,None of the Above,1000,3
2023,Assembly,KA,GULBARGA RURAL,43,1,PANDURANG MAVINKAR,Communist Party of India  (Marxist),821,1
2023,Assembly,KA,GULBARGA RURAL,43,2,BASAWARAJ MATTIMUDU,Bharatiya Janata Party,83759,707
2023,Assembly,KA,GULBARGA RURAL,43,3,MAILARI S/O YESHAWANTH SHALLAGI,Bahujan Samaj Party,830,5
2023,Assembly,KA,GULBARGA RURAL,43,4,RAGHAVENDRA CHINCHANSOOR,Aam Aadmi Party,628,2
2023,Assembly,KA,GULBARGA RURAL,43,5,REVU NAIK BELAMAGI,Indian National Congress,71339,500
2023,Assembly,KA,GULBARGA RURAL,43,6,GANAPATH RAO K MANE,Socialist Unity Centre Of India (COMMUNIST),880,1
2023,Assembly,KA,GULBARGA RURAL,43,7,VENKATESH MAHARAJ,Karnataka Rashtra Samithi,138,0
2023,Assembly,KA,GULBARGA RURAL,43,8,HANMANTH,Rashtriya Samaj Paksha,206,0
2023,Assembly,KA,GULBARGA RURAL,43,9,DATTATREY  K KAMALAPURKAR,Independent,420,2
2023,Assembly,KA,GULBARGA RURAL,43,10,BHAGWAN EDURAM BHOVI,Independent,173,1
2023,Assembly,KA,GULBARGA RURAL,43,11,RAMESH S/O BHIMSINGH CHAVAN,Independent,288,1
2023,Assembly,KA,GULBARGA RURAL,43,12,SATISH B SHINDE,Independent,577,1
2023,Assembly,KA,GULBARGA RURAL,43,13,NOTA,None of the Above,835,4
2023,Assembly,KA,GULBARGA DAKSHIN,44,1,ALLAMPRABHU PATIL,Indian National Congress,86219,1126
2023,Assembly,KA,GULBARGA DAKSHIN,44,2,KRISHNA REDDY,Janata Dal  (Secular),1399,10
2023,Assembly,KA,GULBARGA DAKSHIN,44,3,DATTATREYA.C. PATIL REVOOR APPUGOUDA,Bharatiya Janata Party,65137,1160
2023,Assembly,KA,GULBARGA DAKSHIN,44,4,L.R. BHOSLE,Bahujan Samaj Party,457,7
2023,Assembly,KA,GULBARGA DAKSHIN,44,5,SIDDHU. PATIL (TEGNOOR),Aam Aadmi Party,243,2
2023,Assembly,KA,GULBARGA DAKSHIN,44,6,MOHD. ASLAM MANIYAR,Indian Movement Party,74,0
2023,Assembly,KA,GULBARGA DAKSHIN,44,7,MAHESH S.B.,Socialist Unity Centre Of India (COMMUNIST),96,2
2023,Assembly,KA,GULBARGA DAKSHIN,44,8,VIJAY JADHAV,Karnataka Rashtra Samithi,58,0
2023,Assembly,KA,GULBARGA DAKSHIN,44,9,NAGAYYA GUTTEDAR. G. TAILOR,Independent,88,2
2023,Assembly,KA,GULBARGA DAKSHIN,44,10,M D MAQBOOL KHAN,Independent,72,1
2023,Assembly,KA,GULBARGA DAKSHIN,44,11,MOHAMMED HUSSAIN (MOHAMMED),Independent,64,1
2023,Assembly,KA,GULBARGA DAKSHIN,44,12,SHARANABASAPPA. PAPPA.,Independent,1040,10
2023,Assembly,KA,GULBARGA DAKSHIN,44,13,SHASHIDHAR. B.K. NAGANAHALLI,Independent,497,0
2023,Assembly,KA,GULBARGA DAKSHIN,44,14,SUDHAKAR,Independent,513,5
2023,Assembly,KA,GULBARGA DAKSHIN,44,15,NOTA,None of the Above,1275,9
2023,Assembly,KA,GULBARGA UTTAR,45,1,KANEEZ FATIMA,Indian National Congress,80538,435
2023,Assembly,KA,GULBARGA UTTAR,45,2,CHANDRAKANT B. PATIL (CHANDU PATIL),Bharatiya Janata Party,77559,702
2023,Assembly,KA,GULBARGA UTTAR,45,3,NASIR HUSSAIN USTAD,Janata Dal  (Secular),17048,66
2023,Assembly,KA,GULBARGA UTTAR,45,4,MD. MAHMOOD SHAH,Bahujan Samaj Party,204,0
2023,Assembly,KA,GULBARGA UTTAR,45,5,INAMDAR SAJJAD ALI,Aam Aadmi Party,426,1
2023,Assembly,KA,GULBARGA UTTAR,45,6,ABDUL HAMEED DABUR,Akhil Bharatiya Muslim League (Secular),70,0
2023,Assembly,KA,GULBARGA UTTAR,45,7,BHOVI TARABAI,Bhartiya Jan Samrat Party,65,0
2023,Assembly,KA,GULBARGA UTTAR,45,8,MOHAMMED. ASHRAF,All India Majlis-E-Inquilab-E-Millat,45,0
2023,Assembly,KA,GULBARGA UTTAR,45,9,A.S. SHARANABASAPPA (SHARAN. IT),Janata Dal  (United),87,0
2023,Assembly,KA,GULBARGA UTTAR,45,10,ABDUL RAHEEM MIRCHI SAIT,Independent,90,0
2023,Assembly,KA,GULBARGA UTTAR,45,11,ABDUL HAMEED BAGBAN,Independent,174,0
2023,Assembly,KA,GULBARGA UTTAR,45,12,MUJAHID MAZHARI,Independent,401,0
2023,Assembly,KA,GULBARGA UTTAR,45,13,NOTA,None of the Above,930,4
2023,Assembly,KA,ALAND,46,1,Bhojaraj,Indian National Congress,88981,527
2023,Assembly,KA,ALAND,46,2,Maheshwari,Janata Dal  (Secular),1414,5
2023,Assembly,KA,ALAND,46,3,Rajkumar,Bahujan Samaj Party,295,1
2023,Assembly,KA,ALAND,46,4,Shivakumar Khed,Aam Aadmi Party,454,1
2023,Assembly,KA,ALAND,46,5,Subhash Guttedar,Bharatiya Janata Party,78701,459
2023,Assembly,KA,ALAND,46,6,Umar Farooq,Karnataka Janaseve Party,439,0
2023,Assembly,KA,ALAND,46,7,Chowhan Raju,BhartiyaBahujanKranti Dal,108,0
2023,Assembly,KA,ALAND,46,8,Dattappa,Rashtriya Samaj Paksha,75,0
2023,Assembly,KA,ALAND,46,9,Moula Sab,Communist Party of India,809,2
2023,Assembly,KA,ALAND,46,10,Apparao Patil,Independent,477,0
2023,Assembly,KA,ALAND,46,11,Pandit,Independent,145,1
2023,Assembly,KA,ALAND,46,12,Mahiboob Basha,Independent,178,0
2023,Assembly,KA,ALAND,46,13,Ratnappa,Independent,200,0
2023,Assembly,KA,ALAND,46,14,NOTA,None of the Above,1314,2
2023,Assembly,KA,BASAVAKALYAN,47,1,DEEPAK MALGAR,Aam Aadmi Party,745,0
2023,Assembly,KA,BASAVAKALYAN,47,2,VIJAY SINGH,Indian National Congress,78082,423
2023,Assembly,KA,BASAVAKALYAN,47,3,SHARANU SALAGAR,Bharatiya Janata Party,92346,574
2023,Assembly,KA,BASAVAKALYAN,47,4,SANJUKUMAR WADEKAR,Janata Dal  (Secular),1516,10
2023,Assembly,KA,BASAVAKALYAN,47,5,DNYANESHWAR SINGARE,Bahujan Samaj Party,213,2
2023,Assembly,KA,BASAVAKALYAN,47,6,RAJESHWARI VARDHAN,Republican Party of India,157,0
2023,Assembly,KA,BASAVAKALYAN,47,7,SHIVAJI SIRAGAPUR,Uttama Prajaakeeya Party,145,0
2023,Assembly,KA,BASAVAKALYAN,47,8,SHWEETA AARATI,Republican Party of India (A),225,1
2023,Assembly,KA,BASAVAKALYAN,47,9,TATERAO APPARAO PATIL,Independent,604,1
2023,Assembly,KA,BASAVAKALYAN,47,10,VEERA REDDY BASA REDDY PATIL,Independent,445,0
2023,Assembly,KA,BASAVAKALYAN,47,11,NOTA,None of the Above,498,4
2023,Assembly,KA,HOMNABAD,48,1,C.M FAIZ,Janata Dal  (Secular),25831,69
2023,Assembly,KA,HOMNABAD,48,2,BANK REDDY,Aam Aadmi Party,1407,6
2023,Assembly,KA,HOMNABAD,48,3,RAJASHEKHAR BASAVARAJ PATIL,Indian National Congress,73473,448
2023,Assembly,KA,HOMNABAD,48,4,SIDDU PATIL,Bharatiya Janata Party,74933,582
2023,Assembly,KA,HOMNABAD,48,5,NAGANATH MARUTI,Indian Movement Party,749,0
2023,Assembly,KA,HOMNABAD,48,6,MOHAMMED ABRAR AHMED,All India Majlis-E-Inquilab-E-Millat,356,0
2023,Assembly,KA,HOMNABAD,48,7,PARAVEJ PATIL,Independent,224,0
2023,Assembly,KA,HOMNABAD,48,8,NOTA,None of the Above,724,5
2023,Assembly,KA,BIDAR SOUTH,49,1,ASHOK KHENY,Indian National Congress,48433,176
2023,Assembly,KA,BIDAR SOUTH,49,2,KAPIL GODBOLE,Bahujan Samaj Party,644,1
2023,Assembly,KA,BIDAR SOUTH,49,3,M.NASEEMUDDIN PATEL,Aam Aadmi Party,5093,11
2023,Assembly,KA,BIDAR SOUTH,49,4,BANDEPPA KHASHEMPUR,Janata Dal  (Secular),31157,217
2023,Assembly,KA,BIDAR SOUTH,49,5,DR. SHAILENDRA BELDALE,Bharatiya Janata Party,49593,279
2023,Assembly,KA,BIDAR SOUTH,49,6,TUKARAM GOURE,Karnataka Rashtra Samithi,779,0
2023,Assembly,KA,BIDAR SOUTH,49,7,BHEEMA SHANKAR POLICE PATIL,Kalyana Rajya Pragathi Paksha,498,2
2023,Assembly,KA,BIDAR SOUTH,49,8,SHIVRAJ BABU,Rashtriya Samaj Paksha,529,0
2023,Assembly,KA,BIDAR SOUTH,49,9,CHANDRA SINGH,Independent,14796,41
2023,Assembly,KA,BIDAR SOUTH,49,10,SHIVAKUMAR PATIL,Independent,462,2
2023,Assembly,KA,BIDAR SOUTH,49,11,NOTA,None of the Above,670,1
2023,Assembly,KA,BIDAR,50,1,ANILKUMAR TUKARAM KHASHAMPURE,Bahujan Samaj Party,405,3
2023,Assembly,KA,BIDAR,50,2,ISHWAR SINGH THAKUR,Bharatiya Janata Party,17505,274
2023,Assembly,KA,BIDAR,50,3,Gulam Ali,Aam Aadmi Party,2032,0
2023,Assembly,KA,BIDAR,50,4,Rahim Khan,Indian National Congress,68287,878
2023,Assembly,KA,BIDAR,50,5,SURYAKANTH NAGAMARPALLI,Janata Dal  (Secular),57628,757
2023,Assembly,KA,BIDAR,50,6,"ASHOK KARANJI, GADGI",Sarvajanika Adarsha Sena,480,1
2023,Assembly,KA,BIDAR,50,7,MAHESH GORNALKAR,Republican Party of India (A),282,5
2023,Assembly,KA,BIDAR,50,8,Hanamanth Matte,Karnataka Rashtra Samithi,365,1
2023,Assembly,KA,BIDAR,50,9,Gundoji,Independent,239,1
2023,Assembly,KA,BIDAR,50,10,SHASHIKUMAR S POLICE PATIL CHAWLI,Independent,468,1
2023,Assembly,KA,BIDAR,50,11,GNANESHWAR JAISURYA HOSAMANI,Independent,122,0
2023,Assembly,KA,BIDAR,50,12,NOTA,None of the Above,541,2
2023,Assembly,KA,BHALKI,51,1,ESHWAR KHANDRE,Indian National Congress,98708,743
2023,Assembly,KA,BHALKI,51,2,TUKARAM HAJARE S/O NARAYANRAO,Aam Aadmi Party,947,2
2023,Assembly,KA,BHALKI,51,3,PRAKASH KHANDRE,Bharatiya Janata Party,71270,475
2023,Assembly,KA,BHALKI,51,4,ROUF PATEL,Janata Dal  (Secular),636,0
2023,Assembly,KA,BHALKI,51,5,SIDRAM VAIJINATH,Karnataka Rashtra Samithi,59,0
2023,Assembly,KA,BHALKI,51,6,ABDUL JAMEEL INAMDAR,Independent,40,0
2023,Assembly,KA,BHALKI,51,7,AMBADAS . J . SALANKE,Independent,62,0
2023,Assembly,KA,BHALKI,51,8,UMESH GUNDERAO PANDRE,Independent,45,2
2023,Assembly,KA,BHALKI,51,9,GANESH S/O GOVIND,Independent,45,0
2023,Assembly,KA,BHALKI,51,10,PANDURANG SHARNAPPA,Independent,73,2
2023,Assembly,KA,BHALKI,51,11,B. A. BOROLE,Independent,202,0
2023,Assembly,KA,BHALKI,51,12,VAIJINATH S/O BAJIRAO TAGARE,Independent,376,0
2023,Assembly,KA,BHALKI,51,13,S. VAIJAYNATH. G.,Independent,240,0
2023,Assembly,KA,BHALKI,51,14,NOTA,None of the Above,842,9
2023,Assembly,KA,AURAD,52,1,GUNWANTRAO S/. SANGRAM,Bahujan Samaj Party,361,1
2023,Assembly,KA,AURAD,52,2,JAISINGA S/. DHANASHING,Janata Dal  (Secular),1487,19
2023,Assembly,KA,AURAD,52,3,PRABHU B CHAVAN,Bharatiya Janata Party,80533,849
2023,Assembly,KA,AURAD,52,4,BABURAO ADAKE,Aam Aadmi Party,942,3
2023,Assembly,KA,AURAD,52,5,BHIMSAIN RAO SHINDE,Indian National Congress,71185,628
2023,Assembly,KA,AURAD,52,6,ANIL RATHOD S/.  BHAVRAO RATHOD,Rashtriya Maratha Party,637,0
2023,Assembly,KA,AURAD,52,7,K.R.S. ANKUSH,Karnataka Rashtra Samithi,129,1
2023,Assembly,KA,AURAD,52,8,NARSING TUKARAM,Janahitha Paksha,136,0
2023,Assembly,KA,AURAD,52,9,RAHUL S/. BABURAO,Samajwadi Janata Party(Karnataka),265,1
2023,Assembly,KA,AURAD,52,10,DR LAXMAN SORHALLI,Kalyana Rajya Pragathi Paksha,270,0
2023,Assembly,KA,AURAD,52,11,DR. M.P. DARAKESWARAIAH,Independent,361,0
2023,Assembly,KA,AURAD,52,12,SANTOSHKUMAR,Independent,330,1
2023,Assembly,KA,AURAD,52,13,NOTA,None of the Above,463,1
2023,Assembly,KA,RAICHUR RURAL,53,1,Tipparaju Hawaldar,Bharatiya Janata Party,74893,390
2023,Assembly,KA,RAICHUR RURAL,53,2,K. Narasimha Nayak,Janata Dal  (Secular),4090,37
2023,Assembly,KA,RAICHUR RURAL,53,3,Basanagouda Daddal,Indian National Congress,88694,446
2023,Assembly,KA,RAICHUR RURAL,53,4,Shubhashchandra Sambaji,Aam Aadmi Party,1531,4
2023,Assembly,KA,RAICHUR RURAL,53,5,I. Kumar Nayak,Karnataka Rashtra Samithi,273,2
2023,Assembly,KA,RAICHUR RURAL,53,6,M Khashim Nayak,Kalyana Rajya Pragathi Paksha,427,1
2023,Assembly,KA,RAICHUR RURAL,53,7,Veerangoda,Indian Movement Party,760,0
2023,Assembly,KA,RAICHUR RURAL,53,8,Badesaab,Independent,357,0
2023,Assembly,KA,RAICHUR RURAL,53,9,NOTA,None of the Above,1452,4
2023,Assembly,KA,RAICHUR,54,1,Jayabheema,Bahujan Samaj Party,574,9
2023,Assembly,KA,RAICHUR,54,2,Mohammed Shalam,Indian National Congress,65561,362
2023,Assembly,KA,RAICHUR,54,3,E. Vinay kumar,Janata Dal  (Secular),2753,27
2023,Assembly,KA,RAICHUR,54,4,Veeresh Kumar.D,Aam Aadmi Party,575,6
2023,Assembly,KA,RAICHUR,54,5,Dr. Shivaraj Patil,Bharatiya Janata Party,69143,512
2023,Assembly,KA,RAICHUR,54,6,Masood Ali,Bharatiya Rashtravadi Paksha,335,1
2023,Assembly,KA,RAICHUR,54,7,Mahadeva,Country Citizen Party,116,0
2023,Assembly,KA,RAICHUR,54,8,Ramanna,Karnataka Rashtra Samithi,109,0
2023,Assembly,KA,RAICHUR,54,9,Raman Gowda Yeganuru,Kalyana Rajya Pragathi Paksha,579,8
2023,Assembly,KA,RAICHUR,54,10,Veeresh N.S,Socialist Unity Centre Of India (COMMUNIST),162,3
2023,Assembly,KA,RAICHUR,54,11,Syed Ishaq Hussain,Social Democratic Party Of India,627,5
2023,Assembly,KA,RAICHUR,54,12,Iffath Siddiqui,Independent,387,0
2023,Assembly,KA,RAICHUR,54,13,Indramma,Independent,119,0
2023,Assembly,KA,RAICHUR,54,14,Eresh,Independent,181,0
2023,Assembly,KA,RAICHUR,54,15,Earesh Kumar,Independent,334,0
2023,Assembly,KA,RAICHUR,54,16,Dr. Basavaraj Kalasa,Independent,546,3
2023,Assembly,KA,RAICHUR,54,17,Mujeebuddin,Independent,1320,7
2023,Assembly,KA,RAICHUR,54,18,Syed Rasheed Pasha,Independent,291,0
2023,Assembly,KA,RAICHUR,54,19,NOTA,None of the Above,583,5
2023,Assembly,KA,MANVI,55,1,A Bhagavantaray,Bharatiya Janata Party,58802,401
2023,Assembly,KA,MANVI,55,2,Mudakappa Nayak,Bahujan Samaj Party,681,5
2023,Assembly,KA,MANVI,55,3,Raja Venkatappa Nayak,Janata Dal  (Secular),25832,158
2023,Assembly,KA,MANVI,55,4,Raja Shamsunder Nayak,Aam Aadmi Party,2920,12
2023,Assembly,KA,MANVI,55,5,G Hampayya Nayak,Indian National Congress,66508,414
2023,Assembly,KA,MANVI,55,6,Basavaprabhu,Karnataka Rashtra Samithi,737,5
2023,Assembly,KA,MANVI,55,7,NOTA,None of the Above,1245,10
2023,Assembly,KA,DEVADURGA,56,1,Karemma,Janata Dal  (Secular),30820,0
2023,Assembly,KA,DEVADURGA,56,2,Narasannagouda Hosamani,Bahujan Samaj Party,316,0
2023,Assembly,KA,DEVADURGA,56,3,Shivanagouda,Bharatiya Janata Party,17586,0
2023,Assembly,KA,DEVADURGA,56,4,A.Shridevi,Indian National Congress,1060,0
2023,Assembly,KA,DEVADURGA,56,5,Roopa,Independent,841,0
2023,Assembly,KA,DEVADURGA,56,6,NOTA,None of the Above,895,0
2023,Assembly,KA,LINGSUGUR,57,1,ANILKUMAR D.JANAPPA HIRENAGANOOR,Bahujan Samaj Party,1190,3
2023,Assembly,KA,LINGSUGUR,57,2,D.S.HULAGERI,Indian National Congress,55573,387
2023,Assembly,KA,LINGSUGUR,57,3,MANAPPA D VAJJAL,Bharatiya Janata Party,58331,438
2023,Assembly,KA,LINGSUGUR,57,4,BANDI SHIDDU,Janata Dal  (Secular),41099,223
2023,Assembly,KA,LINGSUGUR,57,5,NAGARAJ MOTHI,Uttama Prajaakeeya Party,1151,1
2023,Assembly,KA,LINGSUGUR,57,6,R.RUDRAIAH,Kalyana Rajya Pragathi Paksha,13639,125
2023,Assembly,KA,LINGSUGUR,57,7,VIJAY KUMAR POL,Karnataka Rashtra Samithi,753,0
2023,Assembly,KA,LINGSUGUR,57,8,NOTA,None of the Above,1321,4
2023,Assembly,KA,SINDHANUR,58,1,K. KARIYAPPA,Bharatiya Janata Party,51192,511
2023,Assembly,KA,SINDHANUR,58,2,VENKATRAO NADAGOUDA,Janata Dal  (Secular),43261,200
2023,Assembly,KA,SINDHANUR,58,3,SANGRAM NARAYAN KILLED,Aam Aadmi Party,1388,0
2023,Assembly,KA,SINDHANUR,58,4,HAMPANAGOUDA BADARLI,Indian National Congress,73183,462
2023,Assembly,KA,SINDHANUR,58,5,NIJAGUNAYYA,Uttama Prajaakeeya Party,852,1
2023,Assembly,KA,SINDHANUR,58,6,NIRUPADI  K GOMARSHI,Karnataka Rashtra Samithi,269,1
2023,Assembly,KA,SINDHANUR,58,7,BASAVARAJ SASALAMARI,Republican Party of India Bharatha,235,1
2023,Assembly,KA,SINDHANUR,58,8,MALLIKARJUN NEKKANTI,Kalyana Rajya Pragathi Paksha,2143,4
2023,Assembly,KA,SINDHANUR,58,9,BASAVARAJ BADARLI,Independent,214,1
2023,Assembly,KA,SINDHANUR,58,10,BASAPUR SHARANAPPA NEELAKANTAPPA,Independent,448,0
2023,Assembly,KA,SINDHANUR,58,11,NOTA,None of the Above,1061,4
2023,Assembly,KA,MASKI,59,1,PRATAPGOUDA PATIL,Bharatiya Janata Party,66063,450
2023,Assembly,KA,MASKI,59,2,BASAN GOUDA TURVIHAL,Indian National Congress,79189,377
2023,Assembly,KA,MASKI,59,3,RAGHAVENDRA NAYAK BALGANUR,Janata Dal  (Secular),1901,5
2023,Assembly,KA,MASKI,59,4,GANGAMMA ANKUSHADODDI,Karnataka Rashtra Samithi,312,1
2023,Assembly,KA,MASKI,59,5,ISHAPPAGOUDA PATIL,Independent,266,2
2023,Assembly,KA,MASKI,59,6,SOMANAGOUDA,Independent,207,0
2023,Assembly,KA,MASKI,59,7,E.H. NAYAK,Independent,729,1
2023,Assembly,KA,MASKI,59,8,NOTA,None of the Above,1290,5
2023,Assembly,KA,KUSHTAGI,60,1,AMAREGOUDA  LINGANAGOUDA PATIL BAYYAPUR,Indian National Congress,82350,919
2023,Assembly,KA,KUSHTAGI,60,2,KANAKAPPA MALAGAVI,Aam Aadmi Party,727,2
2023,Assembly,KA,KUSHTAGI,60,3,DODDANAGOUDA HANAMAGOUDA PATIL,Bharatiya Janata Party,91960,955
2023,Assembly,KA,KUSHTAGI,60,4,SHARANAPPA SIDDAPPA KUMBAR,Janata Dal  (Secular),1041,7
2023,Assembly,KA,KUSHTAGI,60,5,SHIVAPUTRAPPA MENEDAL,Bahujan Samaj Party,197,6
2023,Assembly,KA,KUSHTAGI,60,6,C.M.HIREMATH,Kalyana Rajya Pragathi Paksha,373,7
2023,Assembly,KA,KUSHTAGI,60,7,PARASAPPA BHEEMAPPA GAJJARI,Rani Chennamma Party,44,0
2023,Assembly,KA,KUSHTAGI,60,8,SHANTARAJA PARSHWANATH GOGI JAIN,Navarang Congress Party,65,0
2023,Assembly,KA,KUSHTAGI,60,9,SIDDAPPA KALAKERI,Uttama Prajaakeeya Party,269,3
2023,Assembly,KA,KUSHTAGI,60,10,C.SURESH BALAKUNDI,Karnataka Rashtra Samithi,95,0
2023,Assembly,KA,KUSHTAGI,60,11,KALAPPA YACHCHARAPPA BADIGER,Independent,176,3
2023,Assembly,KA,KUSHTAGI,60,12,YALLANAGOUDA,Independent,176,1
2023,Assembly,KA,KUSHTAGI,60,13,RAMANAGOUDA.M.MALIPATIL,Independent,346,0
2023,Assembly,KA,KUSHTAGI,60,14,B.VAZEERALI GONAL,Independent,1377,0
2023,Assembly,KA,KUSHTAGI,60,15,SHIVAKUMAR CHILKARAGI,Independent,391,0
2023,Assembly,KA,KUSHTAGI,60,16,NOTA,None of the Above,1587,5
2023,Assembly,KA,KANAKAGIRI,61,1,BASAVARAJ DADESUGUR,Bharatiya Janata Party,63214,318
2023,Assembly,KA,KANAKAGIRI,61,2,YARISWAMY NAGESHAPPA KUNTOJI,Aam Aadmi Party,514,1
2023,Assembly,KA,KANAKAGIRI,61,3,P V RAJAGOPAL,Janata Dal  (Secular),703,6
2023,Assembly,KA,KANAKAGIRI,61,4,TANGADAGI SHIVARAJ SANGAPPA,Indian National Congress,105491,673
2023,Assembly,KA,KANAKAGIRI,61,5,KENCHAPPA LINGAPPA HIREKHED,Communist Party of India  (Marxist-Leninist)  (Liberation),747,0
2023,Assembly,KA,KANAKAGIRI,61,6,GANESH,Karnataka Rashtra Samithi,144,0
2023,Assembly,KA,KANAKAGIRI,61,7,CHARUL VENKANTRAMANA DASARI,Kalyana Rajya Pragathi Paksha,1299,20
2023,Assembly,KA,KANAKAGIRI,61,8,K BALAPPA,Bharatiya Praja Aikyata Party,132,4
2023,Assembly,KA,KANAKAGIRI,61,9,RAMESH,Independent,419,3
2023,Assembly,KA,KANAKAGIRI,61,10,SANDEEP SANJEEVAPPA BUDAGUMPA,Independent,677,1
2023,Assembly,KA,KANAKAGIRI,61,11,H HULUGAPPA,Independent,188,3
2023,Assembly,KA,KANAKAGIRI,61,12,B JNANASUNDAR,Independent,396,0
2023,Assembly,KA,KANAKAGIRI,61,13,NOTA,None of the Above,1594,6
2023,Assembly,KA,GANGAWATI,62,1,IQBAL ANSARI,Indian National Congress,57674,273
2023,Assembly,KA,GANGAWATI,62,2,CHANNAKESHAVE HERIYAAL RAMULU,Janata Dal  (Secular),1204,8
2023,Assembly,KA,GANGAWATI,62,3,PARANNA ISHWARAPPA MUNAVALLI,Bharatiya Janata Party,28918,249
2023,Assembly,KA,GANGAWATI,62,4,SHARANAPPA SAJJIHOLA,Aam Aadmi Party,413,2
2023,Assembly,KA,GANGAWATI,62,5,SHANKAR SIDDAPUR,Bahujan Samaj Party,190,0
2023,Assembly,KA,GANGAWATI,62,6,KANAKAPPA HANUMAPPA HUDEJALI,Karnataka Rashtra Samithi,390,1
2023,Assembly,KA,GANGAWATI,62,7,G JANARDHAN REDDY,Kalyana Rajya Pragathi Paksha,65791,422
2023,Assembly,KA,GANGAWATI,62,8,KARADI BASAVARAJA,Indian Movement Party,477,0
2023,Assembly,KA,GANGAWATI,62,9,VIJAY KUMAR ACHAPPA,Akhil Bharat Hindu Mahasabha,176,1
2023,Assembly,KA,GANGAWATI,62,10,VENKATESH RAO G KULKARNI HEGGAPUR,Bharatiya Prajagala Kalyana Paksha,356,0
2023,Assembly,KA,GANGAWATI,62,11,SHARANAPPA SINGANAL,Uttama Prajaakeeya Party,367,4
2023,Assembly,KA,GANGAWATI,62,12,SHRI VENKATESHWARA MAHA SWAMIJI,Hindustan Janta Party,86,1
2023,Assembly,KA,GANGAWATI,62,13,SARASWATI K,Republican Party of India Bharatha,221,1
2023,Assembly,KA,GANGAWATI,62,14,CHAKRAVARTHI NAYAKA T,Independent,272,1
2023,Assembly,KA,GANGAWATI,62,15,MAHAMMAD NATHIK ALAM,Independent,156,0
2023,Assembly,KA,GANGAWATI,62,16,PRASAD TALURI,Independent,792,0
2023,Assembly,KA,GANGAWATI,62,17,SHIVASHANKARYYA SWAMI SHETTAR‌ KARATAGI,Independent,522,0
2023,Assembly,KA,GANGAWATI,62,18,SHANMUKHA VALMIKI,Independent,92,1
2023,Assembly,KA,GANGAWATI,62,19,SANGAMESH SUGREEVAA,Independent,368,4
2023,Assembly,KA,GANGAWATI,62,20,NOTA,None of the Above,425,1
2023,Assembly,KA,YELBURGA,63,1,BASAVARAJ RAYAREDDI,Indian National Congress,93656,674
2023,Assembly,KA,YELBURGA,63,2,KONANAGOUDRA MALLANAGOUDA,Janata Dal  (Secular),1032,6
2023,Assembly,KA,YELBURGA,63,3,MOULAHUSAIN BULDIYAR,Aam Aadmi Party,424,1
2023,Assembly,KA,YELBURGA,63,4,ACHAR HALAPPA BASAPPA,Bharatiya Janata Party,76488,661
2023,Assembly,KA,YELBURGA,63,5,HULAGAPPA HIREMANI,Bahujan Samaj Party,523,1
2023,Assembly,KA,YELBURGA,63,6,RAMALINGAPPA H. KUKANURU,Republican Party of India,130,0
2023,Assembly,KA,YELBURGA,63,7,HARI. R,Nationalist Congress Party,622,4
2023,Assembly,KA,YELBURGA,63,8,NIRMALA,Independent,214,2
2023,Assembly,KA,YELBURGA,63,9,BALAPPA S. VEERAPUR,Independent,502,0
2023,Assembly,KA,YELBURGA,63,10,SHAMIDSAB YAMANURSAB MULLA,Independent,253,5
2023,Assembly,KA,YELBURGA,63,11,SHANKAR RADDY SOMARADDY,Independent,235,0
2023,Assembly,KA,YELBURGA,63,12,NOTA,None of the Above,1557,8
2023,Assembly,KA,KOPPAL,64,1,C.V.CHANDRASHEKAR,Janata Dal  (Secular),44834,535
2023,Assembly,KA,KOPPAL,64,2,K.S.MAILARAPPA,Bahujan Samaj Party,490,4
2023,Assembly,KA,KOPPAL,64,3,M.K. SAHEB NAGESHANAHALLI,Aam Aadmi Party,900,5
2023,Assembly,KA,KOPPAL,64,4,KARADI MANJULA,Bharatiya Janata Party,53397,773
2023,Assembly,KA,KOPPAL,64,5,K. RAGHAVENDRA BASAVARAJ HITNAL,Indian National Congress,89573,857
2023,Assembly,KA,KOPPAL,64,6,ADAVI HANUMAPPA GODACHALLI,Karnataka Rashtra Samithi,647,4
2023,Assembly,KA,KOPPAL,64,7,MARISWAMI. R. KANAKAGIRI,Republican Party of India Bharatha,149,0
2023,Assembly,KA,KOPPAL,64,8,GAVEESH SASIMATH,Independent,184,8
2023,Assembly,KA,KOPPAL,64,9,KOLURU DEVENDRAGOUDA,Independent,338,2
2023,Assembly,KA,KOPPAL,64,10,PRAMOD.M.P,Independent,297,2
2023,Assembly,KA,KOPPAL,64,11,MALLIKARJUN HADAPADA,Independent,169,4
2023,Assembly,KA,KOPPAL,64,12,SHASHIDHAR.K.M,Independent,250,10
2023,Assembly,KA,KOPPAL,64,13,NOTA,None of the Above,1310,7
2023,Assembly,KA,SHIRAHATTI,65,1,DR.CHANDRU LAMANI,Bharatiya Janata Party,73600,889
2023,Assembly,KA,SHIRAHATTI,65,2,DODDAMANI MALLIKARJUNA YALLAPPA,Aam Aadmi Party,859,13
2023,Assembly,KA,SHIRAHATTI,65,3,SUJATA  NINGAPPA  DODDAMANI,Indian National Congress,34550,241
2023,Assembly,KA,SHIRAHATTI,65,4,HANAMANTAPPA. M.NAYAK,Janata Dal  (Secular),2054,11
2023,Assembly,KA,SHIRAHATTI,65,5,DR. MUTTU.  SURAKOD  (MADAR),Indian Movement Party,311,1
2023,Assembly,KA,SHIRAHATTI,65,6,MANJUNATH ASANGEPPA  ASANGI,Karnataka Rashtra Samithi,228,0
2023,Assembly,KA,SHIRAHATTI,65,7,SUSHMA SUNIL   SARVADE,Uttama Prajaakeeya Party,468,4
2023,Assembly,KA,SHIRAHATTI,65,8,DURAGAPPA SHEKHAPPA BINJADAGI,Independent,228,0
2023,Assembly,KA,SHIRAHATTI,65,9,DODDAPPA. BHADRAPPA. LAMANI,Independent,961,4
2023,Assembly,KA,SHIRAHATTI,65,10,RAJAVENKATESH D KARABHARI,Independent,499,3
2023,Assembly,KA,SHIRAHATTI,65,11,RAMAKRISHNA. SHIDLINGAPPA. DODDAMANI,Independent,45637,332
2023,Assembly,KA,SHIRAHATTI,65,12,VENKATESH B  GUGGARI,Independent,533,3
2023,Assembly,KA,SHIRAHATTI,65,13,SANTOSH GOURAVVA HIREMANI,Independent,456,2
2023,Assembly,KA,SHIRAHATTI,65,14,HANUMANTAPPA PEERAPPA KORAVAR,Independent,445,0
2023,Assembly,KA,SHIRAHATTI,65,15,NOTA,None of the Above,1633,9
2023,Assembly,KA,GADAG,66,1,ANIL. P.  MENASINAKAI,Bharatiya Janata Party,73820,1008
2023,Assembly,KA,GADAG,66,2,GOVINDAGOUDRA VENKANAGOUDRA RANGANAGOUDA,Janata Dal  (Secular),688,10
2023,Assembly,KA,GADAG,66,3,DODDAMANI PEERSAB,Aam Aadmi Party,491,2
2023,Assembly,KA,GADAG,66,4,H. K. PATIL,Indian National Congress,88986,972
2023,Assembly,KA,GADAG,66,5,ANAND HANDI,Karnataka Rashtra Samithi,536,0
2023,Assembly,KA,GADAG,66,6,CHANDRASHEKHAR DESAI,Rani Chennamma Party,72,0
2023,Assembly,KA,GADAG,66,7,POOJA MALLAPPA BEVOOR,Indian Movement Party,98,0
2023,Assembly,KA,GADAG,66,8,SACHINKUMAR KARJEKANNAVAR,Uttama Prajaakeeya Party,274,2
2023,Assembly,KA,GADAG,66,9,B. M. PATIL,Independent,95,0
2023,Assembly,KA,GADAG,66,10,BASAVARAJ MALODE,Independent,104,2
2023,Assembly,KA,GADAG,66,11,MALLIKARJUNAGOUDA SHANKARGOUDA PARVATAGOUDRA,Independent,283,0
2023,Assembly,KA,GADAG,66,12,RUDRAPPA BASAPPA KUMBAR,Independent,729,0
2023,Assembly,KA,GADAG,66,13,VISHWANATH KHANAPUR,Independent,272,4
2023,Assembly,KA,GADAG,66,14,VEERABHADRAPPA VEERAPPA KABBINAD,Independent,237,4
2023,Assembly,KA,GADAG,66,15,NOTA,None of the Above,1537,6
2023,Assembly,KA,RON,67,1,KALAKAPPA GURUSHANTAPPA BANDI,Bharatiya Janata Party,69519,658
2023,Assembly,KA,RON,67,2,GURUPADAGOUDA SANGANAGOUDA PATIL,Indian National Congress,94064,801
2023,Assembly,KA,RON,67,3,ANEKAL DODDAIAH,Aam Aadmi Party,8761,78
2023,Assembly,KA,RON,67,4,MAKTUMSAB YAMANOORASAB MUDHOL,Janata Dal  (Secular),646,6
2023,Assembly,KA,RON,67,5,KUMAR ANDAPPA HAKARI,Shiv Sena (Uddhav Balasaheb Thackeray),122,0
2023,Assembly,KA,RON,67,6,ABDUL KHADAR SAB A,Independent,98,0
2023,Assembly,KA,RON,67,7,DEVENDRAPPA BALAPPA OLEKAR,Independent,123,1
2023,Assembly,KA,RON,67,8,BIBIJAN RAJESAB DARAGAD,Independent,256,0
2023,Assembly,KA,RON,67,9,SHIVANAND SHANKRAPPA RATHOD,Independent,1461,2
2023,Assembly,KA,RON,67,10,NOTA,None of the Above,1586,14
2023,Assembly,KA,NARGUND,68,1,C. C. PATIl,Bharatiya Janata Party,72154,681
2023,Assembly,KA,NARGUND,68,2,B. R. YAVAGAL,Indian National Congress,70520,524
2023,Assembly,KA,NARGUND,68,3,RAMAPPA DYAMAPPA HUVANNAVAR,Aam Aadmi Party,604,2
2023,Assembly,KA,NARGUND,68,4,R. N. PATIL,Janata Dal  (Secular),649,4
2023,Assembly,KA,NARGUND,68,5,HANAMANT YALLAPPA MADAR,Bahujan Samaj Party,101,0
2023,Assembly,KA,NARGUND,68,6,RUDRAYYA. GADIGEYYA. SUREBAN.,Indian Movement Party,39,0
2023,Assembly,KA,NARGUND,68,7,VEERANAGOUDA. SHIVANAGOUDA. MUGANUR,Karnataka Rashtra Samithi,142,0
2023,Assembly,KA,NARGUND,68,8,UMESH FAKEERAPPA TALAWAR,Independent,41,0
2023,Assembly,KA,NARGUND,68,9,M. Y. NAYAK,Independent,51,0
2023,Assembly,KA,NARGUND,68,10,DR|| MUTTU SURAKOD (MADAR),Independent,80,1
2023,Assembly,KA,NARGUND,68,11,RAMAPPA. HUJARATTI,Independent,102,2
2023,Assembly,KA,NARGUND,68,12,VASANAGOUDA. NINGANAGOUDA. BHANDI.,Independent,102,0
2023,Assembly,KA,NARGUND,68,13,VEERESH SOBARADAMATH,Independent,1658,5
2023,Assembly,KA,NARGUND,68,14,SHIVANAND. SHIDDAPPA. MAYANNAVAR.,Independent,1004,1
2023,Assembly,KA,NARGUND,68,15,NOTA,None of the Above,1761,8
2023,Assembly,KA,NAVALGUND,69,1,KALLAPPA NAGAPPA GADDI,Janata Dal  (Secular),6866,48
2023,Assembly,KA,NAVALGUND,69,2,NINGARADDI HANAMARADDI KONARADDI,Indian National Congress,85534,547
2023,Assembly,KA,NAVALGUND,69,3,VIJAYKUMAR SANGAPPA,Aam Aadmi Party,735,4
2023,Assembly,KA,NAVALGUND,69,4,SHANKAR BASANAGOUDA PATIL MUNENAKOPPA,Bharatiya Janata Party,63368,514
2023,Assembly,KA,NAVALGUND,69,5,HANUMANTAPPA YALLAPPA MEGALAMANI,Bahujan Samaj Party,352,1
2023,Assembly,KA,NAVALGUND,69,6,AJAY MALLIKARJUN HUGAR,Kalyana Rajya Pragathi Paksha,151,1
2023,Assembly,KA,NAVALGUND,69,7,MAILARAPPA BHARAMAPPA CHAVADI,Karnataka Rashtra Samithi,107,0
2023,Assembly,KA,NAVALGUND,69,8,MOHAN DEVARADDI MASTI,Uttama Prajaakeeya Party,397,4
2023,Assembly,KA,NAVALGUND,69,9,MALLAPPA KRISHNAPPA HEBASUR,Independent,131,0
2023,Assembly,KA,NAVALGUND,69,10,MALLIKARJUNGOUDA GIRIYAPPAGOUDA BALANGOUDRA,Independent,160,1
2023,Assembly,KA,NAVALGUND,69,11,MABUSAB MAKTUMSAB YARAGUPPI,Independent,450,4
2023,Assembly,KA,NAVALGUND,69,12,VINAYAKUMAR PARAPPA MYAGERI,Independent,284,1
2023,Assembly,KA,NAVALGUND,69,13,SHANKRAPPA RUDRAPPA AMBALI,Independent,1128,6
2023,Assembly,KA,NAVALGUND,69,14,NOTA,None of the Above,1116,4
2023,Assembly,KA,KUNDGOL,70,1,KUSUMAVATHI CHANNABASAPPA SHIVALLI,Indian National Congress,40609,155
2023,Assembly,KA,KUNDGOL,70,2,NIRANJANAYYA RUDRAYYA MANAKATTIMATH,Aam Aadmi Party,618,2
2023,Assembly,KA,KUNDGOL,70,3,M R PATIL,Bharatiya Janata Party,75839,266
2023,Assembly,KA,KUNDGOL,70,4,HAZRATALI SHAIKH JODAMANI,Janata Dal  (Secular),4300,4
2023,Assembly,KA,KUNDGOL,70,5,YELLAPPA HANAMAPPA DABAGONDI,Kalyana Rajya Pragathi Paksha,202,0
2023,Assembly,KA,KUNDGOL,70,6,SURESH KURABAGATTI,Karnataka Rashtra Samithi,68,0
2023,Assembly,KA,KUNDGOL,70,7,KUTBUDDIN IMAMASAB BELAGALI,Independent,64,0
2023,Assembly,KA,KUNDGOL,70,8,GANGADHAR SHIVARADDI KHANDEGOUDRU,Independent,194,0
2023,Assembly,KA,KUNDGOL,70,9,CHANDAPEER HAJARESAB BANKAPUR,Independent,79,0
2023,Assembly,KA,KUNDGOL,70,10,MALLIKARJUN  KALLAPPA TOTAGER,Independent,127,1
2023,Assembly,KA,KUNDGOL,70,11,MAHAMMADAHANIPH RAJESAB  KARADI,Independent,98,0
2023,Assembly,KA,KUNDGOL,70,12,VIRUPAKSHAGOUDA NAGANAGOUDA FAKKIRAGOUDRA,Independent,256,1
2023,Assembly,KA,KUNDGOL,70,13,SHIVANAGOUDA BASANAGOUDA KURATTI,Independent,776,1
2023,Assembly,KA,KUNDGOL,70,14,CHIKKANAGOUDRA SIDDANAGOUDA ISWARAGOUDA,Independent,30341,84
2023,Assembly,KA,KUNDGOL,70,15,NOTA,None of the Above,998,3
2023,Assembly,KA,DHARWAD,71,1,AMRUT AYYAPPA DESAI,Bharatiya Janata Party,70546,750
2023,Assembly,KA,DHARWAD,71,2,MANJUNATH LAXMAPPA HAGEDAR,Janata Dal  (Secular),914,7
2023,Assembly,KA,DHARWAD,71,3,VINAY KULKARNI,Indian National Congress,88660,673
2023,Assembly,KA,DHARWAD,71,4,PRAVEEN SANGANGOUD PATIL,Uttama Prajaakeeya Party,658,1
2023,Assembly,KA,DHARWAD,71,5,MADHULATA GOUDAR,Socialist Unity Centre Of India (COMMUNIST),245,1
2023,Assembly,KA,DHARWAD,71,6,SATTEVVA JAMANAL,Kalyana Rajya Pragathi Paksha,126,2
2023,Assembly,KA,DHARWAD,71,7,SIDDU BAGUR,Karnataka Rashtra Samithi,62,1
2023,Assembly,KA,DHARWAD,71,8,ANNA MANJU MANGALAGATTI,Independent,128,1
2023,Assembly,KA,DHARWAD,71,9,KANTIMATH RAJASHEKHARAYYA VIRUPAKSHAYYA,Independent,237,1
2023,Assembly,KA,DHARWAD,71,10,SHAKEEL ABDULSATTAR DODVAD,Independent,877,2
2023,Assembly,KA,DHARWAD,71,11,SHASHIKIRAN NADAKATTI,Independent,249,1
2023,Assembly,KA,DHARWAD,71,12,NOTA,None of the Above,1510,11
2023,Assembly,KA,HUBLI-DHARWAD-EAST,72,1,Dr. KRANTHI KIRAN,Bharatiya Janata Party,52877,179
2023,Assembly,KA,HUBLI-DHARWAD-EAST,72,2,ABBAYYA PRASAD,Indian National Congress,85181,245
2023,Assembly,KA,HUBLI-DHARWAD-EAST,72,3,BASAVARAJ TERDAL,Aam Aadmi Party,564,4
2023,Assembly,KA,HUBLI-DHARWAD-EAST,72,4,HALAHARAVI VEERABADRAPPA,Janata Dal  (Secular),893,7
2023,Assembly,KA,HUBLI-DHARWAD-EAST,72,5,CHANDRAKANTH HANJAGI,Karnataka Rashtra Samithi,90,0
2023,Assembly,KA,HUBLI-DHARWAD-EAST,72,6,DURGAPPA KASHAPPA BIJAWAD,All India Majlis-E-Ittehadul Muslimeen,5640,4
2023,Assembly,KA,HUBLI-DHARWAD-EAST,72,7,LAXMAN MORAB,Hindustan Janta Party Secular,87,0
2023,Assembly,KA,HUBLI-DHARWAD-EAST,72,8,GUNTRAL VIJAY MAHADEVAPPA,Social Democratic Party Of India,1359,1
2023,Assembly,KA,HUBLI-DHARWAD-EAST,72,9,SHOBHA PALAVAI,Kalyana Rajya Pragathi Paksha,210,1
2023,Assembly,KA,HUBLI-DHARWAD-EAST,72,10,DEVENDRA.B.LINGADAL,Independent,143,2
2023,Assembly,KA,HUBLI-DHARWAD-EAST,72,11,VENKAPPA F SIDDANATH,Independent,355,0
2023,Assembly,KA,HUBLI-DHARWAD-EAST,72,12,NOTA,None of the Above,797,1
2023,Assembly,KA,HUBLI-DHARWAD-CENTRAL,73,1,JAGADISH SHETTAR,Indian National Congress,60355,420
2023,Assembly,KA,HUBLI-DHARWAD-CENTRAL,73,2,MAHESH TENGINAKAI,Bharatiya Janata Party,94408,656
2023,Assembly,KA,HUBLI-DHARWAD-CENTRAL,73,3,REVANASIDDAPPA.M. HOSAMANI (DESAI),Bahujan Samaj Party,366,2
2023,Assembly,KA,HUBLI-DHARWAD-CENTRAL,73,4,VIKAS SOPPIN,Aam Aadmi Party,466,2
2023,Assembly,KA,HUBLI-DHARWAD-CENTRAL,73,5,MAHANTAWODEYAR SIDDALINGESHWARGOUDA,Janata Dal  (Secular),510,3
2023,Assembly,KA,HUBLI-DHARWAD-CENTRAL,73,6,SHIVARAJ.K. SHIVANAGOUDRA,Uttama Prajaakeeya Party,432,3
2023,Assembly,KA,HUBLI-DHARWAD-CENTRAL,73,7,MEGHARAJ S/O MAREPPA HIREMANI,Lok Shakti,109,0
2023,Assembly,KA,HUBLI-DHARWAD-CENTRAL,73,8,RAGHAVENDRA PRAKASH KATHARE,Hindustan Janta Party Secular,119,2
2023,Assembly,KA,HUBLI-DHARWAD-CENTRAL,73,9,S. S. PATIL,Karnataka Janaseve Party,60,0
2023,Assembly,KA,HUBLI-DHARWAD-CENTRAL,73,10,SHAILENDRA PATIL,Karnataka Rashtra Samithi,62,0
2023,Assembly,KA,HUBLI-DHARWAD-CENTRAL,73,11,KALAL TAKAPPA S/O YALLAPPA,Independent,51,0
2023,Assembly,KA,HUBLI-DHARWAD-CENTRAL,73,12,MAULALI RAJESAB SANSHI,Independent,107,0
2023,Assembly,KA,HUBLI-DHARWAD-CENTRAL,73,13,RAJU ANANTSA  NAIKWADI,Independent,97,0
2023,Assembly,KA,HUBLI-DHARWAD-CENTRAL,73,14,BADANGKAR SABAJI,Independent,126,0
2023,Assembly,KA,HUBLI-DHARWAD-CENTRAL,73,15,SAULAM JOSEPH,Independent,299,1
2023,Assembly,KA,HUBLI-DHARWAD-CENTRAL,73,16,BADNI HEMARAJ  ADIVEPPA,Independent,494,0
2023,Assembly,KA,HUBLI-DHARWAD-CENTRAL,73,17,NOTA,None of the Above,1243,8
2023,Assembly,KA,HUBLI-DHARWAD-WEST,74,1,ARVIND BELLAD,Bharatiya Janata Party,100276,1134
2023,Assembly,KA,HUBLI-DHARWAD-WEST,74,2,ARAVIND. M.,Aam Aadmi Party,780,4
2023,Assembly,KA,HUBLI-DHARWAD-WEST,74,3,GURURAJ ISTALINGAPPA HUNASIMARAD,Janata Dal  (Secular),1174,21
2023,Assembly,KA,HUBLI-DHARWAD-WEST,74,4,DEEPAK CHINCHORE,Indian National Congress,62147,570
2023,Assembly,KA,HUBLI-DHARWAD-WEST,74,5,VADIRAJ MADHUSUDHAN MANNARI (PANDURANGI),All India Hindustan Congress Party,244,0
2023,Assembly,KA,HUBLI-DHARWAD-WEST,74,6,M.D. ROTTIGAWAD  (M.D.R),Karnataka Rashtra Samithi,114,1
2023,Assembly,KA,HUBLI-DHARWAD-WEST,74,7,VINOD DASHARATH GHODKE,"Proutist Bloc, India",71,0
2023,Assembly,KA,HUBLI-DHARWAD-WEST,74,8,SAROJA. F. NAGENDRAGAD.,Indian Movement Party,100,4
2023,Assembly,KA,HUBLI-DHARWAD-WEST,74,9,SANTOSH NANDUR,Uttama Prajaakeeya Party,424,2
2023,Assembly,KA,HUBLI-DHARWAD-WEST,74,10,BASAVARAJ MALAKARI,Independent,778,2
2023,Assembly,KA,HUBLI-DHARWAD-WEST,74,11,BHANUBEE SHAIKH URF HOSAMANI,Independent,65,2
2023,Assembly,KA,HUBLI-DHARWAD-WEST,74,12,MOHAMMED ISMAIL  MUKTI,Independent,119,0
2023,Assembly,KA,HUBLI-DHARWAD-WEST,74,13,DARAGAD RAJESAB MOULASAB,Independent,292,1
2023,Assembly,KA,HUBLI-DHARWAD-WEST,74,14,SHIDARAYA. M. KENCHANNAVAR,Independent,161,2
2023,Assembly,KA,HUBLI-DHARWAD-WEST,74,15,SHIVRAJ MAKADAWALE,Independent,269,2
2023,Assembly,KA,HUBLI-DHARWAD-WEST,74,16,NOTA,None of the Above,1789,19
2023,Assembly,KA,KALGHATGI,75,1,CHABBI NAGARAJ,Bharatiya Janata Party,71157,247
2023,Assembly,KA,KALGHATGI,75,2,MANJUNATH JAKKANNAVAR,Aam Aadmi Party,498,1
2023,Assembly,KA,KALGHATGI,75,3,VEERAPPA BASAPPA SHEEGIGATTI,Janata Dal  (Secular),889,2
2023,Assembly,KA,KALGHATGI,75,4,SANTOSH.S.LAD,Indian National Congress,85529,232
2023,Assembly,KA,KALGHATGI,75,5,CHANDRASHEKHAR.S.MATHAD,Karnataka Rashtra Samithi,625,0
2023,Assembly,KA,KALGHATGI,75,6,BASAVALINGAPPA IRAPPA BUGADI,Uttama Prajaakeeya Party,241,3
2023,Assembly,KA,KALGHATGI,75,7,MALLIKA,"Proutist Bloc, India",79,0
2023,Assembly,KA,KALGHATGI,75,8,BUDANKHAN.M.M,Indian Movement Party,115,0
2023,Assembly,KA,KALGHATGI,75,9,G BASAVARAJ,Independent,255,0
2023,Assembly,KA,KALGHATGI,75,10,BASAVARAJ DODAMANI,Independent,674,1
2023,Assembly,KA,KALGHATGI,75,11,BASAVARAJ GANGAPPA SANGANNAVAR,Independent,179,0
2023,Assembly,KA,KALGHATGI,75,12,SHANKAR NINGAPPA HUDDAR,Independent,389,0
2023,Assembly,KA,KALGHATGI,75,13,NOTA,None of the Above,1136,1
2023,Assembly,KA,HALIYAL,76,1,GHOTNEKAR SHRIKANTH LAKSHMAN,Janata Dal  (Secular),28682,132
2023,Assembly,KA,HALIYAL,76,2,DESHPANDE RAGHUNATH,Indian National Congress,56912,328
2023,Assembly,KA,HALIYAL,76,3,MANNURAPPA KALLAPPA JARI,Bahujan Samaj Party,448,4
2023,Assembly,KA,HALIYAL,76,4,GURUDIPASING HARBANSSING SANDHU,Aam Aadmi Party,481,0
2023,Assembly,KA,HALIYAL,76,5,SUNIL HEGADE,Bharatiya Janata Party,53328,289
2023,Assembly,KA,HALIYAL,76,6,B G S,Karnataka Rashtra Samithi,475,2
2023,Assembly,KA,HALIYAL,76,7,MALLAYYA GANGAYYA HIREMATH,Uttama Prajaakeeya Party,188,4
2023,Assembly,KA,HALIYAL,76,8,ELIYAS KATI,Independent,162,0
2023,Assembly,KA,HALIYAL,76,9,JAHANGIR BABA KHAN,Independent,451,0
2023,Assembly,KA,HALIYAL,76,10,NOTA,None of the Above,935,6
2023,Assembly,KA,KARWAR,77,1,ASHISH PRABHAKAR GAONKAR,Aam Aadmi Party,1367,15
2023,Assembly,KA,KARWAR,77,2,CHAITRA CHANDRAHAS KOTHARKAR,Janata Dal  (Secular),2864,54
2023,Assembly,KA,KARWAR,77,3,ROOPALI SANTOSH NAIK,Bharatiya Janata Party,73890,1417
2023,Assembly,KA,KARWAR,77,4,SATISH KRISHNA SAIL,Indian National Congress,76305,1140
2023,Assembly,KA,KARWAR,77,5,VINAYAK MANGESH NAIK,Karnataka Rashtra Samithi,687,8
2023,Assembly,KA,KARWAR,77,6,KUMAR SOMKANT NAIK,Independent,457,3
2023,Assembly,KA,KARWAR,77,7,KUNDABAI PARULEKAR,Independent,412,2
2023,Assembly,KA,KARWAR,77,8,NAGARAJ A. SHIRALI,Independent,457,6
2023,Assembly,KA,KARWAR,77,9,BHAT GANGADHAR,Independent,2141,94
2023,Assembly,KA,KARWAR,77,10,MUKUND MADHU HULSWAR,Independent,632,18
2023,Assembly,KA,KARWAR,77,11,HOSBANNA KRISHNA NAYAK,Independent,511,14
2023,Assembly,KA,KARWAR,77,12,NOTA,None of the Above,1756,17
2023,Assembly,KA,KUMTA,78,1,DINAKAR KESHAV SHETTY,Bharatiya Janata Party,59096,869
2023,Assembly,KA,KUMTA,78,2,ALVA NIVEDITH,Indian National Congress,19050,220
2023,Assembly,KA,KUMTA,78,3,ROOPA GAJANAN NAIK,Aam Aadmi Party,1959,1
2023,Assembly,KA,KUMTA,78,4,SURAJ NAIK SONI,Janata Dal  (Secular),58530,759
2023,Assembly,KA,KUMTA,78,5,DINESHCHANDRA N ANGADIKERI,Lok Shakti,706,1
2023,Assembly,KA,KUMTA,78,6,NAGARAJ SRIDHAR SHET,Rashtriya Jansambhavna Party,455,3
2023,Assembly,KA,KUMTA,78,7,ISHWAR GOUDA,Independent,3552,36
2023,Assembly,KA,KUMTA,78,8,GANI IMAMSAB JAINUDDIN,Independent,679,7
2023,Assembly,KA,KUMTA,78,9,SUBRAHMANYA BHAT MADGUNI,Independent,516,6
2023,Assembly,KA,KUMTA,78,10,NOTA,None of the Above,2063,22
2023,Assembly,KA,BHATKAL,79,1,DR.NASEEM KHAN,Aam Aadmi Party,1003,4
2023,Assembly,KA,BHATKAL,79,2,NAGENDRA NAIK,Janata Dal  (Secular),1462,40
2023,Assembly,KA,BHATKAL,79,3,MANKAL VAIDYA,Indian National Congress,99603,839
2023,Assembly,KA,BHATKAL,79,4,SUNIL B. NAIK,Bharatiya Janata Party,66946,825
2023,Assembly,KA,BHATKAL,79,5,PRAKASH  PINTO,Bharathiya Belaku Party,623,4
2023,Assembly,KA,BHATKAL,79,6,YOGESH NAIK,Uttama Prajaakeeya Party,635,11
2023,Assembly,KA,BHATKAL,79,7,GUNAVANTE SHANKAR GOUDA,Karnataka Rashtra Samithi,549,9
2023,Assembly,KA,BHATKAL,79,8,GAFOOR SAB,Independent,654,8
2023,Assembly,KA,BHATKAL,79,9,MOHAMMED ZABROOD KHATEEB,Independent,406,4
2023,Assembly,KA,BHATKAL,79,10,NOTA,None of the Above,1219,4
2023,Assembly,KA,SIRSI,80,1,UPENDRA PAI,Janata Dal  (Secular),8988,150
2023,Assembly,KA,SIRSI,80,2,BHIMANNA T. NAIK,Indian National Congress,76021,866
2023,Assembly,KA,SIRSI,80,3,HITENDRA NAIK,Aam Aadmi Party,1423,26
2023,Assembly,KA,SIRSI,80,4,KAGERI VISHWESHWAR HEGDE,Bharatiya Janata Party,66954,1221
2023,Assembly,KA,SIRSI,80,5,DINESH NAIK,Indian Movement Party,346,15
2023,Assembly,KA,SIRSI,80,6,VISHWANATH G NAIK,Karnataka Janaseve Party,146,5
2023,Assembly,KA,SIRSI,80,7,SUNIL PAWAR,Uttama Prajaakeeya Party,476,7
2023,Assembly,KA,SIRSI,80,8,ABHIRAM HEGDE HALALLA,Independent,594,12
2023,Assembly,KA,SIRSI,80,9,UMESH KRISHNAPPA DAIVADNYA,Independent,379,5
2023,Assembly,KA,SIRSI,80,10,GOPAL DEVADIGA,Independent,1253,13
2023,Assembly,KA,SIRSI,80,11,NOTA,None of the Above,1612,26
2023,Assembly,KA,YELLAPUR,81,1,ARABAIL HEBBAR SHIVARAM,Bharatiya Janata Party,73952,747
2023,Assembly,KA,YELLAPUR,81,2,ANDALAGI VEERABHADRAGOUDA SHIVANAGOUD PATIL,Indian National Congress,70193,502
2023,Assembly,KA,YELLAPUR,81,3,NAGESH HONNAYYA NAIK,Janata Dal  (Secular),1630,32
2023,Assembly,KA,YELLAPUR,81,4,MANJUNATH LAVA KULUMKAR,Aam Aadmi Party,188,4
2023,Assembly,KA,YELLAPUR,81,5,MANJUNATH SHIRAHATTI,Karnataka Rashtra Samithi,119,1
2023,Assembly,KA,YELLAPUR,81,6,SANTOSH MANJUNATH SHET RAIKAR,Kalyana Rajya Pragathi Paksha,282,20
2023,Assembly,KA,YELLAPUR,81,7,ANAND GANAPATI BHAT,Independent,285,10
2023,Assembly,KA,YELLAPUR,81,8,CHIDANAND H HARIJAN,Independent,253,2
2023,Assembly,KA,YELLAPUR,81,9,BANSODE LAXMAN,Independent,657,4
2023,Assembly,KA,YELLAPUR,81,10,NOTA,None of the Above,1440,17
2023,Assembly,KA,HANGAL,82,1,MANOHAR HANUMANTAPPA  TAHASILDAR,Janata Dal  (Secular),8737,97
2023,Assembly,KA,HANGAL,82,2,SHIVARAJ SAJJANAR,Bharatiya Janata Party,72033,612
2023,Assembly,KA,HANGAL,82,3,MANE SRINIVAS,Indian National Congress,93997,593
2023,Assembly,KA,HANGAL,82,4,SAIKUMAR V PAWAR,Aam Aadmi Party,721,2
2023,Assembly,KA,HANGAL,82,5,UDACHAPPA UDDANAKAL,Karnataka Rashtra Samithi,171,2
2023,Assembly,KA,HANGAL,82,6,PAMPAPATI S K,Kalyana Rajya Pragathi Paksha,215,1
2023,Assembly,KA,HANGAL,82,7,BOVI (BARKI) MANJUNATH,Indian Movement Party,55,0
2023,Assembly,KA,HANGAL,82,8,SUBRAMANYA ANANT HEBBAR,Hindustan Janta Party Secular,109,2
2023,Assembly,KA,HANGAL,82,9,MALLIKARJUN (RAJANNA) C HAVERI,Independent,128,6
2023,Assembly,KA,HANGAL,82,10,SHIDDU K PUJAR,Independent,224,1
2023,Assembly,KA,HANGAL,82,11,SHRINIVAS DEVENDRAPPA SANKAPALE,Independent,512,3
2023,Assembly,KA,HANGAL,82,12,HONNAPPA HANAMANTAPPA AKKIVALLI,Independent,323,3
2023,Assembly,KA,HANGAL,82,13,NOTA,None of the Above,723,2
2023,Assembly,KA,SHIGGAON,83,1,BASAVARAJ BOMMAI,Bharatiya Janata Party,99073,943
2023,Assembly,KA,SHIGGAON,83,2,MAHABOOBSAB  DADUSAB KALEBAG,Aam Aadmi Party,1171,4
2023,Assembly,KA,SHIGGAON,83,3,PATHAN  YASIRAHMEDKHAN,Indian National Congress,63732,306
2023,Assembly,KA,SHIGGAON,83,4,SHASHIDHAR YELIGAR,Janata Dal  (Secular),13794,134
2023,Assembly,KA,SHIGGAON,83,5,KHAJAMOHIDDIN  GUDAGERI,Indian Movement Party,200,0
2023,Assembly,KA,SHIGGAON,83,6,SHAMBULINGA HUKKERI,Karnataka Rashtra Samithi,152,0
2023,Assembly,KA,SHIGGAON,83,7,JAGADISH YALLAPPA BANKAPUR,Independent,140,1
2023,Assembly,KA,SHIGGAON,83,8,MANJAKKA RUKKAVVA PUJAR,Independent,216,0
2023,Assembly,KA,SHIGGAON,83,9,VIRUPAKSHAGOUDA NAGANAGOUDA FAKKIRAGOUDRA,Independent,565,0
2023,Assembly,KA,SHIGGAON,83,10,DR. U. P. SHIVANANDA,Independent,252,8
2023,Assembly,KA,SHIGGAON,83,11,NOTA,None of the Above,1331,5
2023,Assembly,KA,HAVERI,84,1,GAVISIDDAPPA DYAMANNAVAR,Bharatiya Janata Party,81080,832
2023,Assembly,KA,HAVERI,84,2,TUKARAM H MALAGI,Janata Dal  (Secular),1197,9
2023,Assembly,KA,HAVERI,84,3,RUDRAPPA MANAPPA LAMANI,Indian National Congress,93054,773
2023,Assembly,KA,HAVERI,84,4,SUJATA. P. CHAVAN,Aam Aadmi Party,988,6
2023,Assembly,KA,HAVERI,84,5,"ANNAPPA, HANCHINAMANI",Swayam Krushi Party,174,0
2023,Assembly,KA,HAVERI,84,6,CHANDANRANI DODAMANI,Kalyana Rajya Pragathi Paksha,148,1
2023,Assembly,KA,HAVERI,84,7,PREMA KALKERI,Karnataka Rashtra Samithi,147,1
2023,Assembly,KA,HAVERI,84,8,DURAGESH GUDDAPPA MEGALAMANI,Independent,278,3
2023,Assembly,KA,HAVERI,84,9,PRADEEP MALAGAVI,Independent,700,0
2023,Assembly,KA,HAVERI,84,10,RAJENDRASWAMY HIREMATH,Independent,561,16
2023,Assembly,KA,HAVERI,84,11,NOTA,None of the Above,1407,8
2023,Assembly,KA,BYADGI,85,1,Basavaraj Neelappa Shivannanavar,Indian National Congress,97052,688
2023,Assembly,KA,BYADGI,85,2,M N NAIK,Aam Aadmi Party,770,2
2023,Assembly,KA,BYADGI,85,3,Ballari Virupakshappa Rudrappa,Bharatiya Janata Party,73270,629
2023,Assembly,KA,BYADGI,85,4,Sunita M Pujar,Janata Dal  (Secular),842,7
2023,Assembly,KA,BYADGI,85,5,Lohitha Namadeva,Uttama Prajaakeeya Party,474,6
2023,Assembly,KA,BYADGI,85,6,Vishwanatharaddi D Radder,Karnataka Rashtra Samithi,428,2
2023,Assembly,KA,BYADGI,85,7,SAYED FAHEEM GUDAGERI,Indian Movement Party,201,1
2023,Assembly,KA,BYADGI,85,8,NOTA,None of the Above,1482,9
2023,Assembly,KA,HIREKERUR,86,1,Ujaneshwar Basavannappa Banakar,Indian National Congress,84518,860
2023,Assembly,KA,HIREKERUR,86,2,Jayananda Javannanavar,Janata Dal  (Secular),1835,12
2023,Assembly,KA,HIREKERUR,86,3,Basavanagouda Patil,Bharatiya Janata Party,69507,851
2023,Assembly,KA,HIREKERUR,86,4,Rajashekhar Kallappa Dudihalli,Aam Aadmi Party,451,0
2023,Assembly,KA,HIREKERUR,86,5,Kodeppa Sangannanavar,Karnataka Rashtra Samithi,156,2
2023,Assembly,KA,HIREKERUR,86,6,Harish Ingalagondi,Karnataka Jantha Paksha,210,0
2023,Assembly,KA,HIREKERUR,86,7,Ravi Olekar,Independent,142,0
2023,Assembly,KA,HIREKERUR,86,8,NOTA,None of the Above,943,10
2023,Assembly,KA,RANIBENNUR,87,1,ARUNKUMAR GUTTUR,Bharatiya Janata Party,61251,779
2023,Assembly,KA,RANIBENNUR,87,2,PRAKASH KOLIWAD,Indian National Congress,71208,622
2023,Assembly,KA,RANIBENNUR,87,3,MANJUNATH GOUDASHIVANNANAVARA,Janata Dal  (Secular),5780,60
2023,Assembly,KA,RANIBENNUR,87,4,HANUMANTHAPPA KABBAR,Aam Aadmi Party,303,5
2023,Assembly,KA,RANIBENNUR,87,5,CHANNAVEERAYYA NAGAYYA HOLAGUNDIMATH,Karnataka Rashtra Samithi,143,1
2023,Assembly,KA,RANIBENNUR,87,6,TALAWAR SHIVAKUMAR,Indian Movement Party,198,0
2023,Assembly,KA,RANIBENNUR,87,7,MANJUNATH N,Swayam Krushi Party,285,1
2023,Assembly,KA,RANIBENNUR,87,8,R SHANKAR,Nationalist Congress Party,37114,445
2023,Assembly,KA,RANIBENNUR,87,9,SANTOSHKUMAR E KYATAPPANAVAR,Uttama Prajaakeeya Party,831,5
2023,Assembly,KA,RANIBENNUR,87,10,NARAYANA PATIL,Independent,126,0
2023,Assembly,KA,RANIBENNUR,87,11,MOHAN HANDE,Independent,293,5
2023,Assembly,KA,RANIBENNUR,87,12,MANJUNATHA K,Independent,169,0
2023,Assembly,KA,RANIBENNUR,87,13,RUDRAMUNI RAMAKKANAVARA,Independent,415,2
2023,Assembly,KA,RANIBENNUR,87,14,SANTOSHKUMAR PATIL,Independent,11321,74
2023,Assembly,KA,RANIBENNUR,87,15,NOTA,None of the Above,1571,13
2023,Assembly,KA,HADAGALLI,88,1,PUTHRESH KAYANNANAVAR,Janata Dal  (Secular),1834,13
2023,Assembly,KA,HADAGALLI,88,2,KRISHNA NAYAKA.,Bharatiya Janata Party,71833,1367
2023,Assembly,KA,HADAGALLI,88,3,P.T.PARAMESHWARA NAIK,Indian National Congress,71042,714
2023,Assembly,KA,HADAGALLI,88,4,N. SREEDHAR NAIK,Aam Aadmi Party,877,2
2023,Assembly,KA,HADAGALLI,88,5,L.ANILAKUMARA,Karnataka Rashtra Samithi,404,4
2023,Assembly,KA,HADAGALLI,88,6,D.BHOJYA NAIK,Kalyana Rajya Pragathi Paksha,284,2
2023,Assembly,KA,HADAGALLI,88,7,LAKKAPPA ANGADI,Rani Chennamma Party,357,4
2023,Assembly,KA,HADAGALLI,88,8,S.MALLESHANAIK,Independent,394,2
2023,Assembly,KA,HADAGALLI,88,9,NOTA,None of the Above,810,13
2023,Assembly,KA,HAGARIBOMMANAHALLI,89,1,H THIPPESWAMY,Bahujan Samaj Party,436,0
2023,Assembly,KA,HAGARIBOMMANAHALLI,89,2,Nemarajanaik.K,Janata Dal  (Secular),83185,838
2023,Assembly,KA,HAGARIBOMMANAHALLI,89,3,L B P Bheema Naik,Indian National Congress,71492,1187
2023,Assembly,KA,HAGARIBOMMANAHALLI,89,4,Ramanna B,Bharatiya Janata Party,26696,330
2023,Assembly,KA,HAGARIBOMMANAHALLI,89,5,Dr.V.H.Hanumanthappa,Aam Aadmi Party,1617,5
2023,Assembly,KA,HAGARIBOMMANAHALLI,89,6,Lalyanaik,Indian Movement Party,213,1
2023,Assembly,KA,HAGARIBOMMANAHALLI,89,7,C Shiva Murthy,Kalyana Rajya Pragathi Paksha,183,2
2023,Assembly,KA,HAGARIBOMMANAHALLI,89,8,Suguna K,Nationalist Congress Party,147,1
2023,Assembly,KA,HAGARIBOMMANAHALLI,89,9,H V Santosh Kumar,Karnataka Rashtra Samithi,180,1
2023,Assembly,KA,HAGARIBOMMANAHALLI,89,10,J Anjinappa,Independent,370,4
2023,Assembly,KA,HAGARIBOMMANAHALLI,89,11,H MANJUNATHA,Independent,384,2
2023,Assembly,KA,HAGARIBOMMANAHALLI,89,12,A M A Suresh Kumara,Independent,932,13
2023,Assembly,KA,HAGARIBOMMANAHALLI,89,13,NOTA,None of the Above,842,4
2023,Assembly,KA,VIJAYANAGARA,90,1,H.R.GAVIYAPPA,Indian National Congress,104393,470
2023,Assembly,KA,VIJAYANAGARA,90,2,DASARA SHANKAR,Aam Aadmi Party,696,6
2023,Assembly,KA,VIJAYANAGARA,90,3,SIDDHARTH SINGH A THAKUR,Bharatiya Janata Party,70397,743
2023,Assembly,KA,VIJAYANAGARA,90,4,KALLESHI K S,Uttama Prajaakeeya Party,701,1
2023,Assembly,KA,VIJAYANAGARA,90,5,K.MANJUNATHA,Karnataka Rashtra Samithi,127,0
2023,Assembly,KA,VIJAYANAGARA,90,6,A.VIJAY KUMAR,Kalyana Rajya Pragathi Paksha,155,1
2023,Assembly,KA,VIJAYANAGARA,90,7,UMESHA K,Independent,62,0
2023,Assembly,KA,VIJAYANAGARA,90,8,KARTHICK R S,Independent,79,0
2023,Assembly,KA,VIJAYANAGARA,90,9,KURUBARA HALAPPA,Independent,409,0
2023,Assembly,KA,VIJAYANAGARA,90,10,PA.YA.GANESH,Independent,318,2
2023,Assembly,KA,VIJAYANAGARA,90,11,S K CHOUDAPPA,Independent,415,0
2023,Assembly,KA,VIJAYANAGARA,90,12,SHIVANANDANA,Independent,259,4
2023,Assembly,KA,VIJAYANAGARA,90,13,NOTA,None of the Above,1590,9
2023,Assembly,KA,KAMPLI,91,1,UTHTHANURU NAGARAJ,Bahujan Samaj Party,651,1
2023,Assembly,KA,KAMPLI,91,2,J N GANESH,Indian National Congress,100022,402
2023,Assembly,KA,KAMPLI,91,3,H PRAHLAD NAYAK,Aam Aadmi Party,1001,0
2023,Assembly,KA,KAMPLI,91,4,RAJU NAYAKA,Janata Dal  (Secular),1364,10
2023,Assembly,KA,KAMPLI,91,5,T H SURESH BABU,Bharatiya Janata Party,75870,463
2023,Assembly,KA,KAMPLI,91,6,A DEVADAS,Socialist Unity Centre Of India (COMMUNIST),583,2
2023,Assembly,KA,KAMPLI,91,7,RAMAKKA T,Desh Prem Party,516,2
2023,Assembly,KA,KAMPLI,91,8,NOTA,None of the Above,992,5
2023,Assembly,KA,SIRUGUPPA,92,1,B. M. NAGARAJA,Indian National Congress,90429,433
2023,Assembly,KA,SIRUGUPPA,92,2,B. PARAMESHWARA NAYAKA,Janata Dal  (Secular),991,1
2023,Assembly,KA,SIRUGUPPA,92,3,B. LOKESHA NAYAKA,Aam Aadmi Party,490,1
2023,Assembly,KA,SIRUGUPPA,92,4,M. S. SOMALINGAPPA,Bharatiya Janata Party,53580,250
2023,Assembly,KA,SIRUGUPPA,92,5,T. DARAPPA NAIK,Kalyana Rajya Pragathi Paksha,18538,114
2023,Assembly,KA,SIRUGUPPA,92,6,DODDAYALLAPPA,Karnataka Rashtra Samithi,523,3
2023,Assembly,KA,SIRUGUPPA,92,7,M. H. VEERESHAPPA,All India Forward Bloc,363,3
2023,Assembly,KA,SIRUGUPPA,92,8,M. S. GADILINGAPPA,Independent,366,4
2023,Assembly,KA,SIRUGUPPA,92,9,HANUMANTHAPPA SHALURU,Independent,372,0
2023,Assembly,KA,SIRUGUPPA,92,10,NOTA,None of the Above,1636,9
2023,Assembly,KA,BELLARY,93,1,Jaliyal Rudrappa,Aam Aadmi Party,765,2
2023,Assembly,KA,BELLARY,93,2,B Nagendra,Indian National Congress,103030,806
2023,Assembly,KA,BELLARY,93,3,Nayakar Krishnappa,Bahujan Samaj Party,947,2
2023,Assembly,KA,BELLARY,93,4,B Sreeramulu,Bharatiya Janata Party,74031,505
2023,Assembly,KA,BELLARY,93,5,Valmiki Ugandara,Karnataka Rashtra Samithi,532,0
2023,Assembly,KA,BELLARY,93,6,T H Mallikarjuna,Independent,354,0
2023,Assembly,KA,BELLARY,93,7,K Shambhulinga,Independent,246,3
2023,Assembly,KA,BELLARY,93,8,Shanmukha Naveen Babu,Independent,325,2
2023,Assembly,KA,BELLARY,93,9,NOTA,None of the Above,1122,20
2023,Assembly,KA,BELLARY CITY,94,1,ANIL H LAD,Janata Dal  (Secular),602,8
2023,Assembly,KA,BELLARY CITY,94,2,V.DODDA KESHAVAREDDY,Aam Aadmi Party,714,2
2023,Assembly,KA,BELLARY CITY,94,3,NARA BHARATH REDDY,Indian National Congress,85800,640
2023,Assembly,KA,BELLARY CITY,94,4,BABU KURUVALLI,Bahujan Samaj Party,513,2
2023,Assembly,KA,BELLARY CITY,94,5,G. SOMASEKHARA REDDY,Bharatiya Janata Party,36751,404
2023,Assembly,KA,BELLARY CITY,94,6,ALESHWARA GOWDA.H,Janahitha Paksha,170,2
2023,Assembly,KA,BELLARY CITY,94,7,Dr: K.R. RAVI KUMAR,Desh Prem Party,394,1
2023,Assembly,KA,BELLARY CITY,94,8,GALI LAKSHMI ARUNA,Kalyana Rajya Pragathi Paksha,48118,459
2023,Assembly,KA,BELLARY CITY,94,9,R VENUGOPAL,Samajwadi Party,194,0
2023,Assembly,KA,BELLARY CITY,94,10,C.SHARANA BASAPPA,Republican Party of India (Karnataka),142,2
2023,Assembly,KA,BELLARY CITY,94,11,ALLIPUR SRINIVAS REDDY,Karnataka Rashtra Samithi,123,0
2023,Assembly,KA,BELLARY CITY,94,12,R. SOMASHEKAR GOUD,Socialist Unity Centre Of India (COMMUNIST),245,2
2023,Assembly,KA,BELLARY CITY,94,13,B.ARUN KUMAR,Independent,85,0
2023,Assembly,KA,BELLARY CITY,94,14,ASHOK KUMAR REDDY P.V,Independent,195,1
2023,Assembly,KA,BELLARY CITY,94,15,AHMED MOHAMMED,Independent,125,0
2023,Assembly,KA,BELLARY CITY,94,16,UPPAR ANIL KUMAR,Independent,242,0
2023,Assembly,KA,BELLARY CITY,94,17,K.AJAY KUMAR,Independent,90,0
2023,Assembly,KA,BELLARY CITY,94,18,P CHAND BASHA,Independent,79,1
2023,Assembly,KA,BELLARY CITY,94,19,ZAKIR.M.I.M,Independent,396,0
2023,Assembly,KA,BELLARY CITY,94,20,BHARATH,Independent,321,0
2023,Assembly,KA,BELLARY CITY,94,21,MOHAMMED RIYAZ AHMED,Independent,143,1
2023,Assembly,KA,BELLARY CITY,94,22,DR.B.R.MANJUNATHA,Independent,81,0
2023,Assembly,KA,BELLARY CITY,94,23,S.B.SHIVA KUMAR,Independent,109,0
2023,Assembly,KA,BELLARY CITY,94,24,SRIDHAR.K,Independent,210,0
2023,Assembly,KA,BELLARY CITY,94,25,NOTA,None of the Above,975,8
2023,Assembly,KA,SANDUR,95,1,K.R. KUMARASWAMY,Aam Aadmi Party,764,0
2023,Assembly,KA,SANDUR,95,2,E. TUKARAM,Indian National Congress,84839,384
2023,Assembly,KA,SANDUR,95,3,SHAKUNTALA DEVI LAKSHMI PRIYA,Bahujan Samaj Party,927,6
2023,Assembly,KA,SANDUR,95,4,SHILPA RAGHAVENDRA,Bharatiya Janata Party,49449,252
2023,Assembly,KA,SANDUR,95,5,N. SOMAPPA,Janata Dal  (Secular),2601,16
2023,Assembly,KA,SANDUR,95,6,K.S. DIVAKAR,Kalyana Rajya Pragathi Paksha,31299,76
2023,Assembly,KA,SANDUR,95,7,VEBA KUMARI,Karnataka Rashtra Samithi,561,1
2023,Assembly,KA,SANDUR,95,8,GEREGAL PAPAYYA,Independent,592,1
2023,Assembly,KA,SANDUR,95,9,NOTA,None of the Above,1059,6
2023,Assembly,KA,KUDLIGI,96,1,PUJAR BHEEMAPPA,Janata Dal  (Secular),3109,29
2023,Assembly,KA,KUDLIGI,96,2,LOKESH. V. NAYAKA,Bharatiya Janata Party,49870,533
2023,Assembly,KA,KUDLIGI,96,3,SRINIVAS. N.,Aam Aadmi Party,1340,1
2023,Assembly,KA,KUDLIGI,96,4,SRINIVAS N T,Indian National Congress,103899,854
2023,Assembly,KA,KUDLIGI,96,5,CHITTAR CHANNAVEERA,Karnataka Rashtra Samithi,917,1
2023,Assembly,KA,KUDLIGI,96,6,H. VEERANNA,Communist Party of India,1500,13
2023,Assembly,KA,KUDLIGI,96,7,SHARANESHA. M.,Uttama Prajaakeeya Party,599,3
2023,Assembly,KA,KUDLIGI,96,8,K. NAKULAPPA,Independent,338,0
2023,Assembly,KA,KUDLIGI,96,9,NOTA,None of the Above,799,5
2023,Assembly,KA,MOLAKALMURU,97,1,N.Y.GOPALAKRISHNA,Indian National Congress,108769,690
2023,Assembly,KA,MOLAKALMURU,97,2,S.THIPPESWAMY,Bharatiya Janata Party,86673,637
2023,Assembly,KA,MOLAKALMURU,97,3,M.O.MANJUNATHA SWAMY NAYAKA,Bahujan Samaj Party,898,1
2023,Assembly,KA,MOLAKALMURU,97,4,VEERABHADRAPPA,Janata Dal  (Secular),1588,6
2023,Assembly,KA,MOLAKALMURU,97,5,S.T.HAREESH NAYAKA,Aam Aadmi Party,240,3
2023,Assembly,KA,MOLAKALMURU,97,6,MALLIKARJUNA.T,Karnataka Rashtra Samithi,267,1
2023,Assembly,KA,MOLAKALMURU,97,7,O.GOVINDA,Independent,610,0
2023,Assembly,KA,MOLAKALMURU,97,8,N.MALLAIAH SWAMY,Independent,549,0
2023,Assembly,KA,MOLAKALMURU,97,9,T.SHASHIKUMAR,Independent,329,0
2023,Assembly,KA,MOLAKALMURU,97,10,K.P.HARISH KUMAR,Independent,580,3
2023,Assembly,KA,MOLAKALMURU,97,11,NOTA,None of the Above,1550,11
2023,Assembly,KA,CHALLAKERE,98,1,ANIL KUMAR. R,Bharatiya Janata Party,22737,157
2023,Assembly,KA,CHALLAKERE,98,2,MARAKKA,Aam Aadmi Party,3069,3
2023,Assembly,KA,CHALLAKERE,98,3,T. RAGHUMURTHY,Indian National Congress,67363,589
2023,Assembly,KA,CHALLAKERE,98,4,RAVISH KUMAR.M,Janata Dal  (Secular),51236,266
2023,Assembly,KA,CHALLAKERE,98,5,C. BHOJARAJA,Karnataka Rashtra Samithi,1138,1
2023,Assembly,KA,CHALLAKERE,98,6,ANJAMMA,Independent,713,2
2023,Assembly,KA,CHALLAKERE,98,7,K.T. KUMAR SWAMY,Independent,28928,220
2023,Assembly,KA,CHALLAKERE,98,8,NOTA,None of the Above,1632,7
2023,Assembly,KA,CHITRADURGA,99,1,B.E.JAGADISH,Aam Aadmi Party,1343,5
2023,Assembly,KA,CHITRADURGA,99,2,G.H.THIPPA REDDY,Bharatiya Janata Party,67437,1284
2023,Assembly,KA,CHITRADURGA,99,3,PRAKASH.N,Bahujan Samaj Party,369,1
2023,Assembly,KA,CHITRADURGA,99,4,G.RAGHU ACHAR,Janata Dal  (Secular),4973,48
2023,Assembly,KA,CHITRADURGA,99,5,K.C.VEERENDRA PUPPY,Indian National Congress,120849,1172
2023,Assembly,KA,CHITRADURGA,99,6,M.T.CHANDRANNA,Karnataka Rashtra Samithi,506,2
2023,Assembly,KA,CHITRADURGA,99,7,G.S.NAGARAJA,Karnataka Swabhimani Raithara Karmikara Party,93,0
2023,Assembly,KA,CHITRADURGA,99,8,N.MANJAPPA,Samajwadi Party,91,0
2023,Assembly,KA,CHITRADURGA,99,9,K.S.VIJAYA,Sarvodaya Karnataka Paksha,106,1
2023,Assembly,KA,CHITRADURGA,99,10,BALE KAI SRINIVASA H,Social Democratic Party Of India,2554,1
2023,Assembly,KA,CHITRADURGA,99,11,GANESH,Independent,146,3
2023,Assembly,KA,CHITRADURGA,99,12,R.GOPINATH,Independent,217,0
2023,Assembly,KA,CHITRADURGA,99,13,G.CHITRASHEKARAPPA,Independent,98,0
2023,Assembly,KA,CHITRADURGA,99,14,P.S.PUTTASWAMY (SWAMY),Independent,144,2
2023,Assembly,KA,CHITRADURGA,99,15,M.A.BASAVARAJU,Independent,202,0
2023,Assembly,KA,CHITRADURGA,99,16,BHUTHARAJA.V.S.,Independent,399,0
2023,Assembly,KA,CHITRADURGA,99,17,MOHAN KUMAR R,Independent,130,0
2023,Assembly,KA,CHITRADURGA,99,18,M.H.SHASHIDHAR,Independent,313,0
2023,Assembly,KA,CHITRADURGA,99,19,SURESH N,Independent,94,0
2023,Assembly,KA,CHITRADURGA,99,20,SOUBHAGYA BASAVARAJAN,Independent,216,7
2023,Assembly,KA,CHITRADURGA,99,21,DR|| H.K.S.SWAMY,Independent,403,2
2023,Assembly,KA,CHITRADURGA,99,22,NOTA,None of the Above,685,10
2023,Assembly,KA,HIRIYUR,100,1,K T THIPPESWAMY,Aam Aadmi Party,1402,5
2023,Assembly,KA,HIRIYUR,100,2,K.POORNIMA,Bharatiya Janata Party,61235,493
2023,Assembly,KA,HIRIYUR,100,3,M.RAVEENDRAPPA,Janata Dal  (Secular),38415,271
2023,Assembly,KA,HIRIYUR,100,4,N RANGASWAMY,Bahujan Samaj Party,931,4
2023,Assembly,KA,HIRIYUR,100,5,D.SUDHAKAR,Indian National Congress,91235,815
2023,Assembly,KA,HIRIYUR,100,6,E PATHALINGAPPA,Uttama Prajaakeeya Party,1101,2
2023,Assembly,KA,HIRIYUR,100,7,B.PUTTALINGAPPA,Republican Party of India (Athawale),851,0
2023,Assembly,KA,HIRIYUR,100,8,H.MAHESH,Kalyana Rajya Pragathi Paksha,1511,9
2023,Assembly,KA,HIRIYUR,100,9,VINAY S,Karnataka Rashtra Samithi,268,1
2023,Assembly,KA,HIRIYUR,100,10,RANGAIAH.S,Independent,238,0
2023,Assembly,KA,HIRIYUR,100,11,N.O.RANGASWAMY,Independent,218,1
2023,Assembly,KA,HIRIYUR,100,12,B.SHASHIKALA,Independent,319,0
2023,Assembly,KA,HIRIYUR,100,13,NOTA,None of the Above,690,1
2023,Assembly,KA,HOSADURGA,101,1,B. G. GOVINDAPPA,Indian National Congress,79967,1083
2023,Assembly,KA,HOSADURGA,101,2,THIPPESWAMY. M,Janata Dal  (Secular),1908,6
2023,Assembly,KA,HOSADURGA,101,3,THIMMAPPA.K,Bahujan Samaj Party,236,0
2023,Assembly,KA,HOSADURGA,101,4,RAJU. N.V,Aam Aadmi Party,251,1
2023,Assembly,KA,HOSADURGA,101,5,S. LINGAMURTHY,Bharatiya Janata Party,47527,707
2023,Assembly,KA,HOSADURGA,101,6,TANU CHIKKANNA YADAV,Karnataka Rashtra Samithi,302,0
2023,Assembly,KA,HOSADURGA,101,7,SUNIL KUMAR.S. TUMBINAKERE,Uttama Prajaakeeya Party,566,5
2023,Assembly,KA,HOSADURGA,101,8,B. GEETHANJALI,Independent,136,0
2023,Assembly,KA,HOSADURGA,101,9,GULIHATTI D. SHEKHAR,Independent,10387,62
2023,Assembly,KA,HOSADURGA,101,10,D. PANDURANGA GARAG,Independent,1822,13
2023,Assembly,KA,HOSADURGA,101,11,T. MANJUNATH,Independent,20572,240
2023,Assembly,KA,HOSADURGA,101,12,SHEKHARA NAIK M.R,Independent,371,0
2023,Assembly,KA,HOSADURGA,101,13,M.S. SATHISH JANGAMA,Independent,388,0
2023,Assembly,KA,HOSADURGA,101,14,NOTA,None of the Above,1027,3
2023,Assembly,KA,HOLALKERE,102,1,H.ANJANEYA,Indian National Congress,82281,769
2023,Assembly,KA,HOLALKERE,102,2,S.R.INDRAJEET NAIK,Janata Dal  (Secular),1572,4
2023,Assembly,KA,HOLALKERE,102,3,M.CHANDRAPPA,Bharatiya Janata Party,87987,745
2023,Assembly,KA,HOLALKERE,102,4,K.N.DODDOTTEPPA,Bahujan Samaj Party,562,0
2023,Assembly,KA,HOLALKERE,102,5,MAHANTHESH.C.U.,Aam Aadmi Party,170,0
2023,Assembly,KA,HOLALKERE,102,6,P.S.JAYAPPA,Samajwadi Party,131,0
2023,Assembly,KA,HOLALKERE,102,7,H.PRAKASH,Jai Maha Bharath Party,87,0
2023,Assembly,KA,HOLALKERE,102,8,M.S.RAGHUVEERA VARMA,Karnataka Rashtra Samithi,109,0
2023,Assembly,KA,HOLALKERE,102,9,RAJU.E,Uttama Prajaakeeya Party,526,3
2023,Assembly,KA,HOLALKERE,102,10,Dr||. JAYASIMHA LOKANATH,Independent,19536,191
2023,Assembly,KA,HOLALKERE,102,11,MAHESH KUMAR M.P,Independent,327,0
2023,Assembly,KA,HOLALKERE,102,12,MANJUNATHA SWAMY.T,Independent,652,2
2023,Assembly,KA,HOLALKERE,102,13,HANUMANTHAPPA.D,Independent,266,0
2023,Assembly,KA,HOLALKERE,102,14,NOTA,None of the Above,1155,4
2023,Assembly,KA,JAGALUR,103,1,MALLAPURA DEVARAJ,Janata Dal  (Secular),1965,7
2023,Assembly,KA,JAGALUR,103,2,B.DEVENDRAPPA,Indian National Congress,50327,438
2023,Assembly,KA,JAGALUR,103,3,S.V.RAMACHANDRA,Bharatiya Janata Party,49491,400
2023,Assembly,KA,JAGALUR,103,4,G.SWAMY,Samajwadi Party,367,0
2023,Assembly,KA,JAGALUR,103,5,P.AJJAYYA,Independent,147,2
2023,Assembly,KA,JAGALUR,103,6,D.THIPPESWAMY,Independent,114,0
2023,Assembly,KA,JAGALUR,103,7,DIWAKARA.O,Independent,93,0
2023,Assembly,KA,JAGALUR,103,8,NAGARAJA.M,Independent,138,2
2023,Assembly,KA,JAGALUR,103,9,BHEEMAPPA.G.N,Independent,868,1
2023,Assembly,KA,JAGALUR,103,10,RAGHAVENDRA K R,Independent,682,3
2023,Assembly,KA,JAGALUR,103,11,H.P.RAJESH,Independent,48923,519
2023,Assembly,KA,JAGALUR,103,12,NOTA,None of the Above,1994,2
2023,Assembly,KA,HARAPANAHALLI,104,1,G Karunakara Reddy,Bharatiya Janata Party,55690,659
2023,Assembly,KA,HARAPANAHALLI,104,2,N KOTRESHI,Indian National Congress,44408,580
2023,Assembly,KA,HARAPANAHALLI,104,3,NAGARAJ H,Aam Aadmi Party,589,1
2023,Assembly,KA,HARAPANAHALLI,104,4,N M NOOR AHMED,Janata Dal  (Secular),705,6
2023,Assembly,KA,HARAPANAHALLI,104,5,Edigar Karibasappa,Karnataka Rashtra Samithi,86,1
2023,Assembly,KA,HARAPANAHALLI,104,6,JAYANNA K,Karnataka Makkala Paksha,43,1
2023,Assembly,KA,HARAPANAHALLI,104,7,RAVI LAMBANI,Uttama Prajaakeeya Party,442,7
2023,Assembly,KA,HARAPANAHALLI,104,8,G KALIVEERAN GOUDA,Independent,85,0
2023,Assembly,KA,HARAPANAHALLI,104,9,B M GURUMURTHY,Independent,649,2
2023,Assembly,KA,HARAPANAHALLI,104,10,A T DADAKHALANDAR,Independent,92,1
2023,Assembly,KA,HARAPANAHALLI,104,11,RAVI NAIK B,Independent,141,1
2023,Assembly,KA,HARAPANAHALLI,104,12,LATHA,Independent,901,4
2023,Assembly,KA,HARAPANAHALLI,104,13,LATHA MALLIKARJUN,Independent,69152,1042
2023,Assembly,KA,HARAPANAHALLI,104,14,SUMANTH KUMAR R S,Independent,720,1
2023,Assembly,KA,HARAPANAHALLI,104,15,SANGAVVA K UTTANGI,Independent,490,0
2023,Assembly,KA,HARAPANAHALLI,104,16,NOTA,None of the Above,918,8
2023,Assembly,KA,HARIHAR,105,1,GANESHAPPA K DURGADA,Aam Aadmi Party,1480,8
2023,Assembly,KA,HARIHAR,105,2,H S SHIVASHANKAR,Janata Dal  (Secular),40196,384
2023,Assembly,KA,HARIHAR,105,3,SRINIVASA N H (NANDIGAVI),Indian National Congress,59101,519
2023,Assembly,KA,HARIHAR,105,4,D HANUMANTHAPPA,Bahujan Samaj Party,591,1
2023,Assembly,KA,HARIHAR,105,5,B P HARISH,Bharatiya Janata Party,63331,593
2023,Assembly,KA,HARIHAR,105,6,KRISHNA M,Uttama Prajaakeeya Party,694,3
2023,Assembly,KA,HARIHAR,105,7,SANKETHRAJ S,Karnataka Pragnyavantha Janatha Party,96,2
2023,Assembly,KA,HARIHAR,105,8,B S UJJANAPPA,Independent,137,3
2023,Assembly,KA,HARIHAR,105,9,JAYAKUMARA T H,Independent,190,1
2023,Assembly,KA,HARIHAR,105,10,PARASHURAMA M,Independent,225,1
2023,Assembly,KA,HARIHAR,105,11,MURTHY H K,Independent,359,1
2023,Assembly,KA,HARIHAR,105,12,NOTA,None of the Above,554,3
2023,Assembly,KA,DAVANAGERE NORTH,106,1,LOKIKERE NAGARAJ,Bharatiya Janata Party,68523,1024
2023,Assembly,KA,DAVANAGERE NORTH,106,2,S.S.MALLIKARJUN.,Indian National Congress,92709,1310
2023,Assembly,KA,DAVANAGERE NORTH,106,3,BATHI SHANKAR,Janata Dal  (Secular),925,10
2023,Assembly,KA,DAVANAGERE NORTH,106,4,SHRIDHARA PATEELA C,Aam Aadmi Party,385,6
2023,Assembly,KA,DAVANAGERE NORTH,106,5,CHANDRASHEKAR.B,Uttama Prajaakeeya Party,1133,10
2023,Assembly,KA,DAVANAGERE NORTH,106,6,K.MALLANNA,Karnataka Rashtra Samithi,137,2
2023,Assembly,KA,DAVANAGERE NORTH,106,7,SURJEETH.G.,Sanyukt Vikas Party,49,0
2023,Assembly,KA,DAVANAGERE NORTH,106,8,KEERTHI KUMAR.K.S,Independent,64,4
2023,Assembly,KA,DAVANAGERE NORTH,106,9,MALLIKARJUNAPPA.K.M. GUMMANURU.,Independent,101,7
2023,Assembly,KA,DAVANAGERE NORTH,106,10,MOHAMMED HAYATH.M.,Independent,80,0
2023,Assembly,KA,DAVANAGERE NORTH,106,11,IDLI MANJU,Independent,125,0
2023,Assembly,KA,DAVANAGERE NORTH,106,12,RUDRESHA. GOUDA KOGALUR,Independent,87,0
2023,Assembly,KA,DAVANAGERE NORTH,106,13,M G SRIKANTH,Independent,279,2
2023,Assembly,KA,DAVANAGERE NORTH,106,14,NOTA,None of the Above,902,17
2023,Assembly,KA,DAVANAGERE SOUTH,107,1,AJAY KUMAR. B.G,Bharatiya Janata Party,56052,358
2023,Assembly,KA,DAVANAGERE SOUTH,107,2,AMANULLA KHAN. J.,Janata Dal  (Secular),1289,7
2023,Assembly,KA,DAVANAGERE SOUTH,107,3,MOHAMMAD KALEEM,Bahujan Samaj Party,292,1
2023,Assembly,KA,DAVANAGERE SOUTH,107,4,SHAMANUR SHIVASHANKARAPPA,Indian National Congress,83839,459
2023,Assembly,KA,DAVANAGERE SOUTH,107,5,SAJID.,Aam Aadmi Party,558,4
2023,Assembly,KA,DAVANAGERE SOUTH,107,6,ISMAIL ZABIULLA,Social Democratic Party Of India,1302,9
2023,Assembly,KA,DAVANAGERE SOUTH,107,7,ESHWARA,Uttama Prajaakeeya Party,519,3
2023,Assembly,KA,DAVANAGERE SOUTH,107,8,GOUSE PEER,Kalyana Rajya Pragathi Paksha,221,0
2023,Assembly,KA,DAVANAGERE SOUTH,107,9,H K DAVAL SAB,Karnataka Rashtra Samithi,56,1
2023,Assembly,KA,DAVANAGERE SOUTH,107,10,BHARATHI. K,Socialist Unity Centre Of India (COMMUNIST),119,2
2023,Assembly,KA,DAVANAGERE SOUTH,107,11,ERANNA.,Independent,66,0
2023,Assembly,KA,DAVANAGERE SOUTH,107,12,NOWSHIN. TAJ.,Independent,98,3
2023,Assembly,KA,DAVANAGERE SOUTH,107,13,B. RAJASHEKAR,Independent,233,0
2023,Assembly,KA,DAVANAGERE SOUTH,107,14,G. R. SHIVAKUMAR SWAMY,Independent,72,0
2023,Assembly,KA,DAVANAGERE SOUTH,107,15,SHEK AHAMAD,Independent,164,0
2023,Assembly,KA,DAVANAGERE SOUTH,107,16,NOTA,None of the Above,653,2
2023,Assembly,KA,MAYAKONDA,108,1,ANANDAPPA. H.,Janata Dal  (Secular),12857,58
2023,Assembly,KA,MAYAKONDA,108,2,PROF. DHARMA NAIK. S.,Aam Aadmi Party,512,0
2023,Assembly,KA,MAYAKONDA,108,3,K. S. BASAVANTHAPPA,Indian National Congress,70346,570
2023,Assembly,KA,MAYAKONDA,108,4,M. BASAVARAJA NAIK,Bharatiya Janata Party,34248,382
2023,Assembly,KA,MAYAKONDA,108,5,AJJAPPA. N,Republican Party of India (Athawale),445,0
2023,Assembly,KA,MAYAKONDA,108,6,CHETHAN KUMAR NAIK.  K.,Uttama Prajaakeeya Party,1226,9
2023,Assembly,KA,MAYAKONDA,108,7,SHANTHA BAI,Kalyana Rajya Pragathi Paksha,223,0
2023,Assembly,KA,MAYAKONDA,108,8,SOMASHEKHARA. B. ADVOCATE,Karnataka Rashtra Samithi,210,0
2023,Assembly,KA,MAYAKONDA,108,9,A. K. Ganesh,Independent,609,1
2023,Assembly,KA,MAYAKONDA,108,10,B.M. PUSHPA VAGEESHASWAMY,Independent,37431,183
2023,Assembly,KA,MAYAKONDA,108,11,MANJU MADIGA,Independent,192,2
2023,Assembly,KA,MAYAKONDA,108,12,LOKESHA. P. D.,Independent,586,0
2023,Assembly,KA,MAYAKONDA,108,13,P. R. Srinivas,Independent,438,0
2023,Assembly,KA,MAYAKONDA,108,14,SAVITHA BAI MALLESHANAIK,Independent,532,12
2023,Assembly,KA,MAYAKONDA,108,15,NOTA,None of the Above,704,14
2023,Assembly,KA,CHANNAGIRI,109,1,ADIL KHAN S K,Aam Aadmi Party,241,4
2023,Assembly,KA,CHANNAGIRI,109,2,TEJASWI. V. PATEL.,Janata Dal  (Secular),1204,12
2023,Assembly,KA,CHANNAGIRI,109,3,PRAVEENA. H.,Bahujan Samaj Party,518,5
2023,Assembly,KA,CHANNAGIRI,109,4,BASAVARAJU V SHIVAGANGA,Indian National Congress,77414,849
2023,Assembly,KA,CHANNAGIRI,109,5,H. S. SHIVAKUMAR,Bharatiya Janata Party,21229,238
2023,Assembly,KA,CHANNAGIRI,109,6,CHANDRASHEKHARA.CHANNAGIRI.,Uttama Prajaakeeya Party,1002,15
2023,Assembly,KA,CHANNAGIRI,109,7,DONIHALLI MANJUNATHA GOWDRU,Karnataka Rashtra Samithi,197,1
2023,Assembly,KA,CHANNAGIRI,109,8,M. ROOPA KAGATURU,Kalyana Rajya Pragathi Paksha,182,1
2023,Assembly,KA,CHANNAGIRI,109,9,KUBENDRA SWAMY. T,Independent,433,4
2023,Assembly,KA,CHANNAGIRI,109,10,MADAL MALLIKARJUNA,Independent,61260,568
2023,Assembly,KA,CHANNAGIRI,109,11,HARISH HALLI.,Independent,468,2
2023,Assembly,KA,CHANNAGIRI,109,12,NOTA,None of the Above,552,3
2023,Assembly,KA,HONNALI,110,1,KUNKOVA KRISHNAPPA,Bahujan Samaj Party,347,2
2023,Assembly,KA,HONNALI,110,2,NARASIMHAPPA .K,Aam Aadmi Party,232,2
2023,Assembly,KA,HONNALI,110,3,M.P. RENUKACHARYA,Bharatiya Janata Party,73649,1183
2023,Assembly,KA,HONNALI,110,4,SHANTHANA GOWDA.D.G.,Indian National Congress,90992,1400
2023,Assembly,KA,HONNALI,110,5,GANESHA B A,Uttama Prajaakeeya Party,937,8
2023,Assembly,KA,HONNALI,110,6,HANUMANTHAPPA. SORATUR.,Karnataka Rashtra Samithi,146,0
2023,Assembly,KA,HONNALI,110,7,DODDETTINAHALLI CHANDRASHEKHARAPPA,Independent,233,3
2023,Assembly,KA,HONNALI,110,8,LAKSHMIKANTHA. H.T.,Independent,171,5
2023,Assembly,KA,HONNALI,110,9,VASAPPA M,Independent,236,18
2023,Assembly,KA,HONNALI,110,10,NOTA,None of the Above,554,6
2023,Assembly,KA,SHIMOGA RURAL,111,1,K.B.ASHOK NAIK,Bharatiya Janata Party,70610,588
2023,Assembly,KA,SHIMOGA RURAL,111,2,MANJUNATHA.S.S,Aam Aadmi Party,1711,4
2023,Assembly,KA,SHIMOGA RURAL,111,3,SHARADA PURYANAIK,Janata Dal  (Secular),85768,572
2023,Assembly,KA,SHIMOGA RURAL,111,4,A.D.SHIVAPPA,Bahujan Samaj Party,570,6
2023,Assembly,KA,SHIMOGA RURAL,111,5,Dr.SRINIVAS KARIYANNA,Indian National Congress,18201,134
2023,Assembly,KA,SHIMOGA RURAL,111,6,NIRANJANA.E,Karnataka Rashtra Samithi,327,0
2023,Assembly,KA,SHIMOGA RURAL,111,7,K.B.VIJAYA,Kalyana Rajya Pragathi Paksha,272,2
2023,Assembly,KA,SHIMOGA RURAL,111,8,Dr.THIPPERUDRASWAMY.T,Independent,130,0
2023,Assembly,KA,SHIMOGA RURAL,111,9,PRAVEEN NAIK,Independent,282,0
2023,Assembly,KA,SHIMOGA RURAL,111,10,BHEEMAPPA.B.H,Independent,394,1
2023,Assembly,KA,SHIMOGA RURAL,111,11,RANGASWAMY.L,Independent,222,1
2023,Assembly,KA,SHIMOGA RURAL,111,12,NOTA,None of the Above,1039,14
2023,Assembly,KA,BHADRAVATI,112,1,ANANDA MARUTHI MEDICALS,Aam Aadmi Party,1373,14
2023,Assembly,KA,BHADRAVATI,112,2,MANGOTE RUDRESH,Bharatiya Janata Party,21014,265
2023,Assembly,KA,BHADRAVATI,112,3,SHARADA APPAJI,Janata Dal  (Secular),62948,555
2023,Assembly,KA,BHADRAVATI,112,4,B.K. SANAGAMESHWARA,Indian National Congress,65654,554
2023,Assembly,KA,BHADRAVATI,112,5,BASAVARAJA P.E.,Republican Party of India (Karnataka),426,0
2023,Assembly,KA,BHADRAVATI,112,6,SHASHIKUMAR GOWDA,Janata Dal  (United),134,1
2023,Assembly,KA,BHADRAVATI,112,7,SUMITHRA BAI,Karnataka Rashtra Samithi,238,1
2023,Assembly,KA,BHADRAVATI,112,8,AHAMAD ALI,Independent,107,0
2023,Assembly,KA,BHADRAVATI,112,9,JOHN BENNY,Independent,212,2
2023,Assembly,KA,BHADRAVATI,112,10,B.N.RAJU,Independent,93,0
2023,Assembly,KA,BHADRAVATI,112,11,MOHAN GOWDA M.TECH,Independent,102,2
2023,Assembly,KA,BHADRAVATI,112,12,RAJASHEKAR.S,Independent,287,2
2023,Assembly,KA,BHADRAVATI,112,13,SHASHIKUMAR. Y,Independent,374,5
2023,Assembly,KA,BHADRAVATI,112,14,S.K. SUDHEENDRA,Independent,144,1
2023,Assembly,KA,BHADRAVATI,112,15,NOTA,None of the Above,794,9
2023,Assembly,KA,SHIMOGA,113,1,AAYANUR MANJUNATHA,Janata Dal  (Secular),8623,240
2023,Assembly,KA,SHIMOGA,113,2,CHANNABASAPPA (CHENNI),Bharatiya Janata Party,95399,1091
2023,Assembly,KA,SHIMOGA,113,3,NETRAVATHI T,Aam Aadmi Party,873,10
2023,Assembly,KA,SHIMOGA,113,4,H C YOGESH,Indian National Congress,68071,745
2023,Assembly,KA,SHIMOGA,113,5,RAJENDRA D,Karnataka Rashtra Samithi,311,0
2023,Assembly,KA,SHIMOGA,113,6,VENKATESH R,Uttama Prajaakeeya Party,2365,5
2023,Assembly,KA,SHIMOGA,113,7,AKKAMAHADEVI H M,Independent,67,3
2023,Assembly,KA,SHIMOGA,113,8,AJAY KUMAR B S,Independent,51,0
2023,Assembly,KA,SHIMOGA,113,9,ANIL M R,Independent,79,0
2023,Assembly,KA,SHIMOGA,113,10,ADIGE GANESH H S,Independent,85,3
2023,Assembly,KA,SHIMOGA,113,11,MOHAMMED YUSUF KHAN,Independent,71,1
2023,Assembly,KA,SHIMOGA,113,12,RAVIKUMAR N,Independent,71,0
2023,Assembly,KA,SHIMOGA,113,13,RIYAZ AHMED,Independent,170,1
2023,Assembly,KA,SHIMOGA,113,14,SHEKARA NAIK,Independent,73,0
2023,Assembly,KA,SHIMOGA,113,15,V HANUMASHETTY,Independent,196,0
2023,Assembly,KA,SHIMOGA,113,16,NOTA,None of the Above,1205,20
2023,Assembly,KA,TIRTHAHALLI,114,1,ARAGA JNANENDRA,Bharatiya Janata Party,83879,684
2023,Assembly,KA,TIRTHAHALLI,114,2,KIMMANE RATNAKAR,Indian National Congress,71791,531
2023,Assembly,KA,TIRTHAHALLI,114,3,YADUR RAJARAM,Janata Dal  (Secular),2692,18
2023,Assembly,KA,TIRTHAHALLI,114,4,SALUR SHIVAKUMAR GOWDA,Aam Aadmi Party,499,2
2023,Assembly,KA,TIRTHAHALLI,114,5,ARUNA KANAHALLI,Karnataka Rashtra Samithi,495,1
2023,Assembly,KA,TIRTHAHALLI,114,6,NOTA,None of the Above,1153,11
2023,Assembly,KA,SHIKARIPURA,115,1,CHANDRAKANTH  S REVANAKAR,Aam Aadmi Party,276,0
2023,Assembly,KA,SHIKARIPURA,115,2,GONI MALATESH,Indian National Congress,8038,63
2023,Assembly,KA,SHIKARIPURA,115,3,VIJAYENDRA YEDIYURAPPA,Bharatiya Janata Party,81015,795
2023,Assembly,KA,SHIKARIPURA,115,4,YALLAPPA BAZARAPPA,Republican Party of India (Athawale),425,0
2023,Assembly,KA,SHIKARIPURA,115,5,RAVINAIK D,Karnataka Rashtra Samithi,159,5
2023,Assembly,KA,SHIKARIPURA,115,6,ANIL M.R.,Independent,115,0
2023,Assembly,KA,SHIKARIPURA,115,7,IMTIYAZ  A ATTAR,Independent,2937,7
2023,Assembly,KA,SHIKARIPURA,115,8,GANESHA R,Independent,434,1
2023,Assembly,KA,SHIKARIPURA,115,9,S. P. NAGARAJAGOWDA,Independent,70371,431
2023,Assembly,KA,SHIKARIPURA,115,10,MOHAMMED SADIQ,Independent,968,1
2023,Assembly,KA,SHIKARIPURA,115,11,NOTA,None of the Above,680,8
2023,Assembly,KA,SORAB,116,1,S. KUMARA BANGARAPPA,Bharatiya Janata Party,54311,339
2023,Assembly,KA,SORAB,116,2,BASURU CHANDREGOWDRU,Janata Dal  (Secular),6439,38
2023,Assembly,KA,SORAB,116,3,CHANDRASHEKARA K.Y,Aam Aadmi Party,630,2
2023,Assembly,KA,SORAB,116,4,MADHU BANGARAPPA,Indian National Congress,98232,680
2023,Assembly,KA,SORAB,116,5,PARASHURAM.V.G,Samajwadi Party,586,0
2023,Assembly,KA,SORAB,116,6,MANJUNATHA UPPALLI,Karnataka Rashtra Samithi,203,4
2023,Assembly,KA,SORAB,116,7,LAKSHMIKANTH C S,Uttama Prajaakeeya Party,728,5
2023,Assembly,KA,SORAB,116,8,L.G.GUDDAPPA MARURU,Independent,356,1
2023,Assembly,KA,SORAB,116,9,J.S.CHIDANANDAGOWDA,Independent,226,0
2023,Assembly,KA,SORAB,116,10,S. SHIVAYOGI,Independent,242,4
2023,Assembly,KA,SORAB,116,11,NOTA,None of the Above,996,14
2023,Assembly,KA,SAGAR,117,1,GOPALA KRISHNA BELURU,Indian National Congress,88179,809
2023,Assembly,KA,SAGAR,117,2,K DIWAKARA,Aam Aadmi Party,1029,11
2023,Assembly,KA,SAGAR,117,3,‌SYED ZAKEER,Janata Dal  (Secular),345,5
2023,Assembly,KA,SAGAR,117,4,H.HALAPPA HARATHALU,Bharatiya Janata Party,72263,703
2023,Assembly,KA,SAGAR,117,5,KIRAN B E,Karnataka Rashtra Samithi,344,2
2023,Assembly,KA,SAGAR,117,6,SOMARAJA N,Uttama Prajaakeeya Party,595,7
2023,Assembly,KA,SAGAR,117,7,SHIVAKUMAR V PATIL,Independent,307,0
2023,Assembly,KA,SAGAR,117,8,T.N.SREENIVAS,Independent,257,6
2023,Assembly,KA,SAGAR,117,9,HARATE GAMAPPA MESTRU,Independent,235,5
2023,Assembly,KA,SAGAR,117,10,NOTA,None of the Above,1349,14
2023,Assembly,KA,BYNDOOR,118,1,GURURAJ SHETTY GANTIHOLE,Bharatiya Janata Party,97447,1181
2023,Assembly,KA,BYNDOOR,118,2,K. GOPAL POOJARY,Indian National Congress,81518,957
2023,Assembly,KA,BYNDOOR,118,3,MANSOOR IBRAHIM.,Janata Dal  (Secular),827,14
2023,Assembly,KA,BYNDOOR,118,4,CA. RAMANANDA PRABHU,Aam Aadmi Party,184,3
2023,Assembly,KA,BYNDOOR,118,5,PRASAD. S,Uttama Prajaakeeya Party,620,6
2023,Assembly,KA,BYNDOOR,118,6,KOLLUR MANJUNATHA. NAIK BE,Rashtriya Samaj Dal (R),163,8
2023,Assembly,KA,BYNDOOR,118,7,CHANDRASHEKAR. G.,Independent,597,16
2023,Assembly,KA,BYNDOOR,118,8,SHYAMA. B,Independent,292,4
2023,Assembly,KA,BYNDOOR,118,9,H SURESH POOJRAI,Independent,633,5
2023,Assembly,KA,BYNDOOR,118,10,NOTA,None of the Above,1199,9
2023,Assembly,KA,KUNDAPURA,119,1,A KIRAN KUMAR KODGI,Bharatiya Janata Party,101102,1322
2023,Assembly,KA,KUNDAPURA,119,2,DINESH HEGDE MOLAHALLI,Indian National Congress,60172,696
2023,Assembly,KA,KUNDAPURA,119,3,RAMESH,Janata Dal  (Secular),1029,24
2023,Assembly,KA,KUNDAPURA,119,4,ARUN DEEPAK MENDONCA,Uttama Prajaakeeya Party,1254,3
2023,Assembly,KA,KUNDAPURA,119,5,CHANDRASHEKAR G,Independent,725,3
2023,Assembly,KA,KUNDAPURA,119,6,NOTA,None of the Above,1132,9
2023,Assembly,KA,UDUPI,120,1,DAKSHATH. R. SHETTY,Janata Dal  (Secular),835,10
2023,Assembly,KA,UDUPI,120,2,PRABHAKAR POOJARI (THOTTAM),Aam Aadmi Party,633,7
2023,Assembly,KA,UDUPI,120,3,PRASADRAJ  KANCHAN,Indian National Congress,63804,499
2023,Assembly,KA,UDUPI,120,4,YASHPAL A SUVARNA,Bharatiya Janata Party,96122,957
2023,Assembly,KA,UDUPI,120,5,NITHIN.V.POOJARY,Uttama Prajaakeeya Party,1108,11
2023,Assembly,KA,UDUPI,120,6,RAMDAS BHAT,Karnataka Rashtra Samithi,316,7
2023,Assembly,KA,UDUPI,120,7,SHEKAR HAVANJE,Republican Party of India (Karnataka),433,2
2023,Assembly,KA,UDUPI,120,8,NOTA,None of the Above,1298,18
2023,Assembly,KA,KAPU,121,1,GURME SURESH SHETTY,Bharatiya Janata Party,79793,766
2023,Assembly,KA,KAPU,121,2,VINAY KUMAR SORAKE,Indian National Congress,67084,471
2023,Assembly,KA,KAPU,121,3,SABINA SAMAD,Janata Dal  (Secular),565,3
2023,Assembly,KA,KAPU,121,4,S.R.LOBO,Aam Aadmi Party,248,4
2023,Assembly,KA,KAPU,121,5,MOHAMMED HANEEF,Social Democratic Party Of India,1612,4
2023,Assembly,KA,KAPU,121,6,NOTA,None of the Above,798,7
2023,Assembly,KA,KARKAL,122,1,UDAYA SHETTY MUNIYAL,Indian National Congress,71615,811
2023,Assembly,KA,KARKAL,122,2,DANIEL RANJAR,Aam Aadmi Party,537,19
2023,Assembly,KA,KARKAL,122,3,SRIKANTHA POOJARY KUCHCHUR,Janata Dal  (Secular),279,2
2023,Assembly,KA,KARKAL,122,4,V SUNILL KUMAR,Bharatiya Janata Party,76019,1009
2023,Assembly,KA,KARKAL,122,5,ARUN DEEPAK,Uttama Prajaakeeya Party,498,3
2023,Assembly,KA,KARKAL,122,6,PRAMOD MUTHALIK,Independent,4432,76
2023,Assembly,KA,KARKAL,122,7,DR. MAMATHA HEGDE,Independent,237,1
2023,Assembly,KA,KARKAL,122,8,VIDYALAXMI,Independent,150,1
2023,Assembly,KA,KARKAL,122,9,SUDHAKARA ACHARYA,Independent,224,9
2023,Assembly,KA,KARKAL,122,10,NOTA,None of the Above,915,6
2023,Assembly,KA,SRINGERI,123,1,K.M.GOPALA,Bahujan Samaj Party,805,13
2023,Assembly,KA,SRINGERI,123,2,D.N.JEEVARAJA.,Bharatiya Janata Party,58278,692
2023,Assembly,KA,SRINGERI,123,3,RAJAN GOWDA H.S.,Aam Aadmi Party,1143,7
2023,Assembly,KA,SRINGERI,123,4,T.D.RAJEGOWDA,Indian National Congress,58602,569
2023,Assembly,KA,SRINGERI,123,5,SUDHAKARA.S.SHETTY,Janata Dal  (Secular),19161,256
2023,Assembly,KA,SRINGERI,123,6,COMRADE || UMESH B.A,Communist Party of India (Marxist-Leninist) Red Star,226,0
2023,Assembly,KA,SRINGERI,123,7,M.K. DAYANDA MAVINAKERE.,Proutist Sarva Samaj,114,0
2023,Assembly,KA,SRINGERI,123,8,ELIYAZ AHAMMAD,Independent,156,0
2023,Assembly,KA,SRINGERI,123,9,K.R KUSUMA,Independent,205,2
2023,Assembly,KA,SRINGERI,123,10,NARAYANA,Independent,233,0
2023,Assembly,KA,SRINGERI,123,11,G.BHARATHI.,Independent,216,1
2023,Assembly,KA,SRINGERI,123,12,ABRAHAM,Independent,223,0
2023,Assembly,KA,SRINGERI,123,13,NOTA,None of the Above,675,3
2023,Assembly,KA,MUDIGERE,124,1,M.P.KUMARASWAMY,Janata Dal  (Secular),25863,175
2023,Assembly,KA,MUDIGERE,124,2,DEEPAK DODDAIAH,Bharatiya Janata Party,49865,256
2023,Assembly,KA,MUDIGERE,124,3,NAYANA MOTAMMA,Indian National Congress,50562,281
2023,Assembly,KA,MUDIGERE,124,4,PRABHU.C,Aam Aadmi Party,584,1
2023,Assembly,KA,MUDIGERE,124,5,LOKAVALLI RAMESH,Bahujan Samaj Party,919,14
2023,Assembly,KA,MUDIGERE,124,6,ANGADI CHANDRU,Social Democratic Party Of India,502,1
2023,Assembly,KA,MUDIGERE,124,7,RAMESH KELAGUR,Communist Party of India,2781,4
2023,Assembly,KA,MUDIGERE,124,8,CHETHAN PRASAD L,Independent,369,0
2023,Assembly,KA,MUDIGERE,124,9,RUDRESH KAHALE,Independent,467,1
2023,Assembly,KA,MUDIGERE,124,10,NOTA,None of the Above,1160,6
2023,Assembly,KA,CHIKMAGALUR,125,1,EREGOWDA. M.P,Aam Aadmi Party,522,2
2023,Assembly,KA,CHIKMAGALUR,125,2,H. D. THAMMAIAH,Indian National Congress,84015,1039
2023,Assembly,KA,CHIKMAGALUR,125,3,B.M. THIMMA SHETTY,Janata Dal  (Secular),1727,36
2023,Assembly,KA,CHIKMAGALUR,125,4,C. T. RAVI,Bharatiya Janata Party,77979,1149
2023,Assembly,KA,CHIKMAGALUR,125,5,SUDHA.K.B,Bahujan Samaj Party,528,3
2023,Assembly,KA,CHIKMAGALUR,125,6,YATHISH.B.J.,Uttama Prajaakeeya Party,663,9
2023,Assembly,KA,CHIKMAGALUR,125,7,SHIVA PRAKASH,Karnataka Rashtra Samithi,103,1
2023,Assembly,KA,CHIKMAGALUR,125,8,AFZAL PASHA,Independent,82,0
2023,Assembly,KA,CHIKMAGALUR,125,9,C.K. JAGADEESHA.,Independent,104,3
2023,Assembly,KA,CHIKMAGALUR,125,10,NOORULLA KHAN,Independent,61,0
2023,Assembly,KA,CHIKMAGALUR,125,11,MUNIYAPPA,Independent,60,0
2023,Assembly,KA,CHIKMAGALUR,125,12,H.C. MULLAPPA SHETTY (HULIKERE PULIKESHI),Independent,109,0
2023,Assembly,KA,CHIKMAGALUR,125,13,MOHSINA,Independent,223,1
2023,Assembly,KA,CHIKMAGALUR,125,14,M.G. VIJAY KUMAR,Independent,140,3
2023,Assembly,KA,CHIKMAGALUR,125,15,SHASHIDHARA B.G,Independent,392,0
2023,Assembly,KA,CHIKMAGALUR,125,16,SYED ZABI,Independent,269,0
2023,Assembly,KA,CHIKMAGALUR,125,17,NOTA,None of the Above,834,15
2023,Assembly,KA,TARIKERE,126,1,G.H. SRINIVASA,Indian National Congress,62413,673
2023,Assembly,KA,TARIKERE,126,2,D.S. SURESH,Bharatiya Janata Party,50385,570
2023,Assembly,KA,TARIKERE,126,3,D.C. SURESHA,Aam Aadmi Party,417,2
2023,Assembly,KA,TARIKERE,126,4,K. GOVINDAPPA,Karnataka Rashtra Samithi,155,1
2023,Assembly,KA,TARIKERE,126,5,B.P.VIKAS,Uttama Prajaakeeya Party,546,2
2023,Assembly,KA,TARIKERE,126,6,KADLE BATTI ASHOKANNA,Independent,134,0
2023,Assembly,KA,TARIKERE,126,7,GOPIKRISHNA ALIAS GOPALA KRISHNA.B,Independent,411,4
2023,Assembly,KA,TARIKERE,126,8,H.M. GOPIKRISHNA HUNASAGATTA,Independent,35266,202
2023,Assembly,KA,TARIKERE,126,9,A.R.NAGARAJAPPA,Independent,172,1
2023,Assembly,KA,TARIKERE,126,10,C.M NANJUNDAPPA,Independent,63,6
2023,Assembly,KA,TARIKERE,126,11,DORANAL PARAMESH,Independent,1333,5
2023,Assembly,KA,TARIKERE,126,12,RAFEEQ AHAMAD.S,Independent,107,0
2023,Assembly,KA,TARIKERE,126,13,A.B. RAJKUMAR,Independent,219,0
2023,Assembly,KA,TARIKERE,126,14,A.R. SATHISHA,Independent,326,0
2023,Assembly,KA,TARIKERE,126,15,NOTA,None of the Above,733,3
2023,Assembly,KA,KADUR,127,1,ANAND. K.S,Indian National Congress,74336,1140
2023,Assembly,KA,KADUR,127,2,Y.S.V. DATTA,Janata Dal  (Secular),26368,469
2023,Assembly,KA,KADUR,127,3,BELLI PRAKASH,Bharatiya Janata Party,62030,1439
2023,Assembly,KA,KADUR,127,4,RAJESHWARI B.H.,Aam Aadmi Party,786,1
2023,Assembly,KA,KADUR,127,5,ANAND K.T,Sarvodaya Karnataka Paksha,281,1
2023,Assembly,KA,KADUR,127,6,ANANDA NAIK. S.L,Karnataka Rashtra Samithi,166,0
2023,Assembly,KA,KADUR,127,7,LOHITHA. G.T.,Uttama Prajaakeeya Party,563,13
2023,Assembly,KA,KADUR,127,8,KOTE UMESH HOMBALE,Independent,109,0
2023,Assembly,KA,KADUR,127,9,K.R. GANGADHARAPPA.,Independent,284,0
2023,Assembly,KA,KADUR,127,10,H.R. SREENIVAS BHAGIRATHA,Independent,311,4
2023,Assembly,KA,KADUR,127,11,NOTA,None of the Above,922,6
2023,Assembly,KA,CHIKKANAYAKANAHALLI,128,1,K S KIRAN KUMAR,Indian National Congress,50629,367
2023,Assembly,KA,CHIKKANAYAKANAHALLI,128,2,NINGARAJU S C,Aam Aadmi Party,1767,4
2023,Assembly,KA,CHIKKANAYAKANAHALLI,128,3,J C MADHU SWAMY,Bharatiya Janata Party,60304,690
2023,Assembly,KA,CHIKKANAYAKANAHALLI,128,4,C B SURESH BAABU,Janata Dal  (Secular),70329,707
2023,Assembly,KA,CHIKKANAYAKANAHALLI,128,5,JAYARAM H R,Uttama Prajaakeeya Party,972,0
2023,Assembly,KA,CHIKKANAYAKANAHALLI,128,6,H T NAGARAJU,BhartiyaBahujanKranti Dal,162,1
2023,Assembly,KA,CHIKKANAYAKANAHALLI,128,7,DR. M K PASHA,All India Mahila Empowerment Party,131,2
2023,Assembly,KA,CHIKKANAYAKANAHALLI,128,8,MALLIKARJUNAIAH B S,Karnataka Rashtra Samithi,419,3
2023,Assembly,KA,CHIKKANAYAKANAHALLI,128,9,HANUMATHA RAM NAIK M B,Welfare Party Of India,119,0
2023,Assembly,KA,CHIKKANAYAKANAHALLI,128,10,GIRISH R HOYISALAKATTE,Independent,315,3
2023,Assembly,KA,CHIKKANAYAKANAHALLI,128,11,GANGADHARAIAH,Independent,432,0
2023,Assembly,KA,CHIKKANAYAKANAHALLI,128,12,NASEER BAIG M,Independent,282,0
2023,Assembly,KA,CHIKKANAYAKANAHALLI,128,13,CAPT SOMASHEKHAR,Independent,239,2
2023,Assembly,KA,CHIKKANAYAKANAHALLI,128,14,NOTA,None of the Above,776,2
2023,Assembly,KA,TIPTUR,129,1,T S Chandrashekhar,Aam Aadmi Party,638,2
2023,Assembly,KA,TIPTUR,129,2,B.C. Nagesh,Bharatiya Janata Party,53753,594
2023,Assembly,KA,TIPTUR,129,3,K T Shanthakumara,Janata Dal  (Secular),25811,203
2023,Assembly,KA,TIPTUR,129,4,K Shadakshari,Indian National Congress,71415,584
2023,Assembly,KA,TIPTUR,129,5,Arun Linga,Kannada Deshada Paksha,424,0
2023,Assembly,KA,TIPTUR,129,6,Girish S B,Uttama Prajaakeeya Party,503,3
2023,Assembly,KA,TIPTUR,129,7,Gangadharaiah K S,Karnataka Rashtra Samithi,256,1
2023,Assembly,KA,TIPTUR,129,8,R M Mallikarjunaswamy,BhartiyaBahujanKranti Dal,130,2
2023,Assembly,KA,TIPTUR,129,9,Ananthashayana A T,Independent,130,0
2023,Assembly,KA,TIPTUR,129,10,T N Kumaraswamy,Independent,468,0
2023,Assembly,KA,TIPTUR,129,11,M Ravi,Independent,260,1
2023,Assembly,KA,TIPTUR,129,12,B N Vijayakumar,Independent,256,0
2023,Assembly,KA,TIPTUR,129,13,NOTA,None of the Above,632,3
2023,Assembly,KA,TURUVEKERE,130,1,BML.KANTHRAJ,Indian National Congress,30293,243
2023,Assembly,KA,TURUVEKERE,130,2,M.T.KRISHNAPPA,Janata Dal  (Secular),67485,678
2023,Assembly,KA,TURUVEKERE,130,3,MASALA JAYARAM,Bharatiya Janata Party,57636,604
2023,Assembly,KA,TURUVEKERE,130,4,JAYARAM.G.C,Aam Aadmi Party,1015,3
2023,Assembly,KA,TURUVEKERE,130,5,M.C.SRINIVAS,Bahujan Samaj Party,133,3
2023,Assembly,KA,TURUVEKERE,130,6,H.B.PUTTAPPA,BhartiyaBahujanKranti Dal,84,1
2023,Assembly,KA,TURUVEKERE,130,7,BHARATH.S,Uttama Prajaakeeya Party,719,5
2023,Assembly,KA,TURUVEKERE,130,8,RAM PRASAD,Karnataka Rashtra Samithi,176,0
2023,Assembly,KA,TURUVEKERE,130,9,HATTAIAH.N,Republican Party of India Bharatha,198,4
2023,Assembly,KA,TURUVEKERE,130,10,KAPANIGOWDA,Independent,224,1
2023,Assembly,KA,TURUVEKERE,130,11,NARAYANA,Independent,245,0
2023,Assembly,KA,TURUVEKERE,130,12,NOTA,None of the Above,585,3
2023,Assembly,KA,KUNIGAL,131,1,D KRISHNAKUMAR,Bharatiya Janata Party,34207,0
2023,Assembly,KA,KUNIGAL,131,2,JAYARAMAIAH HITHALAPURA,Aam Aadmi Party,1001,0
2023,Assembly,KA,KUNIGAL,131,3,DR RAVI NAGARAJAIAH,Janata Dal  (Secular),31020,0
2023,Assembly,KA,KUNIGAL,131,4,DR|| H D RANGANATH,Indian National Congress,52011,0
2023,Assembly,KA,KUNIGAL,131,5,RAGHU JANAGERE,Karnataka Rashtra Samithi,715,0
2023,Assembly,KA,KUNIGAL,131,6,RAMESHA S B,Rashtriya Janahita Party,167,0
2023,Assembly,KA,KUNIGAL,131,7,B T TIRUMALE GOWDA,Independent,206,0
2023,Assembly,KA,KUNIGAL,131,8,B B RAMASWAMY GOWDA,Independent,420,0
2023,Assembly,KA,KUNIGAL,131,9,NOTA,None of the Above,417,0
2023,Assembly,KA,TUMKUR CITY,132,1,IQBAL AHMED,Indian National Congress,46616,284
2023,Assembly,KA,TUMKUR CITY,132,2,N GOVINDARAJU,Janata Dal  (Secular),55359,608
2023,Assembly,KA,TUMKUR CITY,132,3,G B JYOTHI GANESH,Bharatiya Janata Party,58126,1039
2023,Assembly,KA,TUMKUR CITY,132,4,K B DINESH BABU,Bahujan Samaj Party,347,6
2023,Assembly,KA,TUMKUR CITY,132,5,MOHAMMED GHOUSE PEER,Aam Aadmi Party,664,0
2023,Assembly,KA,TUMKUR CITY,132,6,M V KALYANI,Socialist Unity Centre Of India (COMMUNIST),147,3
2023,Assembly,KA,TUMKUR CITY,132,7,GAJENDRA KUMAR GOWDA,Karnataka Rashtra Samithi,235,3
2023,Assembly,KA,TUMKUR CITY,132,8,T N RAJESH,Uttama Prajaakeeya Party,967,7
2023,Assembly,KA,TUMKUR CITY,132,9,KUMAR S,Independent,61,0
2023,Assembly,KA,TUMKUR CITY,132,10,DADA PEER,Independent,93,2
2023,Assembly,KA,TUMKUR CITY,132,11,NARASE GOWDA,Independent,73,2
2023,Assembly,KA,TUMKUR CITY,132,12,PRAKASH R A,Independent,100,0
2023,Assembly,KA,TUMKUR CITY,132,13,VEERESHA PRASAD R (GUBBI VEERANNA),Independent,256,2
2023,Assembly,KA,TUMKUR CITY,132,14,SOGADU SHIVANNA,Independent,8846,108
2023,Assembly,KA,TUMKUR CITY,132,15,NOTA,None of the Above,1122,9
2023,Assembly,KA,TUMKUR RURAL,133,1,D.C.GOWRISHANKAR SWAMY,Janata Dal  (Secular),83792,805
2023,Assembly,KA,TUMKUR RURAL,133,2,DINESH KUMAR.B,Aam Aadmi Party,665,5
2023,Assembly,KA,TUMKUR RURAL,133,3,G.H.SHANMUKHAPPA,Indian National Congress,3990,76
2023,Assembly,KA,TUMKUR RURAL,133,4,B.SURESH GOWDA,Bharatiya Janata Party,88052,1139
2023,Assembly,KA,TUMKUR RURAL,133,5,V.A.ANAND,Karnataka Rashtra Samithi,460,1
2023,Assembly,KA,TUMKUR RURAL,133,6,D.GOPALAKRISHNA,Socialist Party (India),88,0
2023,Assembly,KA,TUMKUR RURAL,133,7,DINESH.T.N,Uttama Prajaakeeya Party,750,3
2023,Assembly,KA,TUMKUR RURAL,133,8,NISSAR AHMED,Indian Movement Party,53,1
2023,Assembly,KA,TUMKUR RURAL,133,9,ASHOKA.K.S.,Independent,80,0
2023,Assembly,KA,TUMKUR RURAL,133,10,S.T.GOVINDAIAH,Independent,310,3
2023,Assembly,KA,TUMKUR RURAL,133,11,YOGANARASIMHAMURTHY.T.H,Independent,309,0
2023,Assembly,KA,TUMKUR RURAL,133,12,K.V.SRINIVAS KALKERE,Independent,150,2
2023,Assembly,KA,TUMKUR RURAL,133,13,SIDDARAMEGOWDA,Independent,451,4
2023,Assembly,KA,TUMKUR RURAL,133,14,NOTA,None of the Above,1195,5
2023,Assembly,KA,KORATAGERE,134,1,B. H. ANIL KUMAR,Bharatiya Janata Party,23804,287
2023,Assembly,KA,KORATAGERE,134,2,Dr. G. PARAMESHWARA,Indian National Congress,78303,796
2023,Assembly,KA,KORATAGERE,134,3,S. G. MANJUNATHA,Bahujan Samaj Party,1008,3
2023,Assembly,KA,KORATAGERE,134,4,P. R. SUDHAKAR LAL,Janata Dal  (Secular),64052,700
2023,Assembly,KA,KORATAGERE,134,5,D. HANUMANTHARAYAPPA,Aam Aadmi Party,1231,2
2023,Assembly,KA,KORATAGERE,134,6,NAGENDRA T. N.,Uttama Prajaakeeya Party,840,10
2023,Assembly,KA,KORATAGERE,134,7,RAVIKUMAR K. C.,Karnataka Rashtra Samithi,342,2
2023,Assembly,KA,KORATAGERE,134,8,HANUMAIAH N.,Welfare Party Of India,140,0
2023,Assembly,KA,KORATAGERE,134,9,MUNIYAPPA K. M.,Independent,1153,6
2023,Assembly,KA,KORATAGERE,134,10,VIJAYALAKSHMI B. N.,Independent,252,2
2023,Assembly,KA,KORATAGERE,134,11,V. SHANTHAKUMAR,Independent,229,1
2023,Assembly,KA,KORATAGERE,134,12,HANUMANTHARAYAPPA,Independent,650,5
2023,Assembly,KA,KORATAGERE,134,13,NOTA,None of the Above,760,0
2023,Assembly,KA,GUBBI,135,1,S D DILIPKUMAR,Bharatiya Janata Party,51505,474
2023,Assembly,KA,GUBBI,135,2,NAGARAJU B S,Janata Dal  (Secular),42870,176
2023,Assembly,KA,GUBBI,135,3,PRABHUSWAMY B S,Aam Aadmi Party,1834,0
2023,Assembly,KA,GUBBI,135,4,SHIVANNA,Bahujan Samaj Party,341,0
2023,Assembly,KA,GUBBI,135,5,S R SRINIVAS (VASU),Indian National Congress,60124,396
2023,Assembly,KA,GUBBI,135,6,PRAVEEN GOWDA CHELUR,Karnataka Rashtra Samithi,672,2
2023,Assembly,KA,GUBBI,135,7,H H GIRIYAPPA,Independent,221,0
2023,Assembly,KA,GUBBI,135,8,DR BHAVANA R GIRIDHAR,Independent,339,1
2023,Assembly,KA,GUBBI,135,9,VEERESHAPRASAD R (GUBBI VEERANNA),Independent,160,0
2023,Assembly,KA,GUBBI,135,10,SRINIVAS T V,Independent,294,1
2023,Assembly,KA,GUBBI,135,11,NOTA,None of the Above,726,0
2023,Assembly,KA,SIRA,136,1,R Ugresh,Janata Dal  (Secular),55527,1307
2023,Assembly,KA,SIRA,136,2,T B Jayachandra,Indian National Congress,84293,1791
2023,Assembly,KA,SIRA,136,3,Nataraju N K,Bahujan Samaj Party,820,8
2023,Assembly,KA,SIRA,136,4,C M Rajesh Gowda,Bharatiya Janata Party,41398,931
2023,Assembly,KA,SIRA,136,5,Shashikumar R,Aam Aadmi Party,573,10
2023,Assembly,KA,SIRA,136,6,Ashoka,Uttama Prajaakeeya Party,608,10
2023,Assembly,KA,SIRA,136,7,N Kumar,Dr. Ambedkar People's Party,87,0
2023,Assembly,KA,SIRA,136,8,Girish,Communist Party of India,623,10
2023,Assembly,KA,SIRA,136,9,K T Gundaraj,Swayam Krushi Party,227,6
2023,Assembly,KA,SIRA,136,10,Pradeep Kumar,Karnataka Rashtra Samithi,220,50
2023,Assembly,KA,SIRA,136,11,S N Kantharaju,Independent,92,29
2023,Assembly,KA,SIRA,136,12,Bandi Ranganatha Y R,Independent,96,4
2023,Assembly,KA,SIRA,136,13,B A Manjunatha,Independent,151,15
2023,Assembly,KA,SIRA,136,14,Ranganatha,Independent,785,5
2023,Assembly,KA,SIRA,136,15,Ranganathaiah Y G,Independent,303,5
2023,Assembly,KA,SIRA,136,16,NOTA,None of the Above,665,57
2023,Assembly,KA,PAVAGADA,137,1,KRISHNA NAIK,Bharatiya Janata Party,7098,108
2023,Assembly,KA,PAVAGADA,137,2,K.M.THIMMARAYAPPA,Janata Dal  (Secular),71404,777
2023,Assembly,KA,PAVAGADA,137,3,N.RAMANJINAPPA,Aam Aadmi Party,1824,7
2023,Assembly,KA,PAVAGADA,137,4,H.V.VENKATESH,Indian National Congress,82101,961
2023,Assembly,KA,PAVAGADA,137,5,T.HANUMANTHARAYA,Bahujan Samaj Party,499,5
2023,Assembly,KA,PAVAGADA,137,6,NARASIMHARAJU C N,Karnataka Rashtra Samithi,186,0
2023,Assembly,KA,PAVAGADA,137,7,NERALAKUNTE NAGENDRAKUMAR,Kalyana Rajya Pragathi Paksha,856,19
2023,Assembly,KA,PAVAGADA,137,8,B T RAMASUBBAIAH,BhartiyaBahujanKranti Dal,112,0
2023,Assembly,KA,PAVAGADA,137,9,GOVINDAPPA V,Independent,326,1
2023,Assembly,KA,PAVAGADA,137,10,NAGARAJAPPA,Independent,123,1
2023,Assembly,KA,PAVAGADA,137,11,SRINIVASAPURADA SRINIVASA BABU,Independent,365,3
2023,Assembly,KA,PAVAGADA,137,12,NOTA,None of the Above,607,7
2023,Assembly,KA,MADHUGIRI,138,1,L. C. NAGARAJA,Bharatiya Janata Party,15461,151
2023,Assembly,KA,MADHUGIRI,138,2,N.MADHU,Bahujan Samaj Party,765,4
2023,Assembly,KA,MADHUGIRI,138,3,KYATHASANDRA N. RAJANNA,Indian National Congress,90334,832
2023,Assembly,KA,MADHUGIRI,138,4,M.V.VEERABHADRAIAH,Janata Dal  (Secular),55062,581
2023,Assembly,KA,MADHUGIRI,138,5,SYED MUZAAMIL PASHAA,Aam Aadmi Party,747,2
2023,Assembly,KA,MADHUGIRI,138,6,JAYANTH.D.C,Karnataka Rashtra Samithi,206,0
2023,Assembly,KA,MADHUGIRI,138,7,MUDDURAJU. G,Uttama Prajaakeeya Party,565,4
2023,Assembly,KA,MADHUGIRI,138,8,RANGANATHA. R.S.,Lok Shakti,154,0
2023,Assembly,KA,MADHUGIRI,138,9,VENKATESHA,Jai Maha Bharath Party,470,0
2023,Assembly,KA,MADHUGIRI,138,10,DHANUSH‌ KUMAR. B.K,Independent,250,1
2023,Assembly,KA,MADHUGIRI,138,11,G.H. MARUTHI,Independent,254,0
2023,Assembly,KA,MADHUGIRI,138,12,LAKSHMINARAYANAPPA,Independent,153,1
2023,Assembly,KA,MADHUGIRI,138,13,NOTA,None of the Above,614,4
2023,Assembly,KA,GAURIBIDANUR,139,1,C.R.NARASIMHA MURTHY. (ZP),Janata Dal  (Secular),10966,159
2023,Assembly,KA,GAURIBIDANUR,139,2,PRAKASH BABU.K.,Bahujan Samaj Party,394,1
2023,Assembly,KA,GAURIBIDANUR,139,3,Dr. H.S. SHASHIDHARA KUMAR,Bharatiya Janata Party,8024,108
2023,Assembly,KA,GAURIBIDANUR,139,4,N.H.SHIVASHANKARA REDDY,Indian National Congress,46035,516
2023,Assembly,KA,GAURIBIDANUR,139,5,SYED NASIR ALI,Aam Aadmi Party,385,1
2023,Assembly,KA,GAURIBIDANUR,139,6,C.N.PRAKASH,Kalyana Rajya Pragathi Paksha,178,0
2023,Assembly,KA,GAURIBIDANUR,139,7,LAKSHMANA NAYAKA.B,Uttama Prajaakeeya Party,700,2
2023,Assembly,KA,GAURIBIDANUR,139,8,SRINIVASA.C.V (K.R.S),Karnataka Rashtra Samithi,383,0
2023,Assembly,KA,GAURIBIDANUR,139,9,DR.KEMPARAJU.K.,Independent,23875,327
2023,Assembly,KA,GAURIBIDANUR,139,10,NASURULLA,Independent,475,1
2023,Assembly,KA,GAURIBIDANUR,139,11,PUTTASWAMY,Independent,1030,7
2023,Assembly,KA,GAURIBIDANUR,139,12,PUTTASWAMY GOWDA,Independent,549,9
2023,Assembly,KA,GAURIBIDANUR,139,13,K.PUTTASWAMY GOWDA,Independent,1300,11
2023,Assembly,KA,GAURIBIDANUR,139,14,K.H.PUTTASWAMY GOWDA (KHP),Independent,83177,660
2023,Assembly,KA,GAURIBIDANUR,139,15,G.N.RAVI,Independent,248,2
2023,Assembly,KA,GAURIBIDANUR,139,16,VIJAYAKUMAR.N.R,Independent,350,0
2023,Assembly,KA,GAURIBIDANUR,139,17,SHASHIKUMAR.C.L,Independent,206,0
2023,Assembly,KA,GAURIBIDANUR,139,18,N.HANUMANTHANAYAKA,Independent,170,5
2023,Assembly,KA,GAURIBIDANUR,139,19,NOTA,None of the Above,554,7
2023,Assembly,KA,BAGEPALLI,140,1,DR|| A. ANIL KUMAR,Communist Party of India  (Marxist),19403,218
2023,Assembly,KA,BAGEPALLI,140,2,DR. MADHU SEETHAPPA,Aam Aadmi Party,1451,3
2023,Assembly,KA,BAGEPALLI,140,3,C. MUNIRAJU,Bharatiya Janata Party,62225,724
2023,Assembly,KA,BAGEPALLI,140,4,T. MUNISWAMI (SAI),Bahujan Samaj Party,709,4
2023,Assembly,KA,BAGEPALLI,140,5,S.N. SUBBAREDDY (CHINNAKAYALAPALLI),Indian National Congress,81383,745
2023,Assembly,KA,BAGEPALLI,140,6,C. KRISHNA REDDY,Kalyana Rajya Pragathi Paksha,1592,6
2023,Assembly,KA,BAGEPALLI,140,7,C. THIPPANNA,Karnataka Rashtra Samithi,142,0
2023,Assembly,KA,BAGEPALLI,140,8,RAJESH D.V (UPENDRARAJU),Uttama Prajaakeeya Party,153,0
2023,Assembly,KA,BAGEPALLI,140,9,ARUNA. D,Independent,106,1
2023,Assembly,KA,BAGEPALLI,140,10,S. N. GOVINDAREDDY,Independent,111,2
2023,Assembly,KA,BAGEPALLI,140,11,NARENDRA. A.N.,Independent,134,0
2023,Assembly,KA,BAGEPALLI,140,12,MITHUN REDDY,Independent,2643,80
2023,Assembly,KA,BAGEPALLI,140,13,K. LAKSHMINARASIMHA CHAR (MITTEMARI),Independent,168,4
2023,Assembly,KA,BAGEPALLI,140,14,SHREERAMA. G. V,Independent,178,3
2023,Assembly,KA,BAGEPALLI,140,15,HARISHA. M,Independent,177,4
2023,Assembly,KA,BAGEPALLI,140,16,NOTA,None of the Above,997,6
2023,Assembly,KA,CHIKKABALLAPUR,141,1,PRADEEP ESHWAR,Indian National Congress,85755,469
2023,Assembly,KA,CHIKKABALLAPUR,141,2,PILLA ANJINAPPA,Bahujan Samaj Party,334,4
2023,Assembly,KA,CHIKKABALLAPUR,141,3,K.P. BACHE GOWDA,Janata Dal  (Secular),19555,260
2023,Assembly,KA,CHIKKABALLAPUR,141,4,DR. M.M. BHASHA NANDI,Aam Aadmi Party,771,2
2023,Assembly,KA,CHIKKABALLAPUR,141,5,DR. K. SUDHAKAR,Bharatiya Janata Party,74596,986
2023,Assembly,KA,CHIKKABALLAPUR,141,6,ANJINAPPA.P,Karnataka Rashtra Samithi,301,3
2023,Assembly,KA,CHIKKABALLAPUR,141,7,B.K. PRASAD,"Proutist Bloc, India",62,0
2023,Assembly,KA,CHIKKABALLAPUR,141,8,ALTAF AHMED,Independent,145,0
2023,Assembly,KA,CHIKKABALLAPUR,141,9,CHANDRASHEKAR.H.C,Independent,136,2
2023,Assembly,KA,CHIKKABALLAPUR,141,10,T. VENKATA SIVUDU,Independent,69,1
2023,Assembly,KA,CHIKKABALLAPUR,141,11,SUDHAKAR.N,Independent,175,6
2023,Assembly,KA,CHIKKABALLAPUR,141,12,SYED AMANULLA,Independent,133,2
2023,Assembly,KA,CHIKKABALLAPUR,141,13,NOTA,None of the Above,1040,10
2023,Assembly,KA,SIDLAGHATTA,142,1,B S MOULAJAN,Aam Aadmi Party,1385,2
2023,Assembly,KA,SIDLAGHATTA,142,2,B.N. RAVI KUMAR,Janata Dal  (Secular),68389,543
2023,Assembly,KA,SIDLAGHATTA,142,3,B.V. RAJEEV GOWDA,Indian National Congress,35844,313
2023,Assembly,KA,SIDLAGHATTA,142,4,SEEKAL RAMACHANDRA  GOWDA,Bharatiya Janata Party,15349,97
2023,Assembly,KA,SIDLAGHATTA,142,5,MALLURU VENKATARAMANAPPA,Bahujan Samaj Party,332,3
2023,Assembly,KA,SIDLAGHATTA,142,6,KEMPEGOWDA SUNDRAHALLI,Karnataka Rashtra Samithi,202,1
2023,Assembly,KA,SIDLAGHATTA,142,7,DEVAPPA.V.,Rashtriya Samaj Dal (R),345,1
2023,Assembly,KA,SIDLAGHATTA,142,8,PUTTU ANJINAPPA,Independent,52008,152
2023,Assembly,KA,SIDLAGHATTA,142,9,NANJAPPA,Independent,369,1
2023,Assembly,KA,SIDLAGHATTA,142,10,BALAMURALI KRISHNA,Independent,243,1
2023,Assembly,KA,SIDLAGHATTA,142,11,BYREGOWDA VENKATASHAMAPPA,Independent,78,3
2023,Assembly,KA,SIDLAGHATTA,142,12,SRINATHA.A,Independent,193,2
2023,Assembly,KA,SIDLAGHATTA,142,13,S.A.SYED GHOUSE,Independent,183,3
2023,Assembly,KA,SIDLAGHATTA,142,14,SANDEEP REDDY H.R,Independent,695,3
2023,Assembly,KA,SIDLAGHATTA,142,15,NOTA,None of the Above,520,0
2023,Assembly,KA,CHINTAMANI,143,1,J.K. KRISHNA REDDY,Janata Dal  (Secular),67591,681
2023,Assembly,KA,CHINTAMANI,143,2,P.V. NAGAPPA,Bahujan Samaj Party,448,2
2023,Assembly,KA,CHINTAMANI,143,3,C. BYREDDY,Aam Aadmi Party,631,2
2023,Assembly,KA,CHINTAMANI,143,4,G.N. VENUGOPAL (GOPI),Bharatiya Janata Party,21462,249
2023,Assembly,KA,CHINTAMANI,143,5,DR. M.C. SUDHAKAR,Indian National Congress,96336,988
2023,Assembly,KA,CHINTAMANI,143,6,SHIVAREDDY. S,Karnataka Rashtra Samithi,450,0
2023,Assembly,KA,CHINTAMANI,143,7,SYED ALEEM PASHA,Indian Labour Party (Ambedkar Phule),143,1
2023,Assembly,KA,CHINTAMANI,143,8,KRISHNAREDDY. K,Independent,173,0
2023,Assembly,KA,CHINTAMANI,143,9,N.C. KRISHNAREDDY,Independent,185,0
2023,Assembly,KA,CHINTAMANI,143,10,SUDHAKARA. R,Independent,216,6
2023,Assembly,KA,CHINTAMANI,143,11,HIDAYATH,Independent,202,0
2023,Assembly,KA,CHINTAMANI,143,12,NOTA,None of the Above,864,2
2023,Assembly,KA,SRINIVASPUR,144,1,K.R. RAMESH KUMAR,Indian National Congress,84123,897
2023,Assembly,KA,SRINIVASPUR,144,2,G.K. VENKATASHIVAREDDY,Janata Dal  (Secular),94496,967
2023,Assembly,KA,SRINIVASPUR,144,3,DRΙΙ Y.V.VENKATACHALA,Aam Aadmi Party,2076,10
2023,Assembly,KA,SRINIVASPUR,144,4,GUNJURU R. SRINIVASAREDDY,Bharatiya Janata Party,6524,120
2023,Assembly,KA,SRINIVASPUR,144,5,KRS ANANDA G.K,Karnataka Rashtra Samithi,232,1
2023,Assembly,KA,SRINIVASPUR,144,6,N.S. RAMESH KUMAR,Independent,146,2
2023,Assembly,KA,SRINIVASPUR,144,7,S.RAMESH KUMAR,Independent,225,4
2023,Assembly,KA,SRINIVASPUR,144,8,VENKATASHIVAREDDY,Independent,146,2
2023,Assembly,KA,SRINIVASPUR,144,9,T.N. VENKATASHIVAREDDY,Independent,322,1
2023,Assembly,KA,SRINIVASPUR,144,10,NOTA,None of the Above,673,5
2023,Assembly,KA,MULBAGAL,145,1,V.ADINARAYANA,Indian National Congress,67472,514
2023,Assembly,KA,MULBAGAL,145,2,SAMRUDDHI  V. MANJUNATH,Janata Dal  (Secular),93375,879
2023,Assembly,KA,MULBAGAL,145,3,DR SANGASANDRA VIJAYAKUMAR,Aam Aadmi Party,2761,1
2023,Assembly,KA,MULBAGAL,145,4,K.SUNDER RAJ [SHEEGEHALLI SUNDER],Bharatiya Janata Party,9036,127
2023,Assembly,KA,MULBAGAL,145,5,K.R.S (PARTY) SAFARI ANAND,Karnataka Rashtra Samithi,210,1
2023,Assembly,KA,MULBAGAL,145,6,MILITARY  MURTHY K.V,Sarvajanika Adarsha Sena,121,0
2023,Assembly,KA,MULBAGAL,145,7,DR G.M.GOVINDAPPA,Independent,242,10
2023,Assembly,KA,MULBAGAL,145,8,M.KOTHUR R GOVINDU,Independent,75,0
2023,Assembly,KA,MULBAGAL,145,9,K.NAGARAJA,Independent,98,3
2023,Assembly,KA,MULBAGAL,145,10,G.C.RAMAPPA,Independent,75,0
2023,Assembly,KA,MULBAGAL,145,11,VENKATESHAPPA (LAWYER),Independent,167,0
2023,Assembly,KA,MULBAGAL,145,12,R.SRIDHAR,Independent,412,0
2023,Assembly,KA,MULBAGAL,145,13,NOTA,None of the Above,918,4
2023,Assembly,KA,KOLAR GOLD FIELD,146,1,ASHWINI SAMPANGI,Bharatiya Janata Party,30750,352
2023,Assembly,KA,KOLAR GOLD FIELD,146,2,KODANDA. R,Bahujan Samaj Party,258,2
2023,Assembly,KA,KOLAR GOLD FIELD,146,3,R. GAGGANA SUKANYA,Aam Aadmi Party,275,3
2023,Assembly,KA,KOLAR GOLD FIELD,146,4,THANGARAJ. P,Communist Party of India  (Marxist),1003,5
2023,Assembly,KA,KOLAR GOLD FIELD,146,5,DR. RAMESH BABU.V.M.,Janata Dal  (Secular),1343,17
2023,Assembly,KA,KOLAR GOLD FIELD,146,6,ROOPA KALA. M,Indian National Congress,80924,645
2023,Assembly,KA,KOLAR GOLD FIELD,146,7,JOTHI BASH. R,Communist Party of India,914,4
2023,Assembly,KA,KOLAR GOLD FIELD,146,8,S. RAJENDRAN,Republican Party of India,29662,133
2023,Assembly,KA,KOLAR GOLD FIELD,146,9,V. KALAVATHI,Independent,182,0
2023,Assembly,KA,KOLAR GOLD FIELD,146,10,DR.JOSHUA M E RAJAN,Independent,193,3
2023,Assembly,KA,KOLAR GOLD FIELD,146,11,NOTA,None of the Above,1376,7
2023,Assembly,KA,BANGARAPET,147,1,M. NARAYANASWAMY,Bharatiya Janata Party,8617,355
2023,Assembly,KA,BANGARAPET,147,2,S.N. NARAYANASWAMY. K.M,Indian National Congress,76544,748
2023,Assembly,KA,BANGARAPET,147,3,K.N NARAYANASWAMY,Bahujan Samaj Party,854,5
2023,Assembly,KA,BANGARAPET,147,4,M. Mallesh Babu,Janata Dal  (Secular),71979,602
2023,Assembly,KA,BANGARAPET,147,5,HARIKRISHNA RAMAPPA,Aam Aadmi Party,2527,3
2023,Assembly,KA,BANGARAPET,147,6,KRS RAJU M PAUL,Karnataka Rashtra Samithi,466,1
2023,Assembly,KA,BANGARAPET,147,7,JYOTHISHA KOLARA,Independent,141,0
2023,Assembly,KA,BANGARAPET,147,8,S.N. NARAYANASWAMY. V,Independent,229,0
2023,Assembly,KA,BANGARAPET,147,9,NOTA,None of the Above,1209,14
2023,Assembly,KA,KOLAR,148,1,JAMEEL AHAMED. N,Aam Aadmi Party,1156,2
2023,Assembly,KA,KOLAR,148,2,KOTHUR.G. MANJUNATHA,Indian National Congress,83156,834
2023,Assembly,KA,KOLAR,148,3,R. VARTHURU PRAKASH,Bharatiya Janata Party,50278,636
2023,Assembly,KA,KOLAR,148,4,C.M.R. SRINATH,Janata Dal  (Secular),52365,864
2023,Assembly,KA,KOLAR,148,5,S.B.SURESH,Bahujan Samaj Party,276,1
2023,Assembly,KA,KOLAR,148,6,K.R.S. INDIRA REDDY.A,Karnataka Rashtra Samithi,155,1
2023,Assembly,KA,KOLAR,148,7,C. THAMMAPPA,Samajwadi Party,55,0
2023,Assembly,KA,KOLAR,148,8,SRI. M.S.BADARINARAYANA,Republican Party of India (Athawale),86,1
2023,Assembly,KA,KOLAR,148,9,ARAVIND. G.R.,Independent,39,0
2023,Assembly,KA,KOLAR,148,10,K .S . AREEF,Independent,121,1
2023,Assembly,KA,KOLAR,148,11,AMJAD PASHA,Independent,51,1
2023,Assembly,KA,KOLAR,148,12,DEVAKUMAR.H.A,Independent,76,0
2023,Assembly,KA,KOLAR,148,13,PRAKASHA,Independent,207,1
2023,Assembly,KA,KOLAR,148,14,BYREDDY. T,Independent,173,3
2023,Assembly,KA,KOLAR,148,15,D V MANJUNATHA,Independent,199,1
2023,Assembly,KA,KOLAR,148,16,M. RAMESHA,Independent,139,0
2023,Assembly,KA,KOLAR,148,17,G.VENKATACHALAPATHI,Independent,447,0
2023,Assembly,KA,KOLAR,148,18,S. SATHISH,Independent,488,0
2023,Assembly,KA,KOLAR,148,19,NOTA,None of the Above,991,14
2023,Assembly,KA,MALUR,149,1,K.Y.NANJEGOWDA,Indian National Congress,50485,470
2023,Assembly,KA,MALUR,149,2,K.S.MANJUNATHAGOWDA,Bharatiya Janata Party,50274,433
2023,Assembly,KA,MALUR,149,3,VADAGANAHALLI N.RAMESHA,Bahujan Samaj Party,669,2
2023,Assembly,KA,MALUR,149,4,RAVISHANKAR.M,Aam Aadmi Party,708,0
2023,Assembly,KA,MALUR,149,5,G.E.RAMEGOWDA,Janata Dal  (Secular),17433,194
2023,Assembly,KA,MALUR,149,6,K.R.S MAHESH A.V,Karnataka Rashtra Samithi,154,0
2023,Assembly,KA,MALUR,149,7,VENKATESH GOWDA.B.G,Sanyukt Vikas Party,96,0
2023,Assembly,KA,MALUR,149,8,JAYAMMA,Independent,77,0
2023,Assembly,KA,MALUR,149,9,N. DEAVANANDA BABU,Independent,54,0
2023,Assembly,KA,MALUR,149,10,K.NAGESH,Independent,35,3
2023,Assembly,KA,MALUR,149,11,NARAYANAMMA,Independent,102,0
2023,Assembly,KA,MALUR,149,12,H. R. RAMEGOWDA,Independent,280,1
2023,Assembly,KA,MALUR,149,13,M.VIJAYA KUMAR,Independent,1364,6
2023,Assembly,KA,MALUR,149,14,HOODI VIJAYAKUMAR,Independent,48986,376
2023,Assembly,KA,MALUR,149,15,SURESH KEMPANNA,Independent,443,0
2023,Assembly,KA,MALUR,149,16,NOTA,None of the Above,643,4
2023,Assembly,KA,YELAHANKA,150,1,KESHAVA RAJANNA B,Indian National Congress,77148,280
2023,Assembly,KA,YELAHANKA,150,2,MUNEGOWDA M,Janata Dal  (Secular),44292,199
2023,Assembly,KA,YELAHANKA,150,3,P MANJUNATHA,Aam Aadmi Party,1592,5
2023,Assembly,KA,YELAHANKA,150,4,S R VISHWANATH,Bharatiya Janata Party,140526,1012
2023,Assembly,KA,YELAHANKA,150,5,SANDEEP MARASANDRA MUNIYAPPA,Bahujan Samaj Party,937,3
2023,Assembly,KA,YELAHANKA,150,6,ASHWATH M M,Uttama Prajaakeeya Party,2931,13
2023,Assembly,KA,YELAHANKA,150,7,T R NARAYANA RAO,Indian Labour Party (Ambedkar Phule),141,1
2023,Assembly,KA,YELAHANKA,150,8,MUNIRAJU M,Rashtriya Janahita Party,115,0
2023,Assembly,KA,YELAHANKA,150,9,RAGHU NANDANA J P,Karnataka Rashtra Samithi,357,1
2023,Assembly,KA,YELAHANKA,150,10,VISHAL GOWDA,Sanyukt Vikas Party,111,1
2023,Assembly,KA,YELAHANKA,150,11,BHAGYA N,Independent,190,1
2023,Assembly,KA,YELAHANKA,150,12,MUNEGOWDA N,Independent,138,1
2023,Assembly,KA,YELAHANKA,150,13,B M MUNEGOWDA,Independent,182,1
2023,Assembly,KA,YELAHANKA,150,14,MUNEGOWDA V,Independent,192,1
2023,Assembly,KA,YELAHANKA,150,15,K RAMESH,Independent,181,0
2023,Assembly,KA,YELAHANKA,150,16,B LAKSHMAIAH,Independent,362,0
2023,Assembly,KA,YELAHANKA,150,17,S V VISHWANATH,Independent,557,3
2023,Assembly,KA,YELAHANKA,150,18,VISHWANATH H J,Independent,334,1
2023,Assembly,KA,YELAHANKA,150,19,SANDESH G,Independent,270,1
2023,Assembly,KA,YELAHANKA,150,20,HEMRAJ Y C (Y.V.C.RAJU),Independent,489,0
2023,Assembly,KA,YELAHANKA,150,21,NOTA,None of the Above,2214,24
2023,Assembly,KA,K.R. PURA,151,1,DR J S KESHAVA KUMAR,Aam Aadmi Party,2292,27
2023,Assembly,KA,K.R. PURA,151,2,M NANJEGOWDA,Communist Party of India  (Marxist),1215,5
2023,Assembly,KA,K.R. PURA,151,3,B. A. BASAVARAJA,Bharatiya Janata Party,139328,597
2023,Assembly,KA,K.R. PURA,151,4,D K MOHAN,Indian National Congress,115243,381
2023,Assembly,KA,K.R. PURA,151,5,C Venkatachalapathi,Janata Dal  (Secular),1955,20
2023,Assembly,KA,K.R. PURA,151,6,P P APPANNA,Communist Party of India  (Marxist-Leninist)  (Liberation),227,0
2023,Assembly,KA,K.R. PURA,151,7,AROGYASWAMY,Karnataka Rashtra Samithi,392,1
2023,Assembly,KA,K.R. PURA,151,8,M P JAGANATHA RAO,Jana Spandana Party,151,0
2023,Assembly,KA,K.R. PURA,151,9,MADESHA N,Uttama Prajaakeeya Party,2206,9
2023,Assembly,KA,K.R. PURA,151,10,N SRINIVAS,Jai Maha Bharath Party,153,2
2023,Assembly,KA,K.R. PURA,151,11,JAYALAKSHMI M,Independent,467,4
2023,Assembly,KA,K.R. PURA,151,12,SHIVA C,Independent,389,2
2023,Assembly,KA,K.R. PURA,151,13,NOTA,None of the Above,4377,19
2023,Assembly,KA,BYATARAYANAPURA,152,1,KRISHNA BYREGOWDA,Indian National Congress,159781,401
2023,Assembly,KA,BYATARAYANAPURA,152,2,GIRISH K,Aam Aadmi Party,1267,4
2023,Assembly,KA,BYATARAYANAPURA,152,3,THAMMESH GOWDA H C,Bharatiya Janata Party,121531,447
2023,Assembly,KA,BYATARAYANAPURA,152,4,NAGARAJ GOWDA P,Janata Dal  (Secular),4356,9
2023,Assembly,KA,BYATARAYANAPURA,152,5,NAZIR AHMED,Indian Labour Party (Ambedkar Phule),110,0
2023,Assembly,KA,BYATARAYANAPURA,152,6,PRATAP R,Karnataka Rashtra Samithi,315,0
2023,Assembly,KA,BYATARAYANAPURA,152,7,MAQSOOD AHMED,Navarang Congress Party,46,0
2023,Assembly,KA,BYATARAYANAPURA,152,8,MANJUNATHA CHARI K,Rashtriya Janahita Party,64,0
2023,Assembly,KA,BYATARAYANAPURA,152,9,BRIGADIER RAVI MUNISWAMY,Sarvajanika Adarsha Sena,307,0
2023,Assembly,KA,BYATARAYANAPURA,152,10,RAHEEM K.R. HALLI,Uttama Prajaakeeya Party,1484,6
2023,Assembly,KA,BYATARAYANAPURA,152,11,RANJITHA N,Akhil Bharat Hindu Mahasabha,119,1
2023,Assembly,KA,BYATARAYANAPURA,152,12,SAMPOORNA GOWDA,Samajwadi Party,172,3
2023,Assembly,KA,BYATARAYANAPURA,152,13,KALID KHAN,Independent,104,0
2023,Assembly,KA,BYATARAYANAPURA,152,14,T DASAPPA,Independent,131,0
2023,Assembly,KA,BYATARAYANAPURA,152,15,NAGARAJA G,Independent,92,1
2023,Assembly,KA,BYATARAYANAPURA,152,16,RAMESH M,Independent,586,1
2023,Assembly,KA,BYATARAYANAPURA,152,17,VENKATRAMU K V,Independent,553,0
2023,Assembly,KA,BYATARAYANAPURA,152,18,NOTA,None of the Above,2378,5
2023,Assembly,KA,YESHVANTHAPURA,153,1,GOVINDAIAH,Bahujan Samaj Party,914,6
2023,Assembly,KA,YESHVANTHAPURA,153,2,T.N.JAVARAYI GOWDA,Janata Dal  (Secular),153557,474
2023,Assembly,KA,YESHVANTHAPURA,153,3,S. BALRAJ GOWDA,Indian National Congress,21570,114
2023,Assembly,KA,YESHVANTHAPURA,153,4,SHASHIDHAR. C. ARADHYA,Aam Aadmi Party,2195,4
2023,Assembly,KA,YESHVANTHAPURA,153,5,S.T. SOMASHEKAR,Bharatiya Janata Party,168485,664
2023,Assembly,KA,YESHVANTHAPURA,153,6,UDAY KUMAR,Uttama Prajaakeeya Party,4285,13
2023,Assembly,KA,YESHVANTHAPURA,153,7,NAGARAJ .K.S.,Samajwadi Party,221,1
2023,Assembly,KA,YESHVANTHAPURA,153,8,NAGARAJU .C.R,Bharatiya Prajagala Kalyana Paksha,196,0
2023,Assembly,KA,YESHVANTHAPURA,153,9,RAVIKUMAR. V.,Karnataka Rashtra Samithi,531,1
2023,Assembly,KA,YESHVANTHAPURA,153,10,SHAKILA BANU,Young Star Empowerment Party,162,2
2023,Assembly,KA,YESHVANTHAPURA,153,11,ABHAYA SHEELA,Rashtriya Samaj Dal (R),252,0
2023,Assembly,KA,YESHVANTHAPURA,153,12,G.UDAYASHANKAR,Independent,539,0
2023,Assembly,KA,YESHVANTHAPURA,153,13,H.K.SHASHIREKHA,Independent,235,2
2023,Assembly,KA,YESHVANTHAPURA,153,14,HAMSA RAVIKUMAR,Independent,630,1
2023,Assembly,KA,YESHVANTHAPURA,153,15,NOTA,None of the Above,2845,12
2023,Assembly,KA,RAJARAJESHWARINAGAR,154,1,ANANTHA SUBHASH CHANDRA,Aam Aadmi Party,1186,5
2023,Assembly,KA,RAJARAJESHWARINAGAR,154,2,KUSUMA .H,Indian National Congress,115640,498
2023,Assembly,KA,RAJARAJESHWARINAGAR,154,3,N. NAGARAJU,Bahujan Samaj Party,677,4
2023,Assembly,KA,RAJARAJESHWARINAGAR,154,4,DR. V.NARAYANA SWAMY,Janata Dal  (Secular),7748,47
2023,Assembly,KA,RAJARAJESHWARINAGAR,154,5,MUNIRATHNA,Bharatiya Janata Party,127247,733
2023,Assembly,KA,RAJARAJESHWARINAGAR,154,6,S. CHANDRASHEKHAR,Karnataka Rashtra Samithi,551,2
2023,Assembly,KA,RAJARAJESHWARINAGAR,154,7,GNANAMURTHY V,Socialist Unity Centre Of India (COMMUNIST),191,2
2023,Assembly,KA,RAJARAJESHWARINAGAR,154,8,MANJUNATHA M,Uttama Prajaakeeya Party,4107,11
2023,Assembly,KA,RAJARAJESHWARINAGAR,154,9,LAKSHMI,Janata Dal  (United),125,0
2023,Assembly,KA,RAJARAJESHWARINAGAR,154,10,M. LINGARAJU,Jai Maha Bharath Party,96,0
2023,Assembly,KA,RAJARAJESHWARINAGAR,154,11,AREEF PASHA,Independent,153,1
2023,Assembly,KA,RAJARAJESHWARINAGAR,154,12,A. KALAPPA,Independent,129,0
2023,Assembly,KA,RAJARAJESHWARINAGAR,154,13,H. RUKMINI,Independent,223,0
2023,Assembly,KA,RAJARAJESHWARINAGAR,154,14,SUBHASH S,Independent,325,4
2023,Assembly,KA,RAJARAJESHWARINAGAR,154,15,NOTA,None of the Above,2978,18
2023,Assembly,KA,DASARAHALLI,155,1,KIRTHAN KUMAR MANJAPPA,Aam Aadmi Party,4466,20
2023,Assembly,KA,DASARAHALLI,155,2,POOJARI CHIKKANNA,Bahujan Samaj Party,668,2
2023,Assembly,KA,DASARAHALLI,155,3,G. DHANANJAYA,Indian National Congress,43425,94
2023,Assembly,KA,DASARAHALLI,155,4,S. MUNIRAJU,Bharatiya Janata Party,90901,388
2023,Assembly,KA,DASARAHALLI,155,5,R. MANJUNATHA,Janata Dal  (Secular),81666,429
2023,Assembly,KA,DASARAHALLI,155,6,ASHWATH KUMAR,Uttama Prajaakeeya Party,3359,6
2023,Assembly,KA,DASARAHALLI,155,7,ESHWARAIAH K. S.,Lok Shakti,222,0
2023,Assembly,KA,DASARAHALLI,155,8,SHREEKUMAR. T.,Karnataka Rashtra Samithi,369,1
2023,Assembly,KA,DASARAHALLI,155,9,M. SNEHA,Indian Movement Party,122,0
2023,Assembly,KA,DASARAHALLI,155,10,KALPANA. A. V,Independent,121,0
2023,Assembly,KA,DASARAHALLI,155,11,N. MANJUNATHA,Independent,296,0
2023,Assembly,KA,DASARAHALLI,155,12,MANJUNATH R.,Independent,317,2
2023,Assembly,KA,DASARAHALLI,155,13,R. MANJUNATHA,Independent,249,3
2023,Assembly,KA,DASARAHALLI,155,14,SAVITHA T. P.,Independent,185,0
2023,Assembly,KA,DASARAHALLI,155,15,SUMANTH P. N.,Independent,151,0
2023,Assembly,KA,DASARAHALLI,155,16,NOTA,None of the Above,2171,8
2023,Assembly,KA,MAHALAKSHMI LAYOUT,156,1,KESHAVAMURTHY S,Indian National Congress,45100,159
2023,Assembly,KA,MAHALAKSHMI LAYOUT,156,2,K. GOPALAIAH,Bharatiya Janata Party,95967,457
2023,Assembly,KA,MAHALAKSHMI LAYOUT,156,3,N. NARAYANASWAMY,Bahujan Samaj Party,440,2
2023,Assembly,KA,MAHALAKSHMI LAYOUT,156,4,K C RAJANNA,Janata Dal  (Secular),9202,39
2023,Assembly,KA,MAHALAKSHMI LAYOUT,156,5,SHANTHALA DAMLE,Aam Aadmi Party,1593,7
2023,Assembly,KA,MAHALAKSHMI LAYOUT,156,6,MELROY AMIT REBELLO,Karnataka Rashtra Samithi,252,3
2023,Assembly,KA,MAHALAKSHMI LAYOUT,156,7,ASWATHA,Indian Movement Party,82,1
2023,Assembly,KA,MAHALAKSHMI LAYOUT,156,8,CHETAN. R,Desh Prem Party,97,0
2023,Assembly,KA,MAHALAKSHMI LAYOUT,156,9,S. MURALI,Akhil Bharat Hindu Mahasabha,125,0
2023,Assembly,KA,MAHALAKSHMI LAYOUT,156,10,LAKSHMINARAYANA M R,Uttama Prajaakeeya Party,2848,5
2023,Assembly,KA,MAHALAKSHMI LAYOUT,156,11,SRINIVASAMURTHY,Karnataka Pragnyavantha Janatha Party,111,1
2023,Assembly,KA,MAHALAKSHMI LAYOUT,156,12,N GIRISH GOWDA,Independent,325,1
2023,Assembly,KA,MAHALAKSHMI LAYOUT,156,13,NOTA,None of the Above,2279,7
2023,Assembly,KA,MALLESHWARAM,157,1,ANOOP IYENGAR,Indian National Congress,39104,200
2023,Assembly,KA,MALLESHWARAM,157,2,ABDUL SUHAIL AHMED,Bahujan Samaj Party,216,3
2023,Assembly,KA,MALLESHWARAM,157,3,DR ASHWATH NARAYAN C N,Bharatiya Janata Party,79788,818
2023,Assembly,KA,MALLESHWARAM,157,4,UTHKARSH A,Janata Dal  (Secular),2640,17
2023,Assembly,KA,MALLESHWARAM,157,5,SUNIL HEBBI,National People's Party,96,0
2023,Assembly,KA,MALLESHWARAM,157,6,SUMAN,Aam Aadmi Party,792,8
2023,Assembly,KA,MALLESHWARAM,157,7,KRISHNAIAH,Rashtriya Samaj Dal (R),81,0
2023,Assembly,KA,MALLESHWARAM,157,8,RAJESH B,Karnataka Rashtra Samithi,232,4
2023,Assembly,KA,MALLESHWARAM,157,9,SANTOSH S,Bharatiya Prajagala Kalyana Paksha,89,3
2023,Assembly,KA,MALLESHWARAM,157,10,K M FAYAZ AHMED,Independent,133,0
2023,Assembly,KA,MALLESHWARAM,157,11,MANU KUMAR,Independent,190,0
2023,Assembly,KA,MALLESHWARAM,157,12,NOTA,None of the Above,2068,11
2023,Assembly,KA,HEBBAL,158,1,Aslam Jamsheed Khan,Bahujan Samaj Party,295,0
2023,Assembly,KA,HEBBAL,158,2,Jagdeesha Katta K S,Bharatiya Janata Party,60651,433
2023,Assembly,KA,HEBBAL,158,3,K S Manjunath Naidu,Aam Aadmi Party,1019,7
2023,Assembly,KA,HEBBAL,158,4,Suresha B S,Indian National Congress,91474,364
2023,Assembly,KA,HEBBAL,158,5,Syed Mohid Altaf,Janata Dal  (Secular),1599,5
2023,Assembly,KA,HEBBAL,158,6,Anjan Kumar Gowda S,Indian New Congress Party,123,0
2023,Assembly,KA,HEBBAL,158,7,Kumara S,Uttama Prajaakeeya Party,710,1
2023,Assembly,KA,HEBBAL,158,8,Ganesh C,Karnataka Rashtra Samithi,79,1
2023,Assembly,KA,HEBBAL,158,9,Perumal S,Akhil Bharat Hindu Mahasabha,81,0
2023,Assembly,KA,HEBBAL,158,10,Ramesh Jagathap,Sarvajanika Adarsha Sena,115,0
2023,Assembly,KA,HEBBAL,158,11,Jagadish T S,Independent,72,2
2023,Assembly,KA,HEBBAL,158,12,Ramu S,Independent,112,1
2023,Assembly,KA,HEBBAL,158,13,N M Santhosh Kumar,Independent,200,0
2023,Assembly,KA,HEBBAL,158,14,Hussain Saheb,Independent,148,1
2023,Assembly,KA,HEBBAL,158,15,NOTA,None of the Above,1631,8
2023,Assembly,KA,PULAKESHINAGAR,159,1,AKANDA SRINIVASA MURTHY R,Bahujan Samaj Party,25081,25
2023,Assembly,KA,PULAKESHINAGAR,159,2,ANURADHA V,Janata Dal  (Secular),836,8
2023,Assembly,KA,PULAKESHINAGAR,159,3,A MURALI,Bharatiya Janata Party,10585,39
2023,Assembly,KA,PULAKESHINAGAR,159,4,A C SRINIVASA,Indian National Congress,87214,102
2023,Assembly,KA,PULAKESHINAGAR,159,5,SURESH RATHOD,Aam Aadmi Party,692,2
2023,Assembly,KA,PULAKESHINAGAR,159,6,KARTHIK A,Janata Dal  (United),94,0
2023,Assembly,KA,PULAKESHINAGAR,159,7,SUNSTAR D JAIRAM,Gareeb Aadmi Party,97,1
2023,Assembly,KA,PULAKESHINAGAR,159,8,B R BHASKAR PRASAD,Social Democratic Party Of India,4102,0
2023,Assembly,KA,PULAKESHINAGAR,159,9,MOHAN KUMAR,Karnataka Rashtra Samithi,66,0
2023,Assembly,KA,PULAKESHINAGAR,159,10,R MOHAN RAJU,Republican Party of India (Karnataka),49,1
2023,Assembly,KA,PULAKESHINAGAR,159,11,A CHANDRA KUMAR,Independent,81,1
2023,Assembly,KA,PULAKESHINAGAR,159,12,NIRANJAN D RAJ,Independent,68,0
2023,Assembly,KA,PULAKESHINAGAR,159,13,PRIYA,Independent,220,3
2023,Assembly,KA,PULAKESHINAGAR,159,14,SHAKTIVELU,Independent,183,0
2023,Assembly,KA,PULAKESHINAGAR,159,15,V J SANJAY KUMAR,Independent,129,0
2023,Assembly,KA,PULAKESHINAGAR,159,16,NOTA,None of the Above,1186,4
2023,Assembly,KA,SARVAGNANAGAR,160,1,KELACHANDRA JOSEPH GEORGE,Indian National Congress,118558,225
2023,Assembly,KA,SARVAGNANAGAR,160,2,KEMPURAJAN,National People's Party,391,2
2023,Assembly,KA,SARVAGNANAGAR,160,3,PADMANABHA REDDY,Bharatiya Janata Party,62821,194
2023,Assembly,KA,SARVAGNANAGAR,160,4,MOHAMED IBRAHIM,Aam Aadmi Party,1485,3
2023,Assembly,KA,SARVAGNANAGAR,160,5,MOHAMMED MUSTAFA,Janata Dal  (Secular),3831,8
2023,Assembly,KA,SARVAGNANAGAR,160,6,ABDUL HANNAN,Social Democratic Party Of India,2994,1
2023,Assembly,KA,SARVAGNANAGAR,160,7,S UMASHANKAR,Karnataka Rashtra Samithi,146,2
2023,Assembly,KA,SARVAGNANAGAR,160,8,MAHABOOB PASHA,Tipu Sultan Party,61,0
2023,Assembly,KA,SARVAGNANAGAR,160,9,MYNAVATHI,Janata Dal  (United),84,1
2023,Assembly,KA,SARVAGNANAGAR,160,10,MODI SAIFULLA,Samajwadi Party,104,0
2023,Assembly,KA,SARVAGNANAGAR,160,11,SHIVAKUMAR,Uttama Prajaakeeya Party,609,3
2023,Assembly,KA,SARVAGNANAGAR,160,12,DILIP KUMAR,Independent,175,2
2023,Assembly,KA,SARVAGNANAGAR,160,13,YESU GERARD P,Independent,110,1
2023,Assembly,KA,SARVAGNANAGAR,160,14,VASANTH KUMAR E,Independent,374,0
2023,Assembly,KA,SARVAGNANAGAR,160,15,SHEELA B N,Independent,302,1
2023,Assembly,KA,SARVAGNANAGAR,160,16,NOTA,None of the Above,2109,7
2023,Assembly,KA,C.V. RAMAN NAGAR,161,1,ANAND KUMAR. S,Indian National Congress,52602,231
2023,Assembly,KA,C.V. RAMAN NAGAR,161,2,ANJI. V.,Bahujan Samaj Party,335,2
2023,Assembly,KA,C.V. RAMAN NAGAR,161,3,MOHAN DASARI,Aam Aadmi Party,2953,14
2023,Assembly,KA,C.V. RAMAN NAGAR,161,4,S. RAGHU,Bharatiya Janata Party,68848,380
2023,Assembly,KA,C.V. RAMAN NAGAR,161,5,CHAITRA. G,Uttama Prajaakeeya Party,885,7
2023,Assembly,KA,C.V. RAMAN NAGAR,161,6,DR. MANJUNATHA. S.,Karnataka Rashtra Samithi,173,2
2023,Assembly,KA,C.V. RAMAN NAGAR,161,7,M. RAJENDRA,Republican Party of India,132,0
2023,Assembly,KA,C.V. RAMAN NAGAR,161,8,S. CHANDRA SHEKAR,Independent,165,6
2023,Assembly,KA,C.V. RAMAN NAGAR,161,9,P. RAMESH,Independent,448,0
2023,Assembly,KA,C.V. RAMAN NAGAR,161,10,RAKESH KUMAR,Independent,143,0
2023,Assembly,KA,C.V. RAMAN NAGAR,161,11,NOTA,None of the Above,1982,17
2023,Assembly,KA,SHIVAJINAGAR,162,1,CHANDRA.N.,Bharatiya Janata Party,41531,188
2023,Assembly,KA,SHIVAJINAGAR,162,2,PRAKASH NEDUNGADI,Aam Aadmi Party,1624,10
2023,Assembly,KA,SHIVAJINAGAR,162,3,RIZWAN ARSHAD,Indian National Congress,64729,184
2023,Assembly,KA,SHIVAJINAGAR,162,4,B  K PRASAD,"Proutist Bloc, India",174,2
2023,Assembly,KA,SHIVAJINAGAR,162,5,MOHTHASHEM ALI KHAN,Karnataka Karmikara Paksha,61,1
2023,Assembly,KA,SHIVAJINAGAR,162,6,HABEEB SAB,Karnataka Rashtra Samithi,59,0
2023,Assembly,KA,SHIVAJINAGAR,162,7,ANWAR BASHA,Independent,52,0
2023,Assembly,KA,SHIVAJINAGAR,162,8,JAMEEL AHMED,Independent,22,0
2023,Assembly,KA,SHIVAJINAGAR,162,9,TANVEER AHMED,Independent,60,0
2023,Assembly,KA,SHIVAJINAGAR,162,10,MOHAMMED HANEEF,Independent,53,1
2023,Assembly,KA,SHIVAJINAGAR,162,11,M RAFEEQ AHMED,Independent,51,0
2023,Assembly,KA,SHIVAJINAGAR,162,12,ROBERT CLIVE,Independent,124,6
2023,Assembly,KA,SHIVAJINAGAR,162,13,SHANAWAZ AHMED,Independent,46,0
2023,Assembly,KA,SHIVAJINAGAR,162,14,SARAVANAN S,Independent,121,1
2023,Assembly,KA,SHIVAJINAGAR,162,15,M SADIQ ALI,Independent,112,0
2023,Assembly,KA,SHIVAJINAGAR,162,16,NOTA,None of the Above,1224,11
2023,Assembly,KA,SHANTI NAGAR,163,1,MATHAI . K,Aam Aadmi Party,1594,10
2023,Assembly,KA,SHANTI NAGAR,163,2,H MANJUNATH,Janata Dal  (Secular),820,5
2023,Assembly,KA,SHANTI NAGAR,163,3,K SHIVAKUMAR,Bharatiya Janata Party,53717,188
2023,Assembly,KA,SHANTI NAGAR,163,4,SATISH CHANDRA .M,Bahujan Samaj Party,298,3
2023,Assembly,KA,SHANTI NAGAR,163,5,N. A. HARIS,Indian National Congress,60787,243
2023,Assembly,KA,SHANTI NAGAR,163,6,ANTHONY A SANTHOSH,Indian Christian Front,231,2
2023,Assembly,KA,SHANTI NAGAR,163,7,D.RUBEN MOSES,All India Mahila Empowerment Party,240,0
2023,Assembly,KA,SHANTI NAGAR,163,8,ROWLAND SOANS A,Karnataka Rashtra Samithi,138,0
2023,Assembly,KA,SHANTI NAGAR,163,9,SYED ASIF BUKHARI,Bharatiya Prajagala Kalyana Paksha,107,0
2023,Assembly,KA,SHANTI NAGAR,163,10,K NATARAJU,Independent,104,0
2023,Assembly,KA,SHANTI NAGAR,163,11,NOTA,None of the Above,1481,2
2023,Assembly,KA,GANDHI NAGAR,164,1,S GOPINATH,Aam Aadmi Party,732,1
2023,Assembly,KA,GANDHI NAGAR,164,2,DINESH GUNDU RAO,Indian National Congress,53980,138
2023,Assembly,KA,GANDHI NAGAR,164,3,V NARAYANASWAMY,Janata Dal  (Secular),12832,25
2023,Assembly,KA,GANDHI NAGAR,164,4,SAPTHAGIRI GOWDA A R,Bharatiya Janata Party,53867,146
2023,Assembly,KA,GANDHI NAGAR,164,5,ARUN KUMAR D,Indian Movement Party,239,0
2023,Assembly,KA,GANDHI NAGAR,164,6,KRISHNAIAH,Rashtriya Samaj Dal (R),102,0
2023,Assembly,KA,GANDHI NAGAR,164,7,S M DIVAKAR,Republican Party of India (Athawale),323,2
2023,Assembly,KA,GANDHI NAGAR,164,8,PRAKASH K,Karnataka Rashtra Samithi,313,3
2023,Assembly,KA,GANDHI NAGAR,164,9,PRASHANTH KUMAR,Janahitha Paksha,70,0
2023,Assembly,KA,GANDHI NAGAR,164,10,BASAVARAJA M D,Uttama Prajaakeeya Party,745,1
2023,Assembly,KA,GANDHI NAGAR,164,11,K STEPHEN,All India Mahila Empowerment Party,88,1
2023,Assembly,KA,GANDHI NAGAR,164,12,KRISSHNAIAH SETTY ES EN  MALURU,Independent,6862,9
2023,Assembly,KA,GANDHI NAGAR,164,13,G GAJENDRA,Independent,135,0
2023,Assembly,KA,GANDHI NAGAR,164,14,PUSHPA RANI S,Independent,122,1
2023,Assembly,KA,GANDHI NAGAR,164,15,P BASAPPACHAR,Independent,180,0
2023,Assembly,KA,GANDHI NAGAR,164,16,NOTA,None of the Above,1689,3
2023,Assembly,KA,RAJAJI NAGAR,165,1,DR ANJANAPPA.T.H.,Janata Dal  (Secular),4038,43
2023,Assembly,KA,RAJAJI NAGAR,165,2,B.T.NAGANNA,Aam Aadmi Party,696,5
2023,Assembly,KA,RAJAJI NAGAR,165,3,PUTTANNA,Indian National Congress,50306,258
2023,Assembly,KA,RAJAJI NAGAR,165,4,S.SURESH KUMAR,Bharatiya Janata Party,58220,404
2023,Assembly,KA,RAJAJI NAGAR,165,5,AKSHAY.K.,Karnataka Rashtra Samithi,281,0
2023,Assembly,KA,RAJAJI NAGAR,165,6,CHETHAN VASHISTA.B.S,Rashtriya Samaj Dal (R),37,1
2023,Assembly,KA,RAJAJI NAGAR,165,7,BHAVYA  S.B,Indian Movement Party,90,3
2023,Assembly,KA,RAJAJI NAGAR,165,8,MOHAN KUMAR.K.,Uttama Prajaakeeya Party,1212,1
2023,Assembly,KA,RAJAJI NAGAR,165,9,RAMA T.C.,Socialist Unity Centre Of India (COMMUNIST),80,3
2023,Assembly,KA,RAJAJI NAGAR,165,10,SHIVAKUMAR BHADRAIAH,Janata Dal  (United),85,0
2023,Assembly,KA,RAJAJI NAGAR,165,11,ABHIMANI NARENDRA,Independent,53,1
2023,Assembly,KA,RAJAJI NAGAR,165,12,NARASIMHALU.M,Independent,41,1
2023,Assembly,KA,RAJAJI NAGAR,165,13,NAGARAJA.H.N,Independent,109,2
2023,Assembly,KA,RAJAJI NAGAR,165,14,PANDURANGAN.S,Independent,128,0
2023,Assembly,KA,RAJAJI NAGAR,165,15,PUTTANNA,Independent,142,2
2023,Assembly,KA,RAJAJI NAGAR,165,16,MAHESH RAJASHEKAR,Independent,129,0
2023,Assembly,KA,RAJAJI NAGAR,165,17,LINGARAJU,Independent,54,0
2023,Assembly,KA,RAJAJI NAGAR,165,18,SUHAIL AHMED,Independent,62,0
2023,Assembly,KA,RAJAJI NAGAR,165,19,NOTA,None of the Above,1695,5
2023,Assembly,KA,GOVINDRAJ NAGAR,166,1,K. UMESH SHETTY,Bharatiya Janata Party,69147,471
2023,Assembly,KA,GOVINDRAJ NAGAR,166,2,ANJANA GOWDA,Aam Aadmi Party,446,6
2023,Assembly,KA,GOVINDRAJ NAGAR,166,3,PARVEEZ KHAN. P,Bahujan Samaj Party,162,1
2023,Assembly,KA,GOVINDRAJ NAGAR,166,4,R PRAKASH,Janata Dal  (Secular),4547,36
2023,Assembly,KA,GOVINDRAJ NAGAR,166,5,PRIYAKRISHNA,Indian National Congress,81663,471
2023,Assembly,KA,GOVINDRAJ NAGAR,166,6,BALAKRISHNA. M,Uttama Prajaakeeya Party,2146,2
2023,Assembly,KA,GOVINDRAJ NAGAR,166,7,A. RAJ,Indian Movement Party,57,1
2023,Assembly,KA,GOVINDRAJ NAGAR,166,8,B R Shashikumar,Karnataka Rashtra Samithi,183,0
2023,Assembly,KA,GOVINDRAJ NAGAR,166,9,AMJAD KHAN,Independent,44,0
2023,Assembly,KA,GOVINDRAJ NAGAR,166,10,GOPALA,Independent,86,4
2023,Assembly,KA,GOVINDRAJ NAGAR,166,11,MOHANKUMAR. B N,Independent,141,0
2023,Assembly,KA,GOVINDRAJ NAGAR,166,12,LOHITH. M @ LOHITH GOWDA,Independent,154,0
2023,Assembly,KA,GOVINDRAJ NAGAR,166,13,S. SURESH,Independent,69,0
2023,Assembly,KA,GOVINDRAJ NAGAR,166,14,SANTHOSH KUMAR K S,Independent,111,1
2023,Assembly,KA,GOVINDRAJ NAGAR,166,15,NOTA,None of the Above,1498,6
2023,Assembly,KA,VIJAY NAGAR,167,1,M.KRISHNAPPA,Indian National Congress,79857,300
2023,Assembly,KA,VIJAY NAGAR,167,2,GULSHAN BANU,Bahujan Samaj Party,236,1
2023,Assembly,KA,VIJAY NAGAR,167,3,RAMESH BELLAMKONDA,Aam Aadmi Party,822,6
2023,Assembly,KA,VIJAY NAGAR,167,4,H RAVINDRA,Bharatiya Janata Party,72605,228
2023,Assembly,KA,VIJAY NAGAR,167,5,ARUN KUMAR.C,All India Forward Bloc,194,0
2023,Assembly,KA,VIJAY NAGAR,167,6,NARASIMHA REDDY K.L.,Karnataka Rashtra Samithi,205,1
2023,Assembly,KA,VIJAY NAGAR,167,7,N.MANJUNATH,Uttama Prajaakeeya Party,1701,5
2023,Assembly,KA,VIJAY NAGAR,167,8,RAVINDRA.A.M,Samajwadi Janata Party(Karnataka),124,0
2023,Assembly,KA,VIJAY NAGAR,167,9,AMJAD KHAN,Independent,55,0
2023,Assembly,KA,VIJAY NAGAR,167,10,KRISHNAPPA.M,Independent,92,0
2023,Assembly,KA,VIJAY NAGAR,167,11,R.NANJUNDAPPA,Independent,89,0
2023,Assembly,KA,VIJAY NAGAR,167,12,PADMAVATHI K.M,Independent,98,1
2023,Assembly,KA,VIJAY NAGAR,167,13,RAVINDRA,Independent,177,0
2023,Assembly,KA,VIJAY NAGAR,167,14,VENKATESH,Independent,164,0
2023,Assembly,KA,VIJAY NAGAR,167,15,SYED SABEER,Independent,112,0
2023,Assembly,KA,VIJAY NAGAR,167,16,NOTA,None of the Above,1637,3
2023,Assembly,KA,CHAMRAJPET,168,1,C.GOVINDARAJ,Janata Dal  (Secular),19046,40
2023,Assembly,KA,CHAMRAJPET,168,2,JAGADISH CHANDRA .C,Aam Aadmi Party,680,2
2023,Assembly,KA,CHAMRAJPET,168,3,B.Z.ZAMEER AHMED KHAN,Indian National Congress,77532,99
2023,Assembly,KA,CHAMRAJPET,168,4,NARASIMHA MURTHY,Bahujan Samaj Party,913,3
2023,Assembly,KA,CHAMRAJPET,168,5,BHASKAR RAO,Bharatiya Janata Party,23549,129
2023,Assembly,KA,CHAMRAJPET,168,6,T.R.JAGANNATHA RAO,Bharatiya Prajagala Kalyana Paksha,133,0
2023,Assembly,KA,CHAMRAJPET,168,7,PAVANKUMAR.K.J,Karnataka Rashtra Samithi,102,0
2023,Assembly,KA,CHAMRAJPET,168,8,RUKMANGADA.S,Navabharath Sena,119,1
2023,Assembly,KA,CHAMRAJPET,168,9,V.SOMASHEKAR,Uttama Prajaakeeya Party,774,5
2023,Assembly,KA,CHAMRAJPET,168,10,ASGAR A MOHEEN.S.M.,Independent,69,0
2023,Assembly,KA,CHAMRAJPET,168,11,ANAND.K.S,Independent,327,0
2023,Assembly,KA,CHAMRAJPET,168,12,DR|| SHIVAKUMAR .M,Independent,114,0
2023,Assembly,KA,CHAMRAJPET,168,13,NOTA,None of the Above,1126,4
2023,Assembly,KA,CHICKPET,169,1,ARUN PRASAD. A,Bahujan Samaj Party,230,0
2023,Assembly,KA,CHICKPET,169,2,IMRAN PASHA,Janata Dal  (Secular),1582,6
2023,Assembly,KA,CHICKPET,169,3,UDAY B. GARUDACHAR,Bharatiya Janata Party,57136,163
2023,Assembly,KA,CHICKPET,169,4,R. V. DEVRAJ,Indian National Congress,45114,72
2023,Assembly,KA,CHICKPET,169,5,BRIJESH KALAPPA,Aam Aadmi Party,595,5
2023,Assembly,KA,CHICKPET,169,6,K H NAVEEN,Karnataka Rashtra Samithi,114,1
2023,Assembly,KA,CHICKPET,169,7,M. V. VISHNU,Uttama Prajaakeeya Party,753,4
2023,Assembly,KA,CHICKPET,169,8,P. AMARNATH,Independent,60,0
2023,Assembly,KA,CHICKPET,169,9,ASGAR A MOHIN S. M.,Independent,52,0
2023,Assembly,KA,CHICKPET,169,10,C NANJUNDAPPA,Independent,137,1
2023,Assembly,KA,CHICKPET,169,11,PREETHAM KUMAR,Independent,147,0
2023,Assembly,KA,CHICKPET,169,12,K G F BABU @ YOUSUF SHARIFF,Independent,20921,10
2023,Assembly,KA,CHICKPET,169,13,M. SRINIVASA MURTHY,Independent,167,0
2023,Assembly,KA,CHICKPET,169,14,DR|| R SHEKAR THOL. THIRUMAVALAVAN,Independent,146,0
2023,Assembly,KA,CHICKPET,169,15,SUNIL SHANKAR. G,Independent,125,0
2023,Assembly,KA,CHICKPET,169,16,NOTA,None of the Above,1285,2
2023,Assembly,KA,BASAVANAGUDI,170,1,RAVI SUBRAMANYA  L.A.,Bharatiya Janata Party,78356,498
2023,Assembly,KA,BASAVANAGUDI,170,2,U.B.VENKATESH,Indian National Congress,23754,122
2023,Assembly,KA,BASAVANAGUDI,170,3,ARAMANE SHANKAR,Janata Dal  (Secular),19839,92
2023,Assembly,KA,BASAVANAGUDI,170,4,SATYALAXMI RAO,Aam Aadmi Party,762,5
2023,Assembly,KA,BASAVANAGUDI,170,5,L.JEEVAN,Karnataka Rashtra Samithi,408,1
2023,Assembly,KA,BASAVANAGUDI,170,6,DILIP.M,Jai Maha Bharath Party,75,0
2023,Assembly,KA,BASAVANAGUDI,170,7,NAGAMUNI,Swayam Krushi Party,147,1
2023,Assembly,KA,BASAVANAGUDI,170,8,Dr. RAJINI.J,Uttama Prajaakeeya Party,2186,6
2023,Assembly,KA,BASAVANAGUDI,170,9,ASHWATH KUMAR K. V.,Independent,62,1
2023,Assembly,KA,BASAVANAGUDI,170,10,SRI YOGESH,Independent,50,4
2023,Assembly,KA,BASAVANAGUDI,170,11,SHREYAS H N,Independent,113,0
2023,Assembly,KA,BASAVANAGUDI,170,12,B. S. SATHYANARAYANA.,Independent,144,4
2023,Assembly,KA,BASAVANAGUDI,170,13,NOTA,None of the Above,1649,7
2023,Assembly,KA,PADMANABA NAGAR,171,1,AJAY MAYANNA GOWDA,Aam Aadmi Party,2080,12
2023,Assembly,KA,PADMANABA NAGAR,171,2,R. ASHOKA,Bharatiya Janata Party,98174,576
2023,Assembly,KA,PADMANABA NAGAR,171,3,MANJUNATH,Janata Dal  (Secular),7829,28
2023,Assembly,KA,PADMANABA NAGAR,171,4,MOHAMMED IDRIS K S,Bahujan Samaj Party,252,0
2023,Assembly,KA,PADMANABA NAGAR,171,5,V. RAGHUNATHA NAIDU,Indian National Congress,43440,135
2023,Assembly,KA,PADMANABA NAGAR,171,6,AFSAR KHAN,Samajwadi Party,196,0
2023,Assembly,KA,PADMANABA NAGAR,171,7,DEEPAK R V,Karnataka Rashtra Samithi,289,0
2023,Assembly,KA,PADMANABA NAGAR,171,8,MANJUNATHA N,Swayam Krushi Party,224,1
2023,Assembly,KA,PADMANABA NAGAR,171,9,MOHAMMED AFZAL PASHA,Karnataka Karmikara Paksha,70,0
2023,Assembly,KA,PADMANABA NAGAR,171,10,RAKSHIT R,Uttama Prajaakeeya Party,2786,3
2023,Assembly,KA,PADMANABA NAGAR,171,11,S RAGHAVENDRA MOKSHAGUNDAM,Rashtriya Janahita Party,94,5
2023,Assembly,KA,PADMANABA NAGAR,171,12,SHIVARAMAKRISHNA B K,Kannada  Paksha,115,1
2023,Assembly,KA,PADMANABA NAGAR,171,13,RAJKATTE MANJUNATH. N,Independent,1307,7
2023,Assembly,KA,PADMANABA NAGAR,171,14,NOTA,None of the Above,2355,12
2023,Assembly,KA,B.T.M LAYOUT,172,1,THYAGARAJ,Bahujan Samaj Party,543,4
2023,Assembly,KA,B.T.M LAYOUT,172,2,RAMALINGA REDDY,Indian National Congress,68175,382
2023,Assembly,KA,B.T.M LAYOUT,172,3,M.VENKATESHA,Janata Dal  (Secular),1833,8
2023,Assembly,KA,B.T.M LAYOUT,172,4,K.R.SRIDHARA,Bharatiya Janata Party,58843,492
2023,Assembly,KA,B.T.M LAYOUT,172,5,SRINIVASA REDDY.M,Aam Aadmi Party,1047,8
2023,Assembly,KA,B.T.M LAYOUT,172,6,NAGENDRARAO,Uttama Prajaakeeya Party,971,5
2023,Assembly,KA,B.T.M LAYOUT,172,7,KRS JANANI VATHSALA,Karnataka Rashtra Samithi,406,4
2023,Assembly,KA,B.T.M LAYOUT,172,8,KIRAN KUMAR.M,Independent,82,1
2023,Assembly,KA,B.T.M LAYOUT,172,9,H.E. Krishnappa,Independent,191,0
2023,Assembly,KA,B.T.M LAYOUT,172,10,R.Sridhar,Independent,169,5
2023,Assembly,KA,B.T.M LAYOUT,172,11,N.SRIDHAR,Independent,88,0
2023,Assembly,KA,B.T.M LAYOUT,172,12,K.S.SRIDHAR,Independent,188,1
2023,Assembly,KA,B.T.M LAYOUT,172,13,NOTA,None of the Above,1781,4
2023,Assembly,KA,JAYANAGAR,173,1,B. MANIKANTA DRAVIDAR,Karnataka Rashtra Samithi,316,0
2023,Assembly,KA,JAYANAGAR,173,2,SANTHOSH B,Uttama Prajaakeeya Party,651,1
2023,Assembly,KA,JAYANAGAR,173,3,V Ravikumar,Independent,43,2
2023,Assembly,KA,JAYANAGAR,173,4,Sowmya Reddy,Indian National Congress,57591,190
2023,Assembly,KA,JAYANAGAR,173,5,Mahalakshmi C,Aam Aadmi Party,545,11
2023,Assembly,KA,JAYANAGAR,173,6,R Selvakumar,Bahujan Samaj Party,215,6
2023,Assembly,KA,JAYANAGAR,173,7,Kalegowda,Janata Dal  (Secular),1215,11
2023,Assembly,KA,JAYANAGAR,173,8,C K Ramamurthy,Bharatiya Janata Party,57297,500
2023,Assembly,KA,JAYANAGAR,173,9,Saravana S,Independent,159,1
2023,Assembly,KA,JAYANAGAR,173,10,Moula,Independent,49,0
2023,Assembly,KA,JAYANAGAR,173,11,Muneer Khan,Independent,73,0
2023,Assembly,KA,JAYANAGAR,173,12,M P Nanjesh Kumar,Independent,59,3
2023,Assembly,KA,JAYANAGAR,173,13,B Ramamurthy,Independent,191,12
2023,Assembly,KA,JAYANAGAR,173,14,Hema S Raju,Independent,90,0
2023,Assembly,KA,JAYANAGAR,173,15,Sowmya A Reddy,Independent,315,5
2023,Assembly,KA,JAYANAGAR,173,16,NOTA,None of the Above,1184,8
2023,Assembly,KA,MAHADEVAPURA,174,1,C R NATARAJ,Aam Aadmi Party,4546,5
2023,Assembly,KA,MAHADEVAPURA,174,2,H NAGESH,Indian National Congress,136875,355
2023,Assembly,KA,MAHADEVAPURA,174,3,PRASAD K C,Bahujan Samaj Party,1023,3
2023,Assembly,KA,MAHADEVAPURA,174,4,MANJULA S,Bharatiya Janata Party,181268,463
2023,Assembly,KA,MAHADEVAPURA,174,5,GOPALAKRISHNA M V,Janata Dal  (United),454,4
2023,Assembly,KA,MAHADEVAPURA,174,6,NAGARAJ R,Uttama Prajaakeeya Party,2617,10
2023,Assembly,KA,MAHADEVAPURA,174,7,SHIVAJI R LAMANI,Karnataka Rashtra Samithi,603,2
2023,Assembly,KA,MAHADEVAPURA,174,8,ANAND KUMAR N,Independent,191,1
2023,Assembly,KA,MAHADEVAPURA,174,9,S M KRISHNA,Independent,137,0
2023,Assembly,KA,MAHADEVAPURA,174,10,NATARAJ D N,Independent,123,0
2023,Assembly,KA,MAHADEVAPURA,174,11,PUTTAPPA,Independent,177,2
2023,Assembly,KA,MAHADEVAPURA,174,12,BHARATHRAJ J,Independent,269,2
2023,Assembly,KA,MAHADEVAPURA,174,13,R MANIKUMAR,Independent,200,1
2023,Assembly,KA,MAHADEVAPURA,174,14,YALLAPPA,Independent,157,0
2023,Assembly,KA,MAHADEVAPURA,174,15,RAVI J,Independent,353,0
2023,Assembly,KA,MAHADEVAPURA,174,16,NOTA,None of the Above,4758,17
2023,Assembly,KA,BOMMANAHALLI,175,1,Umapathi Babu .N,Bahujan Samaj Party,606,4
2023,Assembly,KA,BOMMANAHALLI,175,2,Umapathy Srinivasa Gowda,Indian National Congress,89168,191
2023,Assembly,KA,BOMMANAHALLI,175,3,K. Narayan Raju,Janata Dal  (Secular),3426,19
2023,Assembly,KA,BOMMANAHALLI,175,4,SATHISH REDDY .M,Bharatiya Janata Party,113195,379
2023,Assembly,KA,BOMMANAHALLI,175,5,Sitharamu,Aam Aadmi Party,1979,10
2023,Assembly,KA,BOMMANAHALLI,175,6,Nanda Reddy,Karnataka Rashtra Samithi,309,4
2023,Assembly,KA,BOMMANAHALLI,175,7,MAMATHA .R,Uttama Prajaakeeya Party,1813,6
2023,Assembly,KA,BOMMANAHALLI,175,8,Sivarama Kotegowda,Navabharath Sena,100,0
2023,Assembly,KA,BOMMANAHALLI,175,9,Abdul Khadar G. S. Y,Independent,93,1
2023,Assembly,KA,BOMMANAHALLI,175,10,Adil Pasha .S,Independent,95,1
2023,Assembly,KA,BOMMANAHALLI,175,11,Anthony Raj .J,Independent,155,3
2023,Assembly,KA,BOMMANAHALLI,175,12,Nijamuddin,Independent,198,2
2023,Assembly,KA,BOMMANAHALLI,175,13,Sathish Reddy,Independent,356,3
2023,Assembly,KA,BOMMANAHALLI,175,14,Sathish Reddy .M,Independent,461,4
2023,Assembly,KA,BOMMANAHALLI,175,15,NOTA,None of the Above,2453,3
2023,Assembly,KA,BANGALORE SOUTH,176,1,Ashok Mruthyunjaya,Aam Aadmi Party,2583,2
2023,Assembly,KA,BANGALORE SOUTH,176,2,Kiran V,Bahujan Samaj Party,772,3
2023,Assembly,KA,BANGALORE SOUTH,176,3,M Krishnappa,Bharatiya Janata Party,195564,656
2023,Assembly,KA,BANGALORE SOUTH,176,4,R K Ramesh,Indian National Congress,146252,269
2023,Assembly,KA,BANGALORE SOUTH,176,5,H P Rajagopala Reddy,Janata Dal  (Secular),24558,54
2023,Assembly,KA,BANGALORE SOUTH,176,6,Manu M M,Uttama Prajaakeeya Party,4352,8
2023,Assembly,KA,BANGALORE SOUTH,176,7,A Ravi Kumar,Republican Party of India (Athawale),416,1
2023,Assembly,KA,BANGALORE SOUTH,176,8,Vijayaraghava Marathe,Karnataka Rashtra Samithi,854,2
2023,Assembly,KA,BANGALORE SOUTH,176,9,Altin Anthony Raj,Independent,183,0
2023,Assembly,KA,BANGALORE SOUTH,176,10,Nishant Kote,Independent,271,0
2023,Assembly,KA,BANGALORE SOUTH,176,11,Raju,Independent,216,1
2023,Assembly,KA,BANGALORE SOUTH,176,12,R‌ Rajesh,Independent,409,0
2023,Assembly,KA,BANGALORE SOUTH,176,13,Shivakumar,Independent,392,2
2023,Assembly,KA,BANGALORE SOUTH,176,14,G Srinivasa,Independent,284,2
2023,Assembly,KA,BANGALORE SOUTH,176,15,NOTA,None of the Above,3997,9
2023,Assembly,KA,ANEKAL,177,1,DR. CHINNAPPA Y. CHIKKAHAGADE,Bahujan Samaj Party,1283,2
2023,Assembly,KA,ANEKAL,177,2,MUNESHA. M,Aam Aadmi Party,812,6
2023,Assembly,KA,ANEKAL,177,3,K. P. RAJU,Janata Dal  (Secular),6390,25
2023,Assembly,KA,ANEKAL,177,4,B. SHIVANNA,Indian National Congress,134435,362
2023,Assembly,KA,ANEKAL,177,5,SRINIVAS. C. HULLAHALLI,Bharatiya Janata Party,103031,441
2023,Assembly,KA,ANEKAL,177,6,ANBURAJ,Karnataka Rashtra Samithi,848,3
2023,Assembly,KA,ANEKAL,177,7,BYATARAJU. N,Republican Party of India (Athawale),321,1
2023,Assembly,KA,ANEKAL,177,8,GOWRAMMA. J,Independent,277,0
2023,Assembly,KA,ANEKAL,177,9,G. NAGARAJU,Independent,758,0
2023,Assembly,KA,ANEKAL,177,10,MUNIKRISHNAPPA MURUGA,Independent,190,0
2023,Assembly,KA,ANEKAL,177,11,M. RAMESH,Independent,163,0
2023,Assembly,KA,ANEKAL,177,12,NOTA,None of the Above,2349,5
2023,Assembly,KA,HOSAKOTE,178,1,N NAGARAJU,Bharatiya Janata Party,101597,548
2023,Assembly,KA,HOSAKOTE,178,2,PRASHANTH SUBRAMANI,Aam Aadmi Party,256,0
2023,Assembly,KA,HOSAKOTE,178,3,D M LAKSHMINARAYANA,Bahujan Samaj Party,290,0
2023,Assembly,KA,HOSAKOTE,178,4,SHARATH KUMAR BACHEGOWDA,Indian National Congress,106769,451
2023,Assembly,KA,HOSAKOTE,178,5,RAMESHA,Bahujan Bharat Party,250,0
2023,Assembly,KA,HOSAKOTE,178,6,SHARATH BACHEGOWDA,Rashtriya Janahita Party,157,0
2023,Assembly,KA,HOSAKOTE,178,7,M SHRIMATHI,Indian Movement Party,27,1
2023,Assembly,KA,HOSAKOTE,178,8,B SONNAPPA,Karnataka Rashtra Samithi,225,0
2023,Assembly,KA,HOSAKOTE,178,9,AJAY KUMAR REDDY ADALA,Independent,26,0
2023,Assembly,KA,HOSAKOTE,178,10,ANUSHA P R,Independent,25,0
2023,Assembly,KA,HOSAKOTE,178,11,J ASHOKA,Independent,12,1
2023,Assembly,KA,HOSAKOTE,178,12,EREGOWDA,Independent,26,0
2023,Assembly,KA,HOSAKOTE,178,13,AMBUJA,Independent,79,0
2023,Assembly,KA,HOSAKOTE,178,14,NAVEEN KUMAR S R,Independent,18,0
2023,Assembly,KA,HOSAKOTE,178,15,N B NAGARAJ,Independent,58,0
2023,Assembly,KA,HOSAKOTE,178,16,T NAGARAJU,Independent,203,0
2023,Assembly,KA,HOSAKOTE,178,17,G NARAYANASWAMY,Independent,1424,1
2023,Assembly,KA,HOSAKOTE,178,18,NITHISHA T D,Independent,128,0
2023,Assembly,KA,HOSAKOTE,178,19,V NITESH KUMAR,Independent,250,0
2023,Assembly,KA,HOSAKOTE,178,20,S R RAGHUNATH,Independent,463,1
2023,Assembly,KA,HOSAKOTE,178,21,SHARATH KUMAR K,Independent,64,0
2023,Assembly,KA,HOSAKOTE,178,22,H T SHASHIKUMAR,Independent,18,0
2023,Assembly,KA,HOSAKOTE,178,23,SURESHA K,Independent,21,0
2023,Assembly,KA,HOSAKOTE,178,24,NOTA,None of the Above,504,3
2023,Assembly,KA,DEVANAHALLI,179,1,NISARGA NARAYANASWAMY L.N,Janata Dal  (Secular),67990,437
2023,Assembly,KA,DEVANAHALLI,179,2,PILLA MUNISHAMAPPA,Bharatiya Janata Party,34310,94
2023,Assembly,KA,DEVANAHALLI,179,3,K.H.MUNIYAPPA,Indian National Congress,72770,288
2023,Assembly,KA,DEVANAHALLI,179,4,B.K.SHIVAPPA,Aam Aadmi Party,1092,1
2023,Assembly,KA,DEVANAHALLI,179,5,NIKHIL M.LAWYER,Karnataka Rashtra Samithi,491,0
2023,Assembly,KA,DEVANAHALLI,179,6,DEVARAJ,Independent,143,0
2023,Assembly,KA,DEVANAHALLI,179,7,NARAYANASWAMY.M,Independent,233,0
2023,Assembly,KA,DEVANAHALLI,179,8,NISARGA VENKATESH,Independent,103,0
2023,Assembly,KA,DEVANAHALLI,179,9,V.POOJAPA,Independent,111,0
2023,Assembly,KA,DEVANAHALLI,179,10,WELFARE MANJUNATHA,Independent,759,1
2023,Assembly,KA,DEVANAHALLI,179,11,B.RAMACHANDRA PRESS,Independent,236,1
2023,Assembly,KA,DEVANAHALLI,179,12,NOTA,None of the Above,1509,0
2023,Assembly,KA,DODDABALLAPUR,180,1,DHEERAJ MUNIRAJ,Bharatiya Janata Party,84445,699
2023,Assembly,KA,DODDABALLAPUR,180,2,B.L.PILLAPPA,Bahujan Samaj Party,366,0
2023,Assembly,KA,DODDABALLAPUR,180,3,PURUSHOTHAMA,Aam Aadmi Party,1356,0
2023,Assembly,KA,DODDABALLAPUR,180,4,B.MUNEGOWDA,Janata Dal  (Secular),38968,312
2023,Assembly,KA,DODDABALLAPUR,180,5,T.VENKATARAMANAIAH (APPAKARANAHALLI T.VENKATESH),Indian National Congress,53070,321
2023,Assembly,KA,DODDABALLAPUR,180,6,GANGAMMA.M,Jai Maha Bharath Party,254,0
2023,Assembly,KA,DODDABALLAPUR,180,7,A.V.NARAYANA,Samajwadi Party,111,1
2023,Assembly,KA,DODDABALLAPUR,180,8,RAVIKUMAR.M,Uttama Prajaakeeya Party,790,4
2023,Assembly,KA,DODDABALLAPUR,180,9,VENKATARAJU.G.H,Rani Chennamma Party,127,0
2023,Assembly,KA,DODDABALLAPUR,180,10,B.SHIVASHANKAR KRS,Karnataka Rashtra Samithi,247,2
2023,Assembly,KA,DODDABALLAPUR,180,11,ANANDAMURTHY.J.GOWDRU,Independent,126,0
2023,Assembly,KA,DODDABALLAPUR,180,12,KUMAR RAO,Independent,156,0
2023,Assembly,KA,DODDABALLAPUR,180,13,NOTA,None of the Above,1010,0
2023,Assembly,KA,NELAMANGALA,181,1,B.M.GANGABYLAPPA,Aam Aadmi Party,1649,1
2023,Assembly,KA,NELAMANGALA,181,2,MAHADEV P,Bahujan Samaj Party,489,1
2023,Assembly,KA,NELAMANGALA,181,3,SHREENIVASAIAH N,Indian National Congress,83991,238
2023,Assembly,KA,NELAMANGALA,181,4,Dr. K.SRINIVASAMURTHY,Janata Dal  (Secular),52017,234
2023,Assembly,KA,NELAMANGALA,181,5,SAPTHAGIRI MEGHAVATH SHANKAR NAYAK,Bharatiya Janata Party,30386,196
2023,Assembly,KA,NELAMANGALA,181,6,ARUNKUMAR B,Karnataka Rashtra Samithi,570,0
2023,Assembly,KA,NELAMANGALA,181,7,NARASIMHAMURTHY,Uttama Prajaakeeya Party,1325,2
2023,Assembly,KA,NELAMANGALA,181,8,C.HANUMANTHARAYA,Vijaya Janata Party,252,1
2023,Assembly,KA,NELAMANGALA,181,9,UMADEVI,Independent,401,3
2023,Assembly,KA,NELAMANGALA,181,10,SRINIVAS V,Independent,145,2
2023,Assembly,KA,NELAMANGALA,181,11,NOTA,None of the Above,975,4
2023,Assembly,KA,MAGADI,182,1,PRASAD GAWDA. K.R,Bharatiya Janata Party,20073,124
2023,Assembly,KA,MAGADI,182,2,H. C. BALAKRISHNA,Indian National Congress,93956,694
2023,Assembly,KA,MAGADI,182,3,A. MANJUNATH.,Janata Dal  (Secular),82281,530
2023,Assembly,KA,MAGADI,182,4,RAVI KIRAN M N,Aam Aadmi Party,952,1
2023,Assembly,KA,MAGADI,182,5,RAMANNA N.,Bahujan Samaj Party,191,1
2023,Assembly,KA,MAGADI,182,6,"ABHISHEK, K. R",Karnataka Rashtra Samithi,260,0
2023,Assembly,KA,MAGADI,182,7,NAVEEN. H.S.,Uttama Prajaakeeya Party,867,3
2023,Assembly,KA,MAGADI,182,8,"KA,RA,VE,MADEGOWDA",Samajwadi Party,47,0
2023,Assembly,KA,MAGADI,182,9,MOHAMED SALMAN,Young Star Empowerment Party,63,1
2023,Assembly,KA,MAGADI,182,10,V.C. SACHIDANANDA MURTHY,Parisara Bandhu Party,36,5
2023,Assembly,KA,MAGADI,182,11,CHANDRASHEKAR. M.R,Independent,44,1
2023,Assembly,KA,MAGADI,182,12,BALAKRISHNA,Independent,91,0
2023,Assembly,KA,MAGADI,182,13,MOHAMED RAFIULLA,Independent,611,1
2023,Assembly,KA,MAGADI,182,14,MANJUNATHA.K.R,Independent,618,1
2023,Assembly,KA,MAGADI,182,15,MANJUNATH.U,Independent,451,1
2023,Assembly,KA,MAGADI,182,16,NOTA,None of the Above,600,4
2023,Assembly,KA,RAMANAGARAM,183,1,H. A. IQBAL HUSSAIN,Indian National Congress,87285,405
2023,Assembly,KA,RAMANAGARAM,183,2,GAUTHAM MARILINGEGOWDA,Bharatiya Janata Party,12821,91
2023,Assembly,KA,RAMANAGARAM,183,3,NIKHIL KUMARASWAMY,Janata Dal  (Secular),76439,536
2023,Assembly,KA,RAMANAGARAM,183,4,BYREGOWDA. S,Aam Aadmi Party,1261,3
2023,Assembly,KA,RAMANAGARAM,183,5,V. SWAMY,Bahujan Samaj Party,342,4
2023,Assembly,KA,RAMANAGARAM,183,6,D. PUTTAMADAIAH (PRAJAKEEYA PUTTANNA),Uttama Prajaakeeya Party,857,3
2023,Assembly,KA,RAMANAGARAM,183,7,FAYAZ AHMED,Young Star Empowerment Party,78,0
2023,Assembly,KA,RAMANAGARAM,183,8,MAHABOOB PASHA,Tipu Sultan Party,86,0
2023,Assembly,KA,RAMANAGARAM,183,9,RAGHU NANDAN. R. V.,Republican Party of India (Athawale),230,4
2023,Assembly,KA,RAMANAGARAM,183,10,LOKESH. N,Indian Movement Party,96,0
2023,Assembly,KA,RAMANAGARAM,183,11,K.R.S.SHIVAKUMAR.S,Karnataka Rashtra Samithi,227,7
2023,Assembly,KA,RAMANAGARAM,183,12,SIDDAMARAIAH. S,All India Forward Bloc,180,1
2023,Assembly,KA,RAMANAGARAM,183,13,KA.RA.VE. MADEGOWDA.DM,Independent,731,0
2023,Assembly,KA,RAMANAGARAM,183,14,SURENDRA RAMANAGARA,Independent,183,0
2023,Assembly,KA,RAMANAGARAM,183,15,NOTA,None of the Above,879,1
2023,Assembly,KA,KANAKAPURA,184,1,R ASHOKA,Bharatiya Janata Party,19602,151
2023,Assembly,KA,KANAKAPURA,184,2,KRISHNA N M,Bahujan Samaj Party,1077,6
2023,Assembly,KA,KANAKAPURA,184,3,B NAGARAJU,Janata Dal  (Secular),20561,70
2023,Assembly,KA,KANAKAPURA,184,4,E PUTTARAJU,Aam Aadmi Party,1142,2
2023,Assembly,KA,KANAKAPURA,184,5,D K SHIVAKUMAR,Indian National Congress,142156,867
2023,Assembly,KA,KANAKAPURA,184,6,KEMPEGOWDA,Navabharath Sena,603,1
2023,Assembly,KA,KANAKAPURA,184,7,KRS PRASHANTH HOSADURGA,Karnataka Rashtra Samithi,396,1
2023,Assembly,KA,KANAKAPURA,184,8,MANMOHAN RAJ K N,Uttama Prajaakeeya Party,1255,3
2023,Assembly,KA,KANAKAPURA,184,9,SHRIDHARA K R,Republican Party of India (Athawale),293,3
2023,Assembly,KA,KANAKAPURA,184,10,NAGARAJU S J,Independent,146,1
2023,Assembly,KA,KANAKAPURA,184,11,MALLIKARJUNAIAH,Independent,286,2
2023,Assembly,KA,KANAKAPURA,184,12,SHIVARENUKA,Independent,512,0
2023,Assembly,KA,KANAKAPURA,184,13,NALLAHALLI SRINIVAS,Independent,307,3
2023,Assembly,KA,KANAKAPURA,184,14,SHADAKSHARI A N,Independent,236,0
2023,Assembly,KA,KANAKAPURA,184,15,SUNIL KUMAR,Independent,179,0
2023,Assembly,KA,KANAKAPURA,184,16,NOTA,None of the Above,758,4
2023,Assembly,KA,CHANNAPATNA,185,1,H.D. KUMARASWAMY,Janata Dal  (Secular),95892,700
2023,Assembly,KA,CHANNAPATNA,185,2,GANGADHAR.S,Indian National Congress,15344,30
2023,Assembly,KA,CHANNAPATNA,185,3,G.CHANDRASHEKARAIAH,Bahujan Samaj Party,934,8
2023,Assembly,KA,CHANNAPATNA,185,4,C.P. YOGESHWARA,Bharatiya Janata Party,79918,759
2023,Assembly,KA,CHANNAPATNA,185,5,C.P.SHARATH CHANDRA,Aam Aadmi Party,823,1
2023,Assembly,KA,CHANNAPATNA,185,6,PRAJAAKEEYA ABHISHEK.S,Uttama Prajaakeeya Party,677,1
2023,Assembly,KA,CHANNAPATNA,185,7,GIRISH.L,Samajwadi Party,47,0
2023,Assembly,KA,CHANNAPATNA,185,8,C.M.SHABAZ KHAN,Young Star Empowerment Party,60,0
2023,Assembly,KA,CHANNAPATNA,185,9,SHYAMALA,Karnataka Rashtra Samithi,111,3
2023,Assembly,KA,CHANNAPATNA,185,10,SYED JAVEED,Indian Movement Party,78,0
2023,Assembly,KA,CHANNAPATNA,185,11,ANDANAIAH,Independent,237,0
2023,Assembly,KA,CHANNAPATNA,185,12,KUMARA SWAMY A. C,Independent,230,2
2023,Assembly,KA,CHANNAPATNA,185,13,KRISHNA.A,Independent,499,0
2023,Assembly,KA,CHANNAPATNA,185,14,PRADEEP. T. V,Independent,128,0
2023,Assembly,KA,CHANNAPATNA,185,15,SHIVARAMASHETTY. D,Independent,204,0
2023,Assembly,KA,CHANNAPATNA,185,16,NOTA,None of the Above,1109,1
2023,Assembly,KA,MALAVALLI,186,1,Dr|| K. Annadani,Janata Dal  (Secular),59078,574
2023,Assembly,KA,MALAVALLI,186,2,M. Krishnamurthy,Bahujan Samaj Party,2249,28
2023,Assembly,KA,MALAVALLI,186,3,P.M.Narendraswamy,Indian National Congress,105413,1085
2023,Assembly,KA,MALAVALLI,186,4,Prof|| B.C.Mahadevaswamy,Aam Aadmi Party,973,7
2023,Assembly,KA,MALAVALLI,186,5,G. Muniraju,Bharatiya Janata Party,24910,206
2023,Assembly,KA,MALAVALLI,186,6,Nagaraja Murthy. C.M,Bharathiya Belaku Party,214,0
2023,Assembly,KA,MALAVALLI,186,7,Nandeesh Kumar M.,Karnataka Rashtra Samithi,257,4
2023,Assembly,KA,MALAVALLI,186,8,Annadani C.,Independent,140,2
2023,Assembly,KA,MALAVALLI,186,9,Uma. J.,Independent,329,4
2023,Assembly,KA,MALAVALLI,186,10,Madhaw Ciran. M.S,Independent,145,4
2023,Assembly,KA,MALAVALLI,186,11,Mohan Kumar.M.L,Independent,139,2
2023,Assembly,KA,MALAVALLI,186,12,Mantyalingu,Independent,255,5
2023,Assembly,KA,MALAVALLI,186,13,Sathishkumar T. N.,Independent,390,0
2023,Assembly,KA,MALAVALLI,186,14,H.B. Sudha,Independent,311,3
2023,Assembly,KA,MALAVALLI,186,15,NOTA,None of the Above,1250,6
2023,Assembly,KA,MADDUR,187,1,ANANDA,Aam Aadmi Party,1185,3
2023,Assembly,KA,MADDUR,187,2,UDAYA.K.M,Indian National Congress,86325,694
2023,Assembly,KA,MADDUR,187,3,D.C.THAMMANNA,Janata Dal  (Secular),62227,679
2023,Assembly,KA,MADDUR,187,4,SOMANAHALLI SHIVAKUMAR,Bahujan Samaj Party,660,11
2023,Assembly,KA,MADDUR,187,5,S.P.SWAMY,Bharatiya Janata Party,28650,346
2023,Assembly,KA,MADDUR,187,6,K.J.MAHESHA KOOLAGERE,Karnataka Rashtra Samithi,379,2
2023,Assembly,KA,MADDUR,187,7,CHIKKANANJACHARI,Independent,143,1
2023,Assembly,KA,MADDUR,187,8,KADALURU PRAJWALGOWDA K.S,Independent,653,0
2023,Assembly,KA,MADDUR,187,9,HALLIKERE MANOHARA,Independent,259,1
2023,Assembly,KA,MADDUR,187,10,GUDIGERE MANJUNATH,Independent,417,2
2023,Assembly,KA,MADDUR,187,11,NOTA,None of the Above,736,17
2023,Assembly,KA,MELUKOTE,188,1,ASHOKA,Aam Aadmi Party,808,1
2023,Assembly,KA,MELUKOTE,188,2,DR.INDRESH N.S.,Bharatiya Janata Party,6378,92
2023,Assembly,KA,MELUKOTE,188,3,C. S. PUTTARAJU,Janata Dal  (Secular),79424,865
2023,Assembly,KA,MELUKOTE,188,4,YOGANANDAGOWDA,Bahujan Samaj Party,1153,4
2023,Assembly,KA,MELUKOTE,188,5,DHARSHAN PUTTANNAIAH,Sarvodaya Karnataka Paksha,90387,764
2023,Assembly,KA,MELUKOTE,188,6,MAHENDRA KUMAR K.R.,Karnataka Rashtra Samithi,1372,7
2023,Assembly,KA,MELUKOTE,188,7,AARYA LOKESH,Uttama Prajaakeeya Party,564,2
2023,Assembly,KA,MELUKOTE,188,8,KRISHNA.E.N.,Independent,669,0
2023,Assembly,KA,MELUKOTE,188,9,CHIKKAIAH,Independent,298,0
2023,Assembly,KA,MELUKOTE,188,10,H.NARAYANA,Independent,402,0
2023,Assembly,KA,MELUKOTE,188,11,RAVI KUMARA,Independent,213,0
2023,Assembly,KA,MELUKOTE,188,12,NOTA,None of the Above,475,5
2023,Assembly,KA,MANDYA,189,1,ASHOK S.D JAYARAM,Bharatiya Janata Party,30240,421
2023,Assembly,KA,MANDYA,189,2,BUDANURU BOMMAIAH,Aam Aadmi Party,960,0
2023,Assembly,KA,MANDYA,189,3,RAVIKUMAR GOWDA (GANIGA),Indian National Congress,60845,566
2023,Assembly,KA,MANDYA,189,4,B.R. RAMACHANDRA,Janata Dal  (Secular),58996,396
2023,Assembly,KA,MANDYA,189,5,SHIVASHANKARA .S,Bahujan Samaj Party,813,25
2023,Assembly,KA,MANDYA,189,6,NAGARAJ GAVIGOWDA,Karnataka Rashtra Samithi,217,0
2023,Assembly,KA,MANDYA,189,7,MADHUCHANDAN ORGANIC,Sarvodaya Karnataka Paksha,2426,12
2023,Assembly,KA,MANDYA,189,8,M.P. VISHWA PUTTAIAH,Republican Party of India (Athawale),126,0
2023,Assembly,KA,MANDYA,189,9,SUVARNA,Aihra National Party,95,0
2023,Assembly,KA,MANDYA,189,10,C.M. KRISHNA,Independent,147,4
2023,Assembly,KA,MANDYA,189,11,M.J. CHIKKANNA LAVANYA RESIDENCY,Independent,183,0
2023,Assembly,KA,MANDYA,189,12,N. BASAVARAJU,Independent,465,0
2023,Assembly,KA,MANDYA,189,13,LOLA BELLUNDAGERE,Independent,1021,1
2023,Assembly,KA,MANDYA,189,14,K.S. VIJAYANANDA,Independent,15195,139
2023,Assembly,KA,MANDYA,189,15,SENE SHIVARAMU H.C.,Independent,323,0
2023,Assembly,KA,MANDYA,189,16,NOTA,None of the Above,924,6
2023,Assembly,KA,SRIRANGAPATNA,190,1,ANANDA.P,Bahujan Samaj Party,768,9
2023,Assembly,KA,SRIRANGAPATNA,190,2,A.B. RAMESHA BANDISIDDEGOWDA,Indian National Congress,72234,583
2023,Assembly,KA,SRIRANGAPATNA,190,3,RAVINDRA SRIKANTAIAH,Janata Dal  (Secular),61273,407
2023,Assembly,KA,SRIRANGAPATNA,190,4,C.S. VENKATESHA,Aam Aadmi Party,1095,1
2023,Assembly,KA,SRIRANGAPATNA,190,5,S. SACCHIDANANDA,Bharatiya Janata Party,42079,227
2023,Assembly,KA,SRIRANGAPATNA,190,6,ANIL KUMAR,Aihra National Party,207,1
2023,Assembly,KA,SRIRANGAPATNA,190,7,ARUNA KUMARA H.M,Karnataka Rashtra Samithi,280,1
2023,Assembly,KA,SRIRANGAPATNA,190,8,HARISH.N,Indian Movement Party,71,0
2023,Assembly,KA,SRIRANGAPATNA,190,9,Y M GIRISHA,Independent,89,0
2023,Assembly,KA,SRIRANGAPATNA,190,10,PALAHALLI CHANDRASHEKAR,Independent,211,1
2023,Assembly,KA,SRIRANGAPATNA,190,11,H.D.JAVAREGOWDA,Independent,114,6
2023,Assembly,KA,SRIRANGAPATNA,190,12,DEVIKA.K,Independent,132,5
2023,Assembly,KA,SRIRANGAPATNA,190,13,BASAVARAJA SOMAVARADA,Independent,107,1
2023,Assembly,KA,SRIRANGAPATNA,190,14,M M Maheshagowda,Independent,409,4
2023,Assembly,KA,SRIRANGAPATNA,190,15,MOHANA KUMAR ALIAS KIRANGURU PAPU,Independent,252,0
2023,Assembly,KA,SRIRANGAPATNA,190,16,TAGGAHALLI VENKATESH,Independent,3241,25
2023,Assembly,KA,SRIRANGAPATNA,190,17,SRINIVASA G P,Independent,310,3
2023,Assembly,KA,SRIRANGAPATNA,190,18,NOTA,None of the Above,1043,5
2023,Assembly,KA,NAGAMANGALA,191,1,N. CHALUVARAYASWAMY,Indian National Congress,89801,833
2023,Assembly,KA,NAGAMANGALA,191,2,K.H.MAHADEVA,Bahujan Samaj Party,575,11
2023,Assembly,KA,NAGAMANGALA,191,3,YOGESH.B,Aam Aadmi Party,850,1
2023,Assembly,KA,NAGAMANGALA,191,4,SUDHA SHIVARAMEGOWDA,Bharatiya Janata Party,7683,86
2023,Assembly,KA,NAGAMANGALA,191,5,SURESHGOWDAA,Janata Dal  (Secular),85688,532
2023,Assembly,KA,NAGAMANGALA,191,6,YOGANANDA MURTHY,Indian Movement Party,280,0
2023,Assembly,KA,NAGAMANGALA,191,7,G.M. RAMESH,Karnataka Rashtra Samithi,190,1
2023,Assembly,KA,NAGAMANGALA,191,8,ARAVIND SREENIVAS PRAJAKEEYA,Uttama Prajaakeeya Party,653,1
2023,Assembly,KA,NAGAMANGALA,191,9,ANIKETHAN GOWDA,Independent,134,2
2023,Assembly,KA,NAGAMANGALA,191,10,N.S.ASHOKA,Independent,480,2
2023,Assembly,KA,NAGAMANGALA,191,11,PRAKASH.M.L,Independent,264,0
2023,Assembly,KA,NAGAMANGALA,191,12,B.M. MALLIKARJUN (FIGHTER RAVI),Independent,3275,18
2023,Assembly,KA,NAGAMANGALA,191,13,YOGESH,Independent,92,1
2023,Assembly,KA,NAGAMANGALA,191,14,T.SURESH,Independent,109,7
2023,Assembly,KA,NAGAMANGALA,191,15,NOTA,None of the Above,574,3
2023,Assembly,KA,KRISHNARAJPET,192,1,B.L.DEVARAJA,Indian National Congress,57939,363
2023,Assembly,KA,KRISHNARAJPET,192,2,NARAYANGOWDA,Bharatiya Janata Party,37793,358
2023,Assembly,KA,KRISHNARAJPET,192,3,BASTHI PRADEEPA,Bahujan Samaj Party,1587,25
2023,Assembly,KA,KRISHNARAJPET,192,4,H.T.MANJU,Janata Dal  (Secular),79844,802
2023,Assembly,KA,KRISHNARAJPET,192,5,SHIVANNA,Aam Aadmi Party,785,2
2023,Assembly,KA,KRISHNARAJPET,192,6,KISHORA A.C,Karnataka Rashtra Samithi,406,2
2023,Assembly,KA,KRISHNARAJPET,192,7,VIJAYARAMU H.J(SARANGI),Uttama Prajaakeeya Party,425,4
2023,Assembly,KA,KRISHNARAJPET,192,8,CHANDAN GOWDA.K,Independent,8460,37
2023,Assembly,KA,KRISHNARAJPET,192,9,NOTA,None of the Above,711,2
2023,Assembly,KA,SHRAVANABELAGOLA,193,1,M.A. GOPALASWAMY,Indian National Congress,78416,607
2023,Assembly,KA,SHRAVANABELAGOLA,193,2,CHIDHANANDA C.R,Bharatiya Janata Party,5585,63
2023,Assembly,KA,SHRAVANABELAGOLA,193,3,C.N. BALAKRISHNA,Janata Dal  (Secular),84511,1157
2023,Assembly,KA,SHRAVANABELAGOLA,193,4,MANJEGOWDA BADAKANAHALLI,Aam Aadmi Party,894,4
2023,Assembly,KA,SHRAVANABELAGOLA,193,5,R. RAJU KUNDURU,Bahujan Samaj Party,512,8
2023,Assembly,KA,SHRAVANABELAGOLA,193,6,KIRAN T.K,Uttama Prajaakeeya Party,771,8
2023,Assembly,KA,SHRAVANABELAGOLA,193,7,PAVITHRA J.K,Kalyana Rajya Pragathi Paksha,218,3
2023,Assembly,KA,SHRAVANABELAGOLA,193,8,H.D. REVANNA,Purvanchal Mahapanchayat,296,2
2023,Assembly,KA,SHRAVANABELAGOLA,193,9,SHIVAKUMARA,Karnataka Rashtra Samithi,160,0
2023,Assembly,KA,SHRAVANABELAGOLA,193,10,NATARAJ POOMADIHALI,Independent,221,10
2023,Assembly,KA,SHRAVANABELAGOLA,193,11,H.M. RAVI HULLENAHALLI,Independent,413,2
2023,Assembly,KA,SHRAVANABELAGOLA,193,12,DR|| SUBRAMANYA MUDRABETTU,Independent,526,13
2023,Assembly,KA,SHRAVANABELAGOLA,193,13,NOTA,None of the Above,659,8
2023,Assembly,KA,ARSIKERE,194,1,G.V.T. BASAVARAJA,Bharatiya Janata Party,6456,82
2023,Assembly,KA,ARSIKERE,194,2,K.M. SHIVALINGE GOWDA,Indian National Congress,97099,1276
2023,Assembly,KA,ARSIKERE,194,3,N.R. SANTHOSH,Janata Dal  (Secular),77006,1192
2023,Assembly,KA,ARSIKERE,194,4,UMESH BELAGUMBA,Karnataka Rashtra Samithi,668,2
2023,Assembly,KA,ARSIKERE,194,5,NAVEENA S.K. (SHANEGERE NAVEEN),Uttama Prajaakeeya Party,784,7
2023,Assembly,KA,ARSIKERE,194,6,HOLEYAPPA G,Lok Shakti,464,2
2023,Assembly,KA,ARSIKERE,194,7,D. KISHOR KUMAR,Independent,455,1
2023,Assembly,KA,ARSIKERE,194,8,NOTA,None of the Above,617,0
2023,Assembly,KA,BELUR,195,1,GANGADHAR BAHUJAN,Bahujan Samaj Party,1507,13
2023,Assembly,KA,BELUR,195,2,H.P. PARVATHE GOWDA,Aam Aadmi Party,1009,1
2023,Assembly,KA,BELUR,195,3,K.S. LINGESHA,Janata Dal  (Secular),38446,447
2023,Assembly,KA,BELUR,195,4,B. SHIVARAMU,Indian National Congress,55221,614
2023,Assembly,KA,BELUR,195,5,H.K. SURESH (HULLALLI SURESH),Bharatiya Janata Party,62628,943
2023,Assembly,KA,BELUR,195,6,ADESHA CHOWDANAHALLI,Karnataka Rashtra Samithi,469,6
2023,Assembly,KA,BELUR,195,7,D.D. LOKESH DEVIHALLI,Republican Party of India (Karnataka),153,1
2023,Assembly,KA,BELUR,195,8,DINESH GOWRIRAM,Independent,225,0
2023,Assembly,KA,BELUR,195,9,PARAMESHA N.M,Independent,428,0
2023,Assembly,KA,BELUR,195,10,HANIKE PRADEEPA,Independent,284,2
2023,Assembly,KA,BELUR,195,11,JAVAGAL MALLIKARJUN D.R,Independent,294,0
2023,Assembly,KA,BELUR,195,12,MAHESH B.R,Independent,549,14
2023,Assembly,KA,BELUR,195,13,NOTA,None of the Above,740,27
2023,Assembly,KA,HASSAN,196,1,Preetham J. Gowda,Bharatiya Janata Party,75110,2212
2023,Assembly,KA,HASSAN,196,2,H. B. Mallaiah,Bahujan Samaj Party,455,8
2023,Assembly,KA,HASSAN,196,3,Agile Yogish,Aam Aadmi Party,1299,2
2023,Assembly,KA,HASSAN,196,4,Banavase Rangaswamy,Indian National Congress,4241,64
2023,Assembly,KA,HASSAN,196,5,Swaroop Prakash,Janata Dal  (Secular),84005,1171
2023,Assembly,KA,HASSAN,196,6,V. Ramesh Bhuvanahalli,Karnataka Rashtra Samithi,452,0
2023,Assembly,KA,HASSAN,196,7,Swaroopa B. M,Purvanchal Mahapanchayat,905,7
2023,Assembly,KA,HASSAN,196,8,R. G. Sathisha Ramadevarapura,Independent,80,0
2023,Assembly,KA,HASSAN,196,9,H. V.  Swamy,Independent,139,0
2023,Assembly,KA,HASSAN,196,10,NOTA,None of the Above,848,40
2023,Assembly,KA,HOLENARASIPUR,197,1,GEETHA SHIVASWAMY,Aam Aadmi Party,2421,4
2023,Assembly,KA,HOLENARASIPUR,197,2,THARESHA H.S,Bahujan Samaj Party,683,11
2023,Assembly,KA,HOLENARASIPUR,197,3,G. DEVARAJEGOWDA,Bharatiya Janata Party,4764,86
2023,Assembly,KA,HOLENARASIPUR,197,4,H.D. REVANNA,Janata Dal  (Secular),86907,1196
2023,Assembly,KA,HOLENARASIPUR,197,5,SHREYAS M PATEL,Indian National Congress,84149,802
2023,Assembly,KA,HOLENARASIPUR,197,6,B.K. NAGARAJA,Karnataka Rashtra Samithi,1149,2
2023,Assembly,KA,HOLENARASIPUR,197,7,H.D. REVANNA,Purvanchal Mahapanchayat,2058,3
2023,Assembly,KA,HOLENARASIPUR,197,8,D.R. RANGASWAMY,Independent,446,3
2023,Assembly,KA,HOLENARASIPUR,197,9,NOTA,None of the Above,755,5
2023,Assembly,KA,ARKALGUD,198,1,B.T. JAVAREGOWDA,Aam Aadmi Party,2011,11
2023,Assembly,KA,ARKALGUD,198,2,A. MANJU,Janata Dal  (Secular),73605,1038
2023,Assembly,KA,ARKALGUD,198,3,H. YOGARAMESHA,Bharatiya Janata Party,19385,190
2023,Assembly,KA,ARKALGUD,198,4,H.P. SRIDHARGOWDA,Indian National Congress,35731,216
2023,Assembly,KA,ARKALGUD,198,5,HARISH ATHNI,Bahujan Samaj Party,2367,15
2023,Assembly,KA,ARKALGUD,198,6,KESHAVAMURTHY H.T,Karnataka Rashtra Samithi,569,6
2023,Assembly,KA,ARKALGUD,198,7,MANJUNATHA H.P,Bharatiya Dr. B.R.Ambedkar Janta Party,190,0
2023,Assembly,KA,ARKALGUD,198,8,SHIVARAJA G.R,Uttama Prajaakeeya Party,709,11
2023,Assembly,KA,ARKALGUD,198,9,M.T. KRISHNEGOWDA,Independent,54160,878
2023,Assembly,KA,ARKALGUD,198,10,PUTTARAJA,Independent,380,1
2023,Assembly,KA,ARKALGUD,198,11,PUNEETH B.R,Independent,373,13
2023,Assembly,KA,ARKALGUD,198,12,VIJAYA BHARATHI,Independent,134,2
2023,Assembly,KA,ARKALGUD,198,13,M.C. VISHWANATHA BISALAHALLI,Independent,472,1
2023,Assembly,KA,ARKALGUD,198,14,M.R. SHIVANNA,Independent,292,2
2023,Assembly,KA,ARKALGUD,198,15,SRINIVASA M.G,Independent,553,2
2023,Assembly,KA,ARKALGUD,198,16,NOTA,None of the Above,620,4
2023,Assembly,KA,SAKLESHPUR,199,1,KUMARASWAMY H.K,Janata Dal  (Secular),56113,435
2023,Assembly,KA,SAKLESHPUR,199,2,K.S. PAVAN KUMAR,Aam Aadmi Party,998,4
2023,Assembly,KA,SAKLESHPUR,199,3,MURALI MOHAN,Indian National Congress,42613,198
2023,Assembly,KA,SAKLESHPUR,199,4,CEMENT MANJU,Bharatiya Janata Party,58073,531
2023,Assembly,KA,SAKLESHPUR,199,5,D. SHIVAMMA,Bahujan Samaj Party,1522,14
2023,Assembly,KA,SAKLESHPUR,199,6,H.S. KUMARASWAMY,Karunaadu Party,641,4
2023,Assembly,KA,SAKLESHPUR,199,7,PRATHAP K.A,Uttama Prajaakeeya Party,990,10
2023,Assembly,KA,SAKLESHPUR,199,8,PRADEEPA BAYYA,Karnataka Rashtra Samithi,410,4
2023,Assembly,KA,SAKLESHPUR,199,9,RAVI G.C,Independent,313,1
2023,Assembly,KA,SAKLESHPUR,199,10,VENU M.R,Independent,783,10
2023,Assembly,KA,SAKLESHPUR,199,11,NOTA,None of the Above,1226,5
2023,Assembly,KA,BELTHANGADY,200,1,ASHRAF ALIKUNHI MUNDAJE,Janata Dal  (Secular),550,6
2023,Assembly,KA,BELTHANGADY,200,2,JANARDHANA BANGERA,Aam Aadmi Party,272,6
2023,Assembly,KA,BELTHANGADY,200,3,RAKSHITH SHIVARAM,Indian National Congress,81840,948
2023,Assembly,KA,BELTHANGADY,200,4,HARISH POONJA,Bharatiya Janata Party,99489,1515
2023,Assembly,KA,BELTHANGADY,200,5,AKBAR BELTHANGADY,Social Democratic Party Of India,2502,11
2023,Assembly,KA,BELTHANGADY,200,6,ADITHYA NARAYANA KOLLAJE,Sarvodaya Karnataka Paksha,452,2
2023,Assembly,KA,BELTHANGADY,200,7,SHAILEESH R .J.,Tuluvere Paksha,304,4
2023,Assembly,KA,BELTHANGADY,200,8,MAHESH AUTO,Independent,210,4
2023,Assembly,KA,BELTHANGADY,200,9,NOTA,None of the Above,886,6
2023,Assembly,KA,MOODABIDRI,201,1,DR.AMARASHREE AMARNATH SHETTY,Janata Dal  (Secular),1505,28
2023,Assembly,KA,MOODABIDRI,201,2,UMANATHA KOTIAN,Bharatiya Janata Party,85858,1067
2023,Assembly,KA,MOODABIDRI,201,3,MITHUN M RAI,Indian National Congress,63575,882
2023,Assembly,KA,MOODABIDRI,201,4,VIJAYNATH VITTAL SHETTY,Aam Aadmi Party,626,11
2023,Assembly,KA,MOODABIDRI,201,5,ALPHONSE  FRANKO,Social Democratic Party Of India,3606,11
2023,Assembly,KA,MOODABIDRI,201,6,DAYANANDA,Karnataka Rashtra Samithi,159,1
2023,Assembly,KA,MOODABIDRI,201,7,ISHWARA S. MOODUSHEDDE,Independent,232,4
2023,Assembly,KA,MOODABIDRI,201,8,DURGA PRASAD,Independent,315,4
2023,Assembly,KA,MOODABIDRI,201,9,NOTA,None of the Above,831,6
2023,Assembly,KA,MANGALORE CITY NORTH,202,1,INAYATH ALI,Indian National Congress,69891,718
2023,Assembly,KA,MANGALORE CITY NORTH,202,2,BHARATH SHETTY. Y.,Bharatiya Janata Party,102231,1300
2023,Assembly,KA,MANGALORE CITY NORTH,202,3,MOIDIN BAVA,Janata Dal  (Secular),5211,45
2023,Assembly,KA,MANGALORE CITY NORTH,202,4,SANDEEP P SHETTY,Aam Aadmi Party,485,8
2023,Assembly,KA,MANGALORE CITY NORTH,202,5,DHARMENDRA,Akhil Bharat Hindu Mahasabha,133,1
2023,Assembly,KA,MANGALORE CITY NORTH,202,6,B PRAVEEN CHANDRA RAO,Hindustan Janta Party Secular,107,0
2023,Assembly,KA,MANGALORE CITY NORTH,202,7,PRASHANTHA,Uttama Prajaakeeya Party,312,6
2023,Assembly,KA,MANGALORE CITY NORTH,202,8,YASHODHA,Karnataka Rashtra Samithi,137,29
2023,Assembly,KA,MANGALORE CITY NORTH,202,9,MAXIM PINTO,Independent,219,7
2023,Assembly,KA,MANGALORE CITY NORTH,202,10,H VINAYA ACHARYA,Independent,328,1
2023,Assembly,KA,MANGALORE CITY NORTH,202,11,NOTA,None of the Above,1184,10
2023,Assembly,KA,MANGALORE CITY SOUTH,203,1,J.R.LOBO,Indian National Congress,66451,1024
2023,Assembly,KA,MANGALORE CITY SOUTH,203,2,D.VEDAVYASA KAMATH,Bharatiya Janata Party,89998,1439
2023,Assembly,KA,MANGALORE CITY SOUTH,203,3,SUMATHI.S.HEGDE,Janata Dal  (Secular),689,20
2023,Assembly,KA,MANGALORE CITY SOUTH,203,4,K.SANTHOSH KAMATH,Aam Aadmi Party,616,9
2023,Assembly,KA,MANGALORE CITY SOUTH,203,5,DHARMENDRA,Akhil Bharat Hindu Mahasabha,68,5
2023,Assembly,KA,MANGALORE CITY SOUTH,203,6,WINNY PINTO,Karnataka Rashtra Samithi,101,5
2023,Assembly,KA,MANGALORE CITY SOUTH,203,7,SUPREETH KUMAR POOJARY,Janahitha Paksha,176,4
2023,Assembly,KA,MANGALORE CITY SOUTH,203,8,K.S.PAI,Independent,135,0
2023,Assembly,KA,MANGALORE CITY SOUTH,203,9,NOTA,None of the Above,1190,13
2023,Assembly,KA,MANGALORE,204,1,U.T. KHADER FAREED,Indian National Congress,82637,582
2023,Assembly,KA,MANGALORE,204,2,MOHAMMAD ASHRAF,Aam Aadmi Party,331,3
2023,Assembly,KA,MANGALORE,204,3,SATHISH KUMPALA,Bharatiya Janata Party,59660,769
2023,Assembly,KA,MANGALORE,204,4,RIYAZ FARANGIPETE,Social Democratic Party Of India,15029,25
2023,Assembly,KA,MANGALORE,204,5,DEEPAK RAJESH COELHO,Independent,240,3
2023,Assembly,KA,MANGALORE,204,6,NOTA,None of the Above,709,11
2023,Assembly,KA,BANTVAL,205,1,PURUSHOTHAMA GOWDA KOLPE,Aam Aadmi Party,491,4
2023,Assembly,KA,BANTVAL,205,2,PRAKASH GOMES,Janata Dal  (Secular),448,6
2023,Assembly,KA,BANTVAL,205,3,B. RAMANATH RAI,Indian National Congress,84193,849
2023,Assembly,KA,BANTVAL,205,4,RAJESH NAIK U,Bharatiya Janata Party,92047,1277
2023,Assembly,KA,BANTVAL,205,5,ILYAS MOHAMMED THUMBE,Social Democratic Party Of India,5431,5
2023,Assembly,KA,BANTVAL,205,6,NOTA,None of the Above,818,3
2023,Assembly,KA,PUTTUR,206,1,ASHOK KUMAR  RAI,Indian National Congress,65923,684
2023,Assembly,KA,PUTTUR,206,2,ASHA THIMMAPPA,Bharatiya Janata Party,36733,825
2023,Assembly,KA,PUTTUR,206,3,DIVYAPRABHA GOWDA,Janata Dal  (Secular),666,18
2023,Assembly,KA,PUTTUR,206,4,DR. B.K. VISHUKUMAR GOWDA,Aam Aadmi Party,644,6
2023,Assembly,KA,PUTTUR,206,5,SHAFFI BELLARE,Social Democratic Party Of India,2773,15
2023,Assembly,KA,PUTTUR,206,6,IVAN FERAO P.,Karnataka Rashtra Samithi,525,4
2023,Assembly,KA,PUTTUR,206,7,ARUN KUMAR PUTHILA,Independent,61628,830
2023,Assembly,KA,PUTTUR,206,8,SUNDARA KOILA,Independent,617,5
2023,Assembly,KA,PUTTUR,206,9,NOTA,None of the Above,856,10
2023,Assembly,KA,SULLIA,207,1,G. KRISHNAPPA RAMAKUNJA.,Indian National Congress,62345,692
2023,Assembly,KA,SULLIA,207,2,BHAGIRATHI MURULYA,Bharatiya Janata Party,92344,1567
2023,Assembly,KA,SULLIA,207,3,H. L. VENKATESH.,Janata Dal  (Secular),1812,38
2023,Assembly,KA,SULLIA,207,4,SUMANA BELLARKAR,Aam Aadmi Party,1566,21
2023,Assembly,KA,SULLIA,207,5,GANESHA. M (SUDHISH),Karnataka Rashtra Samithi,293,6
2023,Assembly,KA,SULLIA,207,6,"RAMESHA BOODU, SULLIA",Uttama Prajaakeeya Party,572,3
2023,Assembly,KA,SULLIA,207,7,SUNDER MERA,Kalyana Rajya Pragathi Paksha,388,10
2023,Assembly,KA,SULLIA,207,8,GURUVAPPA KALLUGUDDE,Independent,506,7
2023,Assembly,KA,SULLIA,207,9,NOTA,None of the Above,2533,29
2023,Assembly,KA,MADIKERI,208,1,APPACHU RANJAN M. P,Bharatiya Janata Party,79249,1228
2023,Assembly,KA,MADIKERI,208,2,A. A. DIVIL KUMAR.,Bahujan Samaj Party,621,15
2023,Assembly,KA,MADIKERI,208,3,BOPANNA. K.P,Aam Aadmi Party,400,7
2023,Assembly,KA,MADIKERI,208,4,NAPANDA MUTHAPPA,Janata Dal  (Secular),6109,124
2023,Assembly,KA,MADIKERI,208,5,DR. MANTAR GOWDA,Indian National Congress,83949,930
2023,Assembly,KA,MADIKERI,208,6,AMEEN MOHISIN,Social Democratic Party Of India,1426,10
2023,Assembly,KA,MADIKERI,208,7,RASHEEDA BEGUM,Indian Movement Party,84,0
2023,Assembly,KA,MADIKERI,208,8,K.B.RAJU,Republican Party of India,112,4
2023,Assembly,KA,MADIKERI,208,9,SRINIVASA RAI B.K.(SATHISH),Karnataka Pragnyavantha Janatha Party,106,10
2023,Assembly,KA,MADIKERI,208,10,K.R.S.SAJEER NELAT.,Karnataka Rashtra Samithi,154,1
2023,Assembly,KA,MADIKERI,208,11,H.M.SOMAPPA,Communist Party of India,504,9
2023,Assembly,KA,MADIKERI,208,12,KHALEEL M.,Independent,247,2
2023,Assembly,KA,MADIKERI,208,13,SHRUTHI. K.P.,Independent,210,12
2023,Assembly,KA,MADIKERI,208,14,HARISH G.ACHARYA,Independent,123,1
2023,Assembly,KA,MADIKERI,208,15,G.G. HEMANTH KUMAR.,Independent,251,2
2023,Assembly,KA,MADIKERI,208,16,NOTA,None of the Above,1502,14
2023,Assembly,KA,VIRAJPET,209,1,A.S.PONNANNA,Indian National Congress,83128,663
2023,Assembly,KA,VIRAJPET,209,2,K.G.BOPAIAH,Bharatiya Janata Party,78397,1103
2023,Assembly,KA,VIRAJPET,209,3,MANZOOR ALI M.A,Janata Dal  (Secular),1121,0
2023,Assembly,KA,VIRAJPET,209,4,CHIMMANAMADA  RAVINDRA,Aam Aadmi Party,252,2
2023,Assembly,KA,VIRAJPET,209,5,MANU SOMAIAH,Sarvodaya Karnataka Paksha,678,4
2023,Assembly,KA,VIRAJPET,209,6,S.Y.M. MASOOD FOUJDAR,Nationalist Congress Party,109,12
2023,Assembly,KA,VIRAJPET,209,7,SAJU. V.A. (BAVE),Karnataka Rashtra Samithi,117,6
2023,Assembly,KA,VIRAJPET,209,8,PONNETI K.DARSHAN,Independent,198,6
2023,Assembly,KA,VIRAJPET,209,9,ABDUL NASIR MAKKI,Independent,344,2
2023,Assembly,KA,VIRAJPET,209,10,NOTA,None of the Above,1630,6
2023,Assembly,KA,PIRIYAPATNA,210,1,PRADEEPA C.S,Bahujan Samaj Party,960,7
2023,Assembly,KA,PIRIYAPATNA,210,2,K. MAHADEVA,Janata Dal  (Secular),65740,529
2023,Assembly,KA,PIRIYAPATNA,210,3,RAJASHEKHAR DODDANNA,Aam Aadmi Party,1530,3
2023,Assembly,KA,PIRIYAPATNA,210,4,C.H. VIJAYA SHANKAR,Bharatiya Janata Party,7297,76
2023,Assembly,KA,PIRIYAPATNA,210,5,K. VENKATESH,Indian National Congress,85289,655
2023,Assembly,KA,PIRIYAPATNA,210,6,GURUMURTHY JOGANAHALLI,Karnataka Rashtra Samithi,716,0
2023,Assembly,KA,PIRIYAPATNA,210,7,NAVEEN KUMAR P.S,Uttama Prajaakeeya Party,499,7
2023,Assembly,KA,PIRIYAPATNA,210,8,KIRAN HARADUR,Independent,218,3
2023,Assembly,KA,PIRIYAPATNA,210,9,R. TUNGA SRINIVAS,Independent,644,2
2023,Assembly,KA,PIRIYAPATNA,210,10,SUBRAMANYA. B.S.,Independent,409,0
2023,Assembly,KA,PIRIYAPATNA,210,11,NOTA,None of the Above,612,9
2023,Assembly,KA,KRISHNARAJANAGARA,211,1,BHARATH KUMAR,Bahujan Samaj Party,544,1
2023,Assembly,KA,KRISHNARAJANAGARA,211,2,SA.RA. MAHESH.,Janata Dal  (Secular),77261,1602
2023,Assembly,KA,KRISHNARAJANAGARA,211,3,MURUGESH,Aam Aadmi Party,1118,2
2023,Assembly,KA,KRISHNARAJANAGARA,211,4,RAVISHANKAR.D.,Indian National Congress,103084,1418
2023,Assembly,KA,KRISHNARAJANAGARA,211,5,HOSAHALLI VENKATESH.,Bharatiya Janata Party,2337,13
2023,Assembly,KA,KRISHNARAJANAGARA,211,6,PARAMESHA,Karnataka Rashtra Samithi,274,2
2023,Assembly,KA,KRISHNARAJANAGARA,211,7,MOHAN. K.,Uttama Prajaakeeya Party,370,10
2023,Assembly,KA,KRISHNARAJANAGARA,211,8,SHIVU GOWDA,Independent,266,0
2023,Assembly,KA,KRISHNARAJANAGARA,211,9,NOTA,None of the Above,521,18
2023,Assembly,KA,HUNSUR,212,1,PRASANNA SOMANAHALLY,Bahujan Samaj Party,971,4
2023,Assembly,KA,HUNSUR,212,2,H.P.MANJUNATH,Indian National Congress,91782,472
2023,Assembly,KA,HUNSUR,212,3,G. RAVIKUMAR,Aam Aadmi Party,2910,2
2023,Assembly,KA,HUNSUR,212,4,DEVARAHALLI SOMASHEKARA,Bharatiya Janata Party,6215,43
2023,Assembly,KA,HUNSUR,212,5,G.D. HARISH GOWDA,Janata Dal  (Secular),94185,481
2023,Assembly,KA,HUNSUR,212,6,YEMMEKOPPAL THIMMABOVI,Karnataka Rashtra Samithi,759,2
2023,Assembly,KA,HUNSUR,212,7,SUNIL.D.N.,Uttama Prajaakeeya Party,649,5
2023,Assembly,KA,HUNSUR,212,8,UMESH,Independent,212,0
2023,Assembly,KA,HUNSUR,212,9,CHANNE GOWDA,Independent,448,1
2023,Assembly,KA,HUNSUR,212,10,H.B.RAJENDRA,Independent,178,0
2023,Assembly,KA,HUNSUR,212,11,LOKESHA B.L,Independent,332,0
2023,Assembly,KA,HUNSUR,212,12,SYED ANIF,Independent,399,2
2023,Assembly,KA,HUNSUR,212,13,NOTA,None of the Above,891,3
2023,Assembly,KA,HEGGADADEVANKOTE,213,1,ANIL CHIKKAMADHU,Indian National Congress,83983,376
2023,Assembly,KA,HEGGADADEVANKOTE,213,2,K.M. KRISHNANAYAKA,Bharatiya Janata Party,49189,231
2023,Assembly,KA,HEGGADADEVANKOTE,213,3,JAYAPRAKASHA CHIKKANNA,Janata Dal  (Secular),43247,272
2023,Assembly,KA,HEGGADADEVANKOTE,213,4,HOTEL SHIVANNA,Bahujan Samaj Party,880,5
2023,Assembly,KA,HEGGADADEVANKOTE,213,5,NAGESHA H M,Uttama Prajaakeeya Party,562,5
2023,Assembly,KA,HEGGADADEVANKOTE,213,6,K.V. RAJU,Samajwadi Janata Party(Karnataka),209,0
2023,Assembly,KA,HEGGADADEVANKOTE,213,7,SHIVAPPA H.M,Karnataka Rashtra Samithi,200,0
2023,Assembly,KA,HEGGADADEVANKOTE,213,8,GIRIJAMBA,Independent,272,2
2023,Assembly,KA,HEGGADADEVANKOTE,213,9,DEVADATTA G.N.,Independent,218,0
2023,Assembly,KA,HEGGADADEVANKOTE,213,10,A.M. BABU NAYAK,Independent,430,1
2023,Assembly,KA,HEGGADADEVANKOTE,213,11,M.S. SHIVAKUMAR,Independent,434,0
2023,Assembly,KA,HEGGADADEVANKOTE,213,12,SANNANAYKA,Independent,671,0
2023,Assembly,KA,HEGGADADEVANKOTE,213,13,NOTA,None of the Above,1180,4
2023,Assembly,KA,NANJANGUD,214,1,DARSHAN DHRUVANARAYANA,Indian National Congress,108582,543
2023,Assembly,KA,NANJANGUD,214,2,SRIKANTA,Bahujan Samaj Party,899,3
2023,Assembly,KA,NANJANGUD,214,3,H.HANUMAIAH,Aam Aadmi Party,482,1
2023,Assembly,KA,NANJANGUD,214,4,B. HARSHAVARDHAN,Bharatiya Janata Party,61114,404
2023,Assembly,KA,NANJANGUD,214,5,MADESHAN. R,Kalyana Rajya Pragathi Paksha,453,0
2023,Assembly,KA,NANJANGUD,214,6,M.P.VIJAY KUMAR,Karnataka Rashtra Samithi,164,0
2023,Assembly,KA,NANJANGUD,214,7,ANANDA JEEVAN RAM,Independent,126,0
2023,Assembly,KA,NANJANGUD,214,8,GOVINDARAJU. V,Independent,141,9
2023,Assembly,KA,NANJANGUD,214,9,G.D. RAJAGOPALA,Independent,159,0
2023,Assembly,KA,NANJANGUD,214,10,VIDYASAGAR. B,Independent,267,2
2023,Assembly,KA,NANJANGUD,214,11,H. K.SWAMY HARADANAHALLI,Independent,742,4
2023,Assembly,KA,NANJANGUD,214,12,SUBBAIAH,Independent,317,0
2023,Assembly,KA,NANJANGUD,214,13,NOTA,None of the Above,1450,2
2023,Assembly,KA,CHAMUNDESHWARI,215,1,KAVEESH GOWDA. V.,Bharatiya Janata Party,50807,511
2023,Assembly,KA,CHAMUNDESHWARI,215,2,KIRAN NAGESH KALYANI,Aam Aadmi Party,1883,7
2023,Assembly,KA,CHAMUNDESHWARI,215,3,JAYASHANKARA. J. (SHYAM),Bahujan Samaj Party,1381,12
2023,Assembly,KA,CHAMUNDESHWARI,215,4,G. T. DEVEGOWDA,Janata Dal  (Secular),103917,956
2023,Assembly,KA,CHAMUNDESHWARI,215,5,S. SIDDEGOWDA,Indian National Congress,78730,643
2023,Assembly,KA,CHAMUNDESHWARI,215,6,M. S. PRAVEEN.,Karnataka Rashtra Samithi,1065,5
2023,Assembly,KA,CHAMUNDESHWARI,215,7,SHIVANNA. B .,Karnataka Praja Party (RaithaParva),296,1
2023,Assembly,KA,CHAMUNDESHWARI,215,8,S. HARISHA,Uttama Prajaakeeya Party,2202,17
2023,Assembly,KA,CHAMUNDESHWARI,215,9,M. NAGARAJU,Independent,240,0
2023,Assembly,KA,CHAMUNDESHWARI,215,10,G. M. MAHADEVA,Independent,320,3
2023,Assembly,KA,CHAMUNDESHWARI,215,11,M. M. MAHESHA GOWDA,Independent,593,1
2023,Assembly,KA,CHAMUNDESHWARI,215,12,M. RANGASWAMY,Independent,627,5
2023,Assembly,KA,CHAMUNDESHWARI,215,13,SIDDEGOWDA,Independent,344,4
2023,Assembly,KA,CHAMUNDESHWARI,215,14,SURESH,Independent,328,0
2023,Assembly,KA,CHAMUNDESHWARI,215,15,NOTA,None of the Above,2207,13
2023,Assembly,KA,KRISHNARAJA,216,1,JAYASHREE.Y,Aam Aadmi Party,414,6
2023,Assembly,KA,KRISHNARAJA,216,2,K.V. MALLESH,Janata Dal  (Secular),4971,56
2023,Assembly,KA,KRISHNARAJA,216,3,C. SRINIVASA PRASAD,Bahujan Samaj Party,789,4
2023,Assembly,KA,KRISHNARAJA,216,4,T.S. SRIVATHSA,Bharatiya Janata Party,73021,649
2023,Assembly,KA,KRISHNARAJA,216,5,M.K. SOMASHEKAR,Indian National Congress,65969,488
2023,Assembly,KA,KRISHNARAJA,216,6,ALAGUDU LINGARAJU,Indian Movement Party,186,1
2023,Assembly,KA,KRISHNARAJA,216,7,SUMALATHA. S,Uttama Prajaakeeya Party,1155,4
2023,Assembly,KA,KRISHNARAJA,216,8,SOMASUNDER K.S,Karnataka Rashtra Samithi,237,1
2023,Assembly,KA,KRISHNARAJA,216,9,SANDHYA. P.S,Socialist Unity Centre Of India (COMMUNIST),115,0
2023,Assembly,KA,KRISHNARAJA,216,10,AMITHABA,Independent,79,0
2023,Assembly,KA,KRISHNARAJA,216,11,H.P. UDAYASHANKAR,Independent,86,0
2023,Assembly,KA,KRISHNARAJA,216,12,TEJASWI NAGALINGASWAMY,Independent,117,2
2023,Assembly,KA,KRISHNARAJA,216,13,H.N. PARTHASARATHY,Independent,121,3
2023,Assembly,KA,KRISHNARAJA,216,14,S PRAKAASH PRIYYADARSSHAN,Independent,99,1
2023,Assembly,KA,KRISHNARAJA,216,15,B. ROHITH KUMAR,Independent,99,1
2023,Assembly,KA,KRISHNARAJA,216,16,A.S. SATHISH,Independent,237,2
2023,Assembly,KA,KRISHNARAJA,216,17,SUNDHALLY SOMASHEKARA,Independent,102,1
2023,Assembly,KA,KRISHNARAJA,216,18,NOTA,None of the Above,1301,5
2023,Assembly,KA,CHAMARAJA,217,1,CHANDRASHEKAR,Bahujan Samaj Party,362,1
2023,Assembly,KA,CHAMARAJA,217,2,L. NAGENDRA.,Bharatiya Janata Party,68418,419
2023,Assembly,KA,CHAMARAJA,217,3,MALAVIKA GUBBIVANI,Aam Aadmi Party,783,6
2023,Assembly,KA,CHAMARAJA,217,4,H. K. RAMESH (RAVI) M.B.A,Janata Dal  (Secular),4488,61
2023,Assembly,KA,CHAMARAJA,217,5,K. HARISH GOWDA,Indian National Congress,72519,412
2023,Assembly,KA,CHAMARAJA,217,6,D.P.K. PARAMESH,Karnataka Rashtra Samithi,286,1
2023,Assembly,KA,CHAMARAJA,217,7,M. PANCHALINGU,Country Citizen Party,63,0
2023,Assembly,KA,CHAMARAJA,217,8,PRABHA NANDISH,Uttama Prajaakeeya Party,904,3
2023,Assembly,KA,CHAMARAJA,217,9,SEEMA.G.S.,Socialist Unity Centre Of India (COMMUNIST),78,2
2023,Assembly,KA,CHAMARAJA,217,10,MANOJKUMAR. M,Independent,143,2
2023,Assembly,KA,CHAMARAJA,217,11,R. YOGANARASIMHAMURTHY,Independent,123,0
2023,Assembly,KA,CHAMARAJA,217,12,SALEEM AHAMED,Independent,90,1
2023,Assembly,KA,CHAMARAJA,217,13,SIDDARAJU H D. (KAVERI MESS),Independent,106,0
2023,Assembly,KA,CHAMARAJA,217,14,T.S. SURESH,Independent,163,0
2023,Assembly,KA,CHAMARAJA,217,15,NOTA,None of the Above,1175,6
2023,Assembly,KA,NARASIMHARAJA,218,1,ABDUL KHADER (SHAHID),Janata Dal  (Secular),3511,37
2023,Assembly,KA,NARASIMHARAJA,218,2,TANVEER SAIT,Indian National Congress,82893,587
2023,Assembly,KA,NARASIMHARAJA,218,3,DHARMASHREE,Aam Aadmi Party,689,7
2023,Assembly,KA,NARASIMHARAJA,218,4,S. SATHEESH SANDESH SWAMY,Bharatiya Janata Party,51802,558
2023,Assembly,KA,NARASIMHARAJA,218,5,ABDUL MAJEED,Social Democratic Party Of India,40971,66
2023,Assembly,KA,NARASIMHARAJA,218,6,KHALEEL UR RAHMAN SHARIFF,All India Mahila Empowerment Party,126,0
2023,Assembly,KA,NARASIMHARAJA,218,7,REHANA BANU,Nationalist Congress Party,132,2
2023,Assembly,KA,NARASIMHARAJA,218,8,LEELASHIVAKUMAR,Uttama Prajaakeeya Party,781,5
2023,Assembly,KA,NARASIMHARAJA,218,9,VINOD CHACKO,Republican Party of India,119,1
2023,Assembly,KA,NARASIMHARAJA,218,10,SUNDAR PREM KUMAR,Karnataka Rashtra Samithi,196,0
2023,Assembly,KA,NARASIMHARAJA,218,11,NEELAKANTA M N,Independent,79,1
2023,Assembly,KA,NARASIMHARAJA,218,12,R.C. RAJ. (VASANTHAKUMAR),Independent,150,0
2023,Assembly,KA,NARASIMHARAJA,218,13,ROBERT E. KAVANRAG,Independent,231,4
2023,Assembly,KA,NARASIMHARAJA,218,14,LINGARAJ. M,Independent,91,0
2023,Assembly,KA,NARASIMHARAJA,218,15,G. LOKESH KUMAR,Independent,207,2
2023,Assembly,KA,NARASIMHARAJA,218,16,SHIVANNA GB,Independent,346,0
2023,Assembly,KA,NARASIMHARAJA,218,17,ALI SHAN. S,Independent,138,0
2023,Assembly,KA,NARASIMHARAJA,218,18,NOTA,None of the Above,1197,12
2023,Assembly,KA,VARUNA,219,1,KRISHNAMURTHY. M,Bahujan Samaj Party,1075,3
2023,Assembly,KA,VARUNA,219,2,Dr|| BHARATHI SHANKAR N. L.,Janata Dal  (Secular),1034,3
2023,Assembly,KA,VARUNA,219,3,RAJESH,Aam Aadmi Party,563,1
2023,Assembly,KA,VARUNA,219,4,SIDDARAMAIAH,Indian National Congress,119430,386
2023,Assembly,KA,VARUNA,219,5,V. SOMANNA,Bharatiya Janata Party,73424,229
2023,Assembly,KA,VARUNA,219,6,ARUN LINGA KANNADA CHAKRAVARTHI,Kannada Deshada Paksha,416,0
2023,Assembly,KA,VARUNA,219,7,N. AMBARISH KADAMBA NAA AMBARISH,Karnataka Jantha Paksha,241,1
2023,Assembly,KA,VARUNA,219,8,K. NAGESHA NAIKA,Samajwadi Janata Party(Karnataka),119,0
2023,Assembly,KA,VARUNA,219,9,MAHADEVASWAMY .R,Uttama Prajaakeeya Party,413,1
2023,Assembly,KA,VARUNA,219,10,RAVIKUMAR. M,Karnataka Rashtra Samithi,219,1
2023,Assembly,KA,VARUNA,219,11,SHIVA .E,Karnataka Praja Party (RaithaParva),160,0
2023,Assembly,KA,VARUNA,219,12,CHETHAN. E,Independent,281,5
2023,Assembly,KA,VARUNA,219,13,PYARIJAN,Independent,386,2
2023,Assembly,KA,VARUNA,219,14,M. MAHESH,Independent,199,0
2023,Assembly,KA,VARUNA,219,15,DR. U. P. SHIVANANDA,Independent,153,0
2023,Assembly,KA,VARUNA,219,16,NOTA,None of the Above,634,0
2023,Assembly,KA,T.NARASIPUR,220,1,ASHVIN KUMAR M,Janata Dal  (Secular),58960,305
2023,Assembly,KA,T.NARASIPUR,220,2,B R PUTTASWAMY,Bahujan Samaj Party,988,4
2023,Assembly,KA,T.NARASIPUR,220,3,DR. H C MAHADEVAPPA,Indian National Congress,77494,390
2023,Assembly,KA,T.NARASIPUR,220,4,DR. M. REVANNA,Bharatiya Janata Party,20252,137
2023,Assembly,KA,T.NARASIPUR,220,5,SIDDARAJU M,Aam Aadmi Party,566,2
2023,Assembly,KA,T.NARASIPUR,220,6,CHANDRAPPA N,Rani Chennamma Party,120,0
2023,Assembly,KA,T.NARASIPUR,220,7,M D MANJUNATHA,Karnataka Rashtra Samithi,170,0
2023,Assembly,KA,T.NARASIPUR,220,8,R RENUKA SURESH,Country Citizen Party,174,5
2023,Assembly,KA,T.NARASIPUR,220,9,A N SHIVALINGAPPA,Samajwadi Janata Party(Karnataka),259,2
2023,Assembly,KA,T.NARASIPUR,220,10,SRINIVASA,Indian Movement Party,254,1
2023,Assembly,KA,T.NARASIPUR,220,11,K KENCHAIAH,Independent,501,3
2023,Assembly,KA,T.NARASIPUR,220,12,DR. ALAGUD S. CHANDRASHEKHAR,Independent,334,0
2023,Assembly,KA,T.NARASIPUR,220,13,NOTA,None of the Above,1331,4
2023,Assembly,KA,HANUR,221,1,R. NARENDRA,Indian National Congress,57694,284
2023,Assembly,KA,HANUR,221,2,Dr. PREETHAN .K.N,Bharatiya Janata Party,35567,303
2023,Assembly,KA,HANUR,221,3,MADESHA .M,Bahujan Samaj Party,1291,11
2023,Assembly,KA,HANUR,221,4,M.R. MANJUNATH,Janata Dal  (Secular),75034,598
2023,Assembly,KA,HANUR,221,5,HARISH .K,Aam Aadmi Party,2514,1
2023,Assembly,KA,HANUR,221,6,T JOHN PETER,Republican Party of India,1596,0
2023,Assembly,KA,HANUR,221,7,N. PRADEEP KUMAR,Uttama Prajaakeeya Party,437,0
2023,Assembly,KA,HANUR,221,8,G. MURUGESHAN,Karnataka Praja Party (RaithaParva),129,2
2023,Assembly,KA,HANUR,221,9,D. SHRIKANTASWAMY,Sarvodaya Karnataka Paksha,666,0
2023,Assembly,KA,HANUR,221,10,SIDDAPPA .R,Country Citizen Party,114,1
2023,Assembly,KA,HANUR,221,11,SURESH .M,Karnataka Rashtra Samithi,176,0
2023,Assembly,KA,HANUR,221,12,M. NAGARAJU,Independent,227,0
2023,Assembly,KA,HANUR,221,13,PRADEEP KUMAR M.,Independent,434,2
2023,Assembly,KA,HANUR,221,14,MUZAMIL PASHA,Independent,256,0
2023,Assembly,KA,HANUR,221,15,T. MUTHURAJU,Independent,324,1
2023,Assembly,KA,HANUR,221,16,RAJASHEKHAR,Independent,846,1
2023,Assembly,KA,HANUR,221,17,C. SIDDARTHAN,Independent,894,0
2023,Assembly,KA,HANUR,221,18,SELVARAJ .S,Independent,361,0
2023,Assembly,KA,HANUR,221,19,NOTA,None of the Above,596,6
2023,Assembly,KA,KOLLEGAL,222,1,A.R.Krishnamurthy,Indian National Congress,107380,983
2023,Assembly,KA,KOLLEGAL,222,2,Kemparaju. B,Aam Aadmi Party,806,1
2023,Assembly,KA,KOLLEGAL,222,3,B.Puttaswamy,Janata Dal  (Secular),3855,70
2023,Assembly,KA,KOLLEGAL,222,4,N.Mahesh,Bharatiya Janata Party,48403,441
2023,Assembly,KA,KOLLEGAL,222,5,Ningaraj.G,Karnataka Praja Party (RaithaParva),290,1
2023,Assembly,KA,KOLLEGAL,222,6,Ningaraju.S,Karnataka Jantha Paksha,171,2
2023,Assembly,KA,KOLLEGAL,222,7,N.Ravikumar,Karnataka Rashtra Samithi,142,0
2023,Assembly,KA,KOLLEGAL,222,8,V.Vinay Kumar,Uttama Prajaakeeya Party,1017,5
2023,Assembly,KA,KOLLEGAL,222,9,Vinod.S,Bharathiya Belaku Party,143,0
2023,Assembly,KA,KOLLEGAL,222,10,Kandalli Mahesh,Independent,349,3
2023,Assembly,KA,KOLLEGAL,222,11,"B.Rachaiah, KInakahalli",Independent,1504,15
2023,Assembly,KA,KOLLEGAL,222,12,Raju.K,Independent,218,0
2023,Assembly,KA,KOLLEGAL,222,13,Rajesh.M,Independent,308,1
2023,Assembly,KA,KOLLEGAL,222,14,NOTA,None of the Above,1664,7
2023,Assembly,KA,CHAMARAJANAGAR,223,1,Dr.Guruprasad,Aam Aadmi Party,923,2
2023,Assembly,KA,CHAMARAJANAGAR,223,2,C. Puttarangashetty,Indian National Congress,83136,722
2023,Assembly,KA,CHAMARAJANAGAR,223,3,Mallikarjuna swamy A .M,Janata Dal  (Secular),1077,5
2023,Assembly,KA,CHAMARAJANAGAR,223,4,HA.RA.MAHESH,Bahujan Samaj Party,6373,88
2023,Assembly,KA,CHAMARAJANAGAR,223,5,V.Somanna,Bharatiya Janata Party,75753,572
2023,Assembly,KA,CHAMARAJANAGAR,223,6,Abhilash.K,Uttama Prajaakeeya Party,896,0
2023,Assembly,KA,CHAMARAJANAGAR,223,7,G.M.Gadkar,Samajwadi Janata Party(Karnataka),183,1
2023,Assembly,KA,CHAMARAJANAGAR,223,8,P.Gurusiddappa,Bharathiya Belaku Party,270,0
2023,Assembly,KA,CHAMARAJANAGAR,223,9,M.Nagendra Babu,Karnataka Jantha Paksha,147,0
2023,Assembly,KA,CHAMARAJANAGAR,223,10,Prasanna Kumar.B,Karnataka Praja Party (RaithaParva),202,0
2023,Assembly,KA,CHAMARAJANAGAR,223,11,H.C Mahesh Kumar,Sarvodaya Karnataka Paksha,197,1
2023,Assembly,KA,CHAMARAJANAGAR,223,12,Vatal Nagaraj,Kannada Chalavali Vatal Paksha,654,4
2023,Assembly,KA,CHAMARAJANAGAR,223,13,C.L.SRINIVAS SHASTHTI,Karnataka Rashtra Samithi,210,1
2023,Assembly,KA,CHAMARAJANAGAR,223,14,Nagesha.K,Independent,277,0
2023,Assembly,KA,CHAMARAJANAGAR,223,15,Ningaraju,Independent,569,0
2023,Assembly,KA,CHAMARAJANAGAR,223,16,NOTA,None of the Above,790,4
2023,Assembly,KA,GUNDLUPET,224,1,H.M.Ganesh Prasad,Indian National Congress,107101,693
2023,Assembly,KA,GUNDLUPET,224,2,D.Govindaraju,Bahujan Samaj Party,1227,7
2023,Assembly,KA,GUNDLUPET,224,3,C.S. Niranjan Kumar,Bharatiya Janata Party,70605,514
2023,Assembly,KA,GUNDLUPET,224,4,Mahadevaprasad M.,Aam Aadmi Party,506,1
2023,Assembly,KA,GUNDLUPET,224,5,Manjunatha K.S.,Janata Dal  (Secular),1839,11
2023,Assembly,KA,GUNDLUPET,224,6,N. Ambarish,Karnataka Jantha Paksha,119,1
2023,Assembly,KA,GUNDLUPET,224,7,Girish.K,Karnataka Rashtra Samithi,78,0
2023,Assembly,KA,GUNDLUPET,224,8,K.Basavashetty,Bharathiya Belaku Party,76,1
2023,Assembly,KA,GUNDLUPET,224,9,Jayashree,Independent,145,3
2023,Assembly,KA,GUNDLUPET,224,10,Tippu Sulthan,Independent,169,0
2023,Assembly,KA,GUNDLUPET,224,11,H.S.Thontadharyaswamy,Independent,105,1
2023,Assembly,KA,GUNDLUPET,224,12,Prathap.M,Independent,184,0
2023,Assembly,KA,GUNDLUPET,224,13,Mahesha M.,Independent,297,0
2023,Assembly,KA,GUNDLUPET,224,14,Siddaraju H.S.,Independent,547,0
2023,Assembly,KA,GUNDLUPET,224,15,M.P.Sunil,Independent,2211,16
2023,Assembly,KA,GUNDLUPET,224,16,NOTA,None of the Above,1530,8
